<?xml version="1.0" encoding="UTF-8"?>
<X3D profile="Interchange" version="3.3">
<X3D xmlns:xsd="http://www.w3.org/2001/XMLSchema-instance" xsd:noNamespaceSchemaLocation="http://www.web3d.org/specifications/x3d-3.1.xsd" profile="Immersive" version="3.1">
 <head>
  <meta name="title" content="Practica_M2_T5_CarmenSanchezBarcia.x3d"/>
  <meta name="description" content="Generated from Meshlab X3D Exported"/>
  <meta name="created" content="2 diciembre 2025"/>
  <meta name="generator" content="Meshlab X3D Exported, https://www.meshlab.net"/>
 </head>
 <Scene>
  <Shape>
   <Appearance>
    <ImageTexture url="Practica_M2_T5_CarmenSanchezBarcia.png"/>
   </Appearance>
   <IndexedFaceSet coordIndex="0 1 2 -1 2 3 0 -1 0 3 4 -1 0 4 5 -1 5 4 6 -1 5 6 7 -1 7 6 8 -1 9 7 8 -1 10 9 8 -1 11 9 10 -1 10 12 11 -1 13 11 12 -1 14 13 12 -1 15 13 14 -1 14 16 15 -1 17 15 16 -1 16 18 17 -1 19 17 18 -1 18 20 19 -1 19 20 21 -1 22 19 21 -1 23 22 21 -1 24 22 23 -1 25 24 23 -1 26 25 23 -1 27 25 26 -1 28 27 26 -1 29 25 27 -1 30 27 28 -1 31 27 30 -1 29 27 31 -1 32 31 30 -1 30 33 32 -1 34 32 33 -1 35 3 2 -1 4 3 36 -1 3 35 37 -1 36 3 37 -1 4 36 38 -1 6 4 38 -1 39 6 38 -1 8 6 39 -1 40 8 39 -1 8 40 10 -1 10 40 41 -1 10 41 12 -1 42 12 41 -1 14 12 42 -1 42 43 14 -1 16 14 43 -1 18 16 44 -1 44 16 43 -1 18 45 20 -1 44 45 18 -1 20 45 46 -1 20 46 21 -1 21 46 47 -1 21 47 23 -1 23 47 48 -1 23 48 26 -1 26 48 49 -1 26 49 28 -1 28 49 50 -1 50 51 28 -1 28 51 30 -1 51 52 30 -1 30 52 33 -1 52 53 33 -1 36 37 54 -1 55 56 37 -1 37 56 54 -1 39 38 57 -1 58 39 57 -1 36 54 38 -1 54 59 38 -1 38 59 57 -1 60 61 42 -1 43 42 61 -1 61 62 43 -1 44 43 62 -1 62 63 44 -1 45 44 63 -1 46 45 63 -1 64 46 63 -1 47 46 64 -1 48 47 64 -1 64 65 48 -1 49 48 65 -1 65 66 49 -1 50 49 66 -1 67 50 66 -1 68 50 67 -1 69 50 68 -1 51 50 69 -1 69 70 52 -1 52 51 69 -1 39 58 40 -1 53 52 70 -1 58 71 41 -1 41 40 58 -1 72 41 71 -1 42 41 72 -1 60 42 72 -1 59 54 56 -1 73 57 59 -1 57 74 75 -1 76 74 73 -1 76 77 74 -1 55 78 79 -1 55 79 56 -1 75 74 77 -1 56 79 59 -1 59 79 73 -1 80 75 77 -1 73 74 57 -1 73 79 76 -1 81 79 78 -1 79 81 76 -1 82 76 81 -1 82 83 76 -1 58 57 75 -1 58 75 71 -1 75 80 71 -1 71 80 72 -1 72 80 84 -1 60 72 84 -1 60 85 61 -1 85 60 84 -1 85 86 61 -1 62 61 86 -1 86 87 62 -1 63 62 87 -1 88 63 87 -1 64 63 88 -1 88 89 64 -1 65 64 89 -1 90 65 89 -1 65 90 66 -1 66 90 91 -1 66 91 67 -1 68 92 69 -1 93 69 92 -1 69 93 70 -1 94 82 81 -1 94 95 96 -1 97 96 95 -1 96 82 94 -1 83 96 98 -1 82 96 83 -1 83 98 99 -1 100 96 97 -1 101 102 103 -1 98 96 100 -1 104 99 98 -1 101 105 106 -1 102 101 107 -1 84 103 85 -1 85 103 102 -1 86 102 108 -1 85 102 86 -1 86 108 87 -1 109 87 108 -1 88 87 109 -1 109 110 88 -1 89 88 110 -1 89 110 111 -1 89 111 90 -1 112 77 76 -1 111 113 90 -1 91 90 113 -1 67 91 113 -1 114 67 113 -1 68 114 92 -1 114 115 92 -1 116 92 115 -1 92 116 93 -1 112 76 83 -1 83 99 117 -1 83 117 112 -1 99 104 118 -1 99 118 119 -1 119 117 99 -1 117 119 120 -1 77 112 121 -1 112 117 122 -1 112 122 121 -1 120 122 117 -1 122 120 123 -1 77 103 80 -1 103 77 101 -1 80 103 84 -1 77 105 101 -1 121 105 77 -1 105 121 124 -1 124 121 125 -1 121 122 126 -1 122 123 126 -1 121 126 127 -1 125 121 127 -1 105 128 129 -1 124 128 105 -1 94 130 95 -1 131 130 94 -1 132 95 130 -1 132 133 97 -1 97 95 132 -1 133 134 97 -1 98 100 135 -1 98 135 104 -1 118 104 136 -1 119 118 137 -1 137 138 119 -1 119 138 120 -1 125 139 124 -1 140 124 139 -1 126 123 141 -1 127 126 141 -1 127 141 142 -1 128 124 140 -1 128 140 143 -1 143 129 128 -1 129 143 144 -1 105 129 145 -1 129 144 146 -1 106 107 101 -1 102 107 108 -1 105 145 106 -1 129 146 145 -1 147 145 146 -1 148 106 145 -1 106 148 149 -1 149 148 150 -1 149 107 106 -1 107 149 151 -1 151 152 107 -1 151 149 153 -1 151 153 154 -1 149 150 155 -1 155 153 149 -1 152 108 107 -1 156 108 152 -1 109 108 156 -1 157 109 156 -1 158 152 151 -1 152 158 156 -1 154 158 151 -1 158 154 159 -1 154 153 160 -1 161 154 160 -1 161 159 154 -1 156 158 159 -1 159 157 156 -1 157 159 162 -1 163 162 159 -1 159 161 164 -1 165 164 161 -1 164 165 166 -1 159 164 163 -1 166 163 164 -1 109 157 167 -1 109 167 110 -1 110 167 168 -1 168 111 110 -1 111 168 169 -1 157 162 167 -1 167 162 170 -1 170 168 167 -1 170 115 168 -1 115 169 168 -1 169 113 111 -1 113 169 114 -1 115 114 169 -1 68 67 114 -1 130 131 171 -1 134 132 172 -1 133 132 134 -1 97 173 100 -1 173 97 134 -1 135 100 173 -1 104 135 174 -1 136 104 174 -1 175 136 174 -1 136 137 118 -1 138 137 176 -1 138 177 120 -1 177 138 176 -1 120 177 123 -1 123 177 178 -1 179 123 178 -1 141 123 179 -1 180 125 181 -1 139 125 180 -1 140 139 180 -1 179 182 141 -1 142 141 182 -1 125 127 181 -1 142 181 127 -1 143 140 183 -1 144 143 183 -1 184 144 183 -1 185 144 184 -1 146 144 185 -1 186 146 185 -1 187 146 186 -1 147 146 187 -1 148 145 147 -1 148 147 188 -1 189 148 188 -1 150 148 189 -1 150 190 155 -1 155 191 153 -1 155 192 191 -1 192 155 190 -1 193 153 191 -1 160 153 193 -1 161 160 194 -1 195 161 194 -1 161 195 165 -1 165 195 196 -1 165 196 166 -1 166 196 197 -1 198 190 189 -1 192 190 198 -1 191 192 199 -1 194 160 193 -1 200 194 193 -1 192 198 199 -1 194 200 195 -1 195 200 201 -1 201 196 195 -1 202 134 172 -1 203 134 202 -1 173 134 203 -1 175 137 136 -1 176 137 204 -1 180 181 205 -1 180 206 140 -1 142 182 207 -1 181 142 205 -1 207 205 142 -1 140 206 183 -1 187 186 208 -1 209 187 208 -1 147 187 209 -1 209 188 147 -1 190 150 189 -1 202 210 203 -1 174 135 173 -1 173 203 174 -1 175 174 211 -1 204 137 212 -1 176 204 213 -1 177 176 213 -1 178 177 213 -1 213 214 178 -1 214 179 178 -1 214 215 179 -1 182 179 215 -1 207 182 215 -1 183 206 216 -1 217 183 216 -1 184 183 217 -1 185 184 217 -1 218 186 185 -1 186 218 208 -1 219 209 208 -1 188 209 219 -1 189 188 219 -1 219 220 189 -1 198 189 220 -1 191 221 193 -1 221 191 199 -1 193 221 222 -1 200 193 222 -1 201 200 222 -1 199 198 220 -1 196 201 223 -1 174 203 210 -1 210 224 174 -1 211 174 224 -1 212 137 175 -1 213 204 212 -1 180 205 225 -1 206 225 216 -1 180 225 206 -1 205 207 226 -1 217 227 185 -1 218 185 227 -1 228 218 227 -1 208 218 228 -1 219 208 228 -1 229 220 219 -1 229 230 220 -1 221 199 230 -1 201 222 231 -1 199 220 230 -1 223 201 231 -1 210 202 232 -1 175 211 212 -1 213 212 233 -1 213 233 234 -1 234 214 213 -1 205 235 225 -1 236 225 235 -1 216 225 236 -1 215 234 237 -1 207 215 237 -1 214 234 215 -1 226 235 205 -1 227 238 228 -1 228 238 219 -1 217 216 239 -1 238 229 219 -1 240 221 241 -1 230 241 221 -1 222 240 242 -1 222 221 240 -1 222 243 231 -1 231 244 223 -1 210 232 245 -1 246 238 227 -1 224 210 245 -1 211 224 245 -1 238 247 229 -1 243 222 242 -1 233 212 248 -1 233 249 234 -1 235 250 236 -1 237 234 249 -1 226 207 237 -1 239 216 236 -1 217 239 251 -1 227 217 251 -1 252 253 239 -1 251 239 253 -1 227 251 246 -1 246 247 238 -1 229 247 254 -1 254 255 229 -1 241 230 255 -1 230 229 255 -1 240 256 242 -1 241 256 240 -1 248 249 233 -1 250 257 258 -1 250 235 257 -1 236 250 259 -1 239 236 259 -1 252 239 259 -1 251 253 260 -1 246 251 260 -1 261 246 260 -1 255 256 241 -1 242 256 262 -1 245 263 211 -1 212 211 263 -1 249 248 264 -1 265 258 257 -1 265 266 258 -1 257 235 267 -1 235 226 267 -1 250 258 266 -1 268 237 249 -1 267 237 268 -1 237 267 226 -1 259 250 266 -1 212 263 269 -1 248 212 269 -1 264 248 270 -1 268 249 264 -1 268 271 267 -1 272 267 273 -1 257 267 272 -1 259 266 274 -1 274 252 259 -1 253 252 275 -1 276 260 253 -1 276 261 260 -1 246 261 247 -1 256 255 277 -1 254 278 255 -1 262 256 277 -1 269 263 279 -1 269 270 248 -1 271 268 280 -1 271 273 267 -1 265 257 272 -1 274 266 265 -1 255 278 277 -1 254 247 278 -1 278 247 281 -1 281 282 278 -1 277 278 282 -1 283 284 270 -1 270 269 283 -1 270 284 264 -1 284 280 264 -1 264 280 268 -1 285 271 280 -1 273 271 286 -1 272 273 287 -1 288 272 287 -1 265 272 288 -1 274 265 288 -1 275 252 274 -1 275 276 253 -1 276 281 261 -1 247 261 281 -1 269 279 289 -1 283 269 289 -1 285 290 271 -1 286 290 291 -1 290 286 271 -1 287 286 291 -1 273 286 287 -1 274 292 275 -1 293 275 292 -1 276 275 293 -1 282 281 294 -1 284 283 295 -1 280 284 295 -1 285 280 295 -1 296 290 297 -1 290 285 297 -1 296 291 290 -1 298 287 291 -1 288 287 298 -1 274 288 292 -1 294 276 293 -1 281 276 294 -1 299 297 295 -1 285 295 297 -1 298 291 300 -1 288 298 301 -1 292 288 301 -1 302 303 299 -1 297 299 303 -1 304 291 296 -1 304 300 291 -1 296 297 303 -1 292 301 305 -1 293 292 305 -1 294 293 305 -1 306 294 305 -1 298 300 301 -1 306 305 307 -1 303 302 308 -1 309 303 308 -1 296 303 309 -1 310 300 304 -1 301 300 310 -1 305 301 311 -1 307 305 312 -1 313 309 308 -1 296 309 314 -1 296 315 304 -1 315 296 314 -1 310 304 315 -1 301 310 316 -1 311 301 316 -1 312 305 311 -1 317 307 312 -1 309 313 318 -1 314 309 318 -1 310 315 314 -1 319 311 316 -1 311 319 312 -1 312 320 317 -1 321 322 318 -1 322 321 323 -1 314 318 322 -1 310 314 324 -1 324 325 310 -1 316 310 325 -1 324 314 322 -1 319 320 312 -1 326 323 321 -1 325 324 327 -1 316 325 328 -1 324 329 327 -1 322 329 324 -1 322 323 329 -1 330 316 328 -1 328 329 330 -1 316 330 319 -1 330 331 319 -1 330 332 331 -1 320 319 331 -1 326 333 323 -1 333 334 335 -1 333 336 323 -1 335 336 333 -1 325 327 337 -1 328 325 337 -1 327 329 337 -1 323 336 329 -1 329 328 337 -1 329 336 330 -1 332 330 336 -1 335 332 336 -1 332 335 338 -1 332 339 331 -1 332 338 339 -1 340 341 334 -1 335 334 341 -1 342 335 341 -1 338 335 342 -1 343 344 345 -1 346 347 348 -1 347 349 350 -1 350 348 347 -1 349 351 352 -1 352 350 349 -1 353 354 351 -1 351 354 352 -1 353 355 354 -1 356 357 353 -1 353 357 355 -1 358 357 356 -1 359 358 356 -1 360 358 359 -1 361 360 359 -1 361 362 360 -1 363 362 361 -1 364 363 361 -1 364 365 363 -1 352 354 366 -1 367 357 358 -1 360 368 358 -1 362 369 360 -1 362 363 370 -1 363 365 370 -1 366 354 371 -1 354 355 371 -1 355 357 367 -1 367 358 372 -1 372 358 368 -1 373 368 360 -1 360 369 373 -1 362 370 374 -1 374 369 362 -1 375 374 370 -1 344 343 376 -1 348 377 346 -1 348 350 378 -1 378 350 379 -1 350 352 380 -1 380 379 350 -1 352 366 380 -1 381 343 382 -1 382 343 345 -1 376 343 381 -1 382 383 384 -1 384 381 382 -1 384 385 386 -1 383 385 384 -1 386 387 388 -1 385 387 386 -1 387 389 390 -1 390 388 387 -1 389 346 390 -1 390 346 377 -1 367 391 355 -1 355 391 371 -1 391 367 372 -1 368 373 392 -1 393 373 369 -1 394 393 369 -1 369 374 395 -1 396 397 374 -1 375 396 374 -1 391 372 398 -1 372 368 399 -1 392 373 393 -1 394 369 400 -1 369 395 400 -1 395 374 397 -1 398 372 399 -1 368 392 399 -1 401 366 402 -1 366 371 402 -1 377 348 403 -1 378 403 348 -1 366 401 380 -1 380 401 379 -1 391 404 371 -1 391 398 405 -1 406 398 399 -1 392 393 407 -1 394 407 393 -1 394 400 408 -1 409 408 400 -1 400 395 409 -1 395 397 409 -1 396 409 397 -1 410 371 404 -1 404 391 411 -1 405 411 391 -1 406 405 398 -1 406 399 412 -1 413 412 399 -1 399 392 413 -1 392 407 413 -1 414 413 407 -1 407 394 414 -1 408 414 394 -1 415 408 409 -1 409 396 415 -1 402 371 410 -1 411 405 416 -1 416 405 406 -1 417 416 418 -1 406 418 416 -1 418 406 412 -1 417 418 419 -1 419 418 420 -1 420 421 419 -1 418 412 420 -1 420 412 413 -1 422 421 420 -1 413 422 420 -1 422 413 423 -1 413 414 423 -1 422 423 424 -1 424 423 425 -1 425 426 424 -1 425 423 414 -1 427 425 428 -1 426 425 427 -1 408 425 414 -1 428 425 408 -1 428 429 427 -1 408 415 428 -1 430 428 415 -1 431 432 416 -1 411 416 432 -1 416 417 431 -1 431 417 433 -1 410 404 434 -1 434 435 410 -1 411 432 434 -1 404 411 434 -1 417 419 433 -1 433 421 436 -1 419 421 433 -1 421 422 436 -1 437 436 422 -1 422 424 437 -1 424 426 438 -1 438 437 424 -1 439 438 426 -1 426 427 439 -1 440 439 427 -1 427 429 440 -1 429 441 440 -1 429 428 442 -1 428 430 442 -1 401 402 443 -1 435 443 402 -1 402 410 435 -1 377 403 444 -1 403 378 445 -1 445 444 403 -1 445 379 446 -1 378 379 445 -1 401 447 379 -1 379 447 446 -1 448 376 381 -1 449 376 448 -1 384 450 381 -1 381 450 448 -1 386 451 384 -1 384 451 450 -1 452 453 388 -1 388 453 386 -1 386 453 451 -1 390 452 388 -1 444 454 377 -1 377 454 390 -1 390 454 452 -1 431 433 455 -1 433 436 456 -1 456 455 433 -1 457 456 436 -1 436 437 457 -1 458 457 437 -1 437 438 458 -1 438 439 458 -1 458 439 459 -1 439 440 459 -1 460 459 440 -1 440 441 460 -1 431 461 432 -1 455 461 431 -1 457 458 462 -1 463 462 458 -1 459 463 458 -1 447 401 464 -1 401 443 464 -1 435 434 465 -1 432 465 434 -1 455 456 466 -1 456 457 466 -1 457 462 466 -1 462 463 467 -1 468 467 463 -1 468 463 469 -1 463 459 469 -1 455 470 461 -1 470 455 471 -1 465 432 461 -1 455 466 471 -1 466 462 472 -1 473 472 462 -1 467 473 462 -1 446 447 474 -1 475 446 474 -1 447 464 474 -1 464 443 476 -1 435 465 443 -1 443 465 476 -1 477 448 450 -1 478 477 450 -1 479 448 480 -1 449 448 479 -1 448 477 480 -1 450 451 478 -1 481 478 451 -1 453 481 451 -1 453 452 482 -1 481 453 482 -1 452 454 482 -1 482 444 483 -1 454 444 482 -1 444 445 484 -1 483 444 484 -1 484 446 475 -1 445 446 484 -1 485 465 461 -1 471 466 472 -1 486 473 467 -1 468 486 467 -1 470 485 461 -1 474 464 487 -1 464 476 487 -1 465 485 476 -1 476 485 488 -1 471 472 489 -1 471 489 490 -1 491 489 472 -1 472 473 491 -1 492 491 473 -1 473 486 492 -1 493 492 486 -1 468 493 486 -1 492 493 494 -1 468 469 493 -1 485 495 488 -1 470 495 485 -1 490 495 470 -1 470 471 490 -1 490 489 496 -1 489 491 496 -1 492 496 491 -1 497 496 492 -1 494 497 492 -1 474 487 498 -1 476 488 487 -1 487 488 498 -1 499 479 500 -1 479 480 501 -1 501 500 479 -1 480 477 502 -1 502 501 480 -1 477 478 502 -1 502 478 503 -1 478 481 503 -1 503 482 504 -1 481 482 503 -1 504 482 505 -1 482 483 505 -1 505 483 506 -1 506 484 507 -1 483 484 506 -1 507 475 508 -1 484 475 507 -1 498 488 509 -1 495 509 488 -1 495 490 510 -1 490 496 510 -1 511 510 496 -1 496 497 511 -1 512 511 497 -1 497 494 512 -1 498 509 513 -1 509 495 514 -1 495 510 514 -1 515 514 510 -1 510 511 515 -1 508 475 516 -1 475 474 516 -1 516 474 517 -1 498 517 474 -1 517 498 518 -1 498 513 518 -1 519 515 511 -1 511 512 519 -1 517 518 520 -1 513 514 521 -1 509 514 513 -1 514 515 521 -1 521 515 522 -1 515 519 522 -1 523 516 520 -1 508 516 523 -1 516 517 520 -1 524 525 501 -1 501 525 500 -1 524 501 502 -1 526 524 502 -1 502 503 526 -1 527 526 503 -1 504 527 503 -1 504 505 528 -1 527 504 528 -1 529 528 506 -1 506 528 505 -1 507 529 506 -1 523 530 508 -1 508 530 507 -1 507 530 529 -1 529 530 523 -1 521 522 531 -1 520 518 532 -1 532 518 533 -1 518 513 533 -1 534 533 513 -1 513 521 534 -1 534 521 535 -1 521 531 535 -1 525 524 536 -1 524 537 536 -1 526 537 524 -1 538 537 526 -1 526 527 538 -1 539 538 527 -1 539 528 540 -1 527 528 539 -1 528 529 540 -1 541 540 529 -1 523 541 529 -1 541 523 542 -1 523 520 542 -1 532 542 520 -1 535 531 543 -1 533 544 545 -1 544 533 534 -1 534 535 544 -1 546 544 535 -1 546 535 543 -1 547 546 543 -1 537 538 548 -1 536 537 549 -1 549 537 548 -1 548 538 550 -1 538 551 550 -1 539 551 538 -1 539 540 552 -1 551 539 552 -1 552 540 553 -1 540 541 553 -1 553 541 554 -1 541 542 554 -1 554 542 532 -1 555 556 549 -1 557 550 558 -1 559 558 550 -1 560 561 552 -1 560 553 562 -1 554 532 545 -1 533 545 532 -1 563 545 544 -1 544 546 563 -1 564 563 546 -1 565 556 555 -1 556 565 566 -1 567 565 555 -1 567 557 568 -1 555 557 567 -1 567 568 569 -1 570 571 569 -1 565 567 569 -1 571 565 569 -1 569 572 570 -1 557 558 573 -1 573 568 557 -1 574 559 575 -1 558 559 573 -1 573 559 576 -1 577 578 579 -1 579 564 580 -1 580 577 579 -1 574 576 559 -1 574 581 582 -1 582 576 574 -1 581 574 575 -1 581 575 561 -1 580 583 577 -1 581 561 584 -1 584 561 585 -1 560 585 561 -1 560 562 586 -1 560 586 585 -1 568 572 569 -1 568 573 572 -1 573 576 572 -1 582 572 576 -1 572 582 587 -1 572 587 570 -1 587 588 570 -1 587 582 589 -1 587 589 590 -1 581 584 582 -1 582 584 591 -1 585 591 584 -1 591 589 582 -1 585 586 591 -1 587 590 592 -1 593 586 562 -1 554 593 562 -1 545 593 554 -1 591 586 594 -1 595 594 586 -1 593 595 586 -1 579 595 593 -1 593 545 563 -1 563 579 593 -1 579 578 595 -1 579 563 564 -1 555 549 548 -1 557 555 548 -1 550 557 548 -1 559 550 575 -1 575 550 551 -1 575 551 552 -1 561 575 552 -1 560 552 553 -1 553 554 562 -1 596 578 577 -1 577 583 596 -1 594 590 589 -1 594 589 591 -1 578 594 595 -1 592 588 587 -1 597 598 599 -1 599 598 600 -1 601 599 600 -1 600 602 601 -1 601 602 603 -1 603 602 604 -1 603 604 605 -1 606 607 605 -1 605 607 603 -1 597 608 598 -1 598 608 609 -1 610 345 344 -1 606 611 607 -1 607 611 612 -1 613 612 611 -1 612 613 614 -1 613 615 614 -1 614 615 616 -1 617 615 618 -1 616 615 617 -1 617 618 619 -1 619 618 620 -1 619 621 1 -1 620 621 619 -1 2 1 621 -1 622 598 609 -1 598 623 600 -1 602 600 623 -1 604 624 605 -1 624 625 605 -1 606 605 625 -1 626 606 625 -1 609 608 627 -1 611 606 628 -1 628 629 611 -1 613 611 629 -1 630 613 629 -1 613 630 615 -1 630 631 615 -1 630 632 631 -1 620 618 633 -1 634 615 631 -1 618 615 634 -1 633 618 634 -1 620 633 635 -1 636 620 635 -1 621 620 636 -1 35 621 636 -1 2 621 35 -1 623 598 622 -1 602 623 637 -1 602 638 604 -1 638 639 604 -1 624 604 639 -1 640 624 639 -1 625 624 640 -1 640 626 625 -1 606 626 641 -1 641 628 606 -1 628 642 629 -1 642 643 629 -1 644 629 643 -1 630 629 644 -1 645 630 644 -1 632 630 645 -1 646 631 632 -1 634 631 646 -1 646 647 634 -1 634 648 633 -1 648 634 647 -1 635 649 636 -1 650 636 649 -1 636 650 35 -1 37 35 650 -1 608 610 651 -1 651 627 608 -1 610 344 651 -1 622 637 623 -1 637 652 602 -1 652 638 602 -1 653 638 652 -1 638 654 639 -1 655 639 654 -1 655 640 639 -1 640 655 656 -1 640 657 626 -1 656 657 640 -1 626 657 658 -1 659 626 658 -1 641 626 659 -1 659 660 641 -1 628 661 662 -1 628 662 642 -1 642 662 663 -1 664 665 663 -1 663 665 642 -1 642 665 643 -1 666 667 643 -1 643 667 644 -1 633 648 668 -1 633 668 635 -1 635 668 669 -1 635 669 649 -1 649 669 670 -1 650 649 671 -1 671 649 670 -1 55 37 650 -1 650 671 78 -1 55 650 78 -1 653 654 638 -1 661 641 660 -1 628 641 661 -1 662 661 672 -1 663 662 672 -1 666 643 665 -1 666 673 667 -1 667 674 644 -1 674 645 644 -1 675 632 645 -1 646 676 647 -1 646 675 677 -1 676 646 677 -1 678 647 676 -1 648 647 678 -1 668 648 679 -1 679 648 678 -1 669 680 681 -1 669 681 670 -1 682 670 681 -1 653 652 683 -1 654 684 655 -1 657 685 658 -1 659 658 686 -1 656 655 684 -1 657 656 685 -1 660 659 687 -1 661 660 688 -1 688 689 661 -1 672 661 689 -1 663 672 690 -1 691 666 665 -1 673 666 691 -1 674 675 645 -1 674 692 675 -1 693 675 692 -1 677 675 693 -1 677 694 695 -1 695 676 677 -1 668 679 696 -1 669 668 696 -1 678 676 697 -1 676 695 697 -1 669 696 680 -1 698 681 680 -1 681 698 699 -1 682 699 700 -1 681 699 682 -1 671 682 701 -1 682 700 701 -1 81 78 671 -1 701 702 671 -1 671 702 81 -1 703 609 704 -1 622 609 703 -1 704 627 705 -1 609 627 704 -1 632 675 646 -1 671 670 682 -1 344 376 706 -1 627 651 707 -1 707 705 627 -1 651 344 706 -1 707 651 706 -1 637 622 708 -1 709 653 683 -1 654 653 709 -1 709 710 654 -1 684 654 710 -1 685 686 658 -1 656 684 711 -1 685 656 711 -1 687 659 686 -1 688 660 687 -1 672 689 712 -1 664 663 690 -1 713 673 691 -1 674 667 673 -1 673 714 674 -1 674 714 692 -1 693 692 715 -1 677 693 715 -1 716 692 714 -1 717 692 716 -1 715 692 717 -1 715 694 677 -1 678 718 679 -1 679 718 696 -1 680 696 718 -1 678 719 718 -1 718 698 680 -1 678 697 719 -1 719 697 720 -1 721 698 719 -1 721 699 698 -1 721 722 699 -1 699 723 700 -1 723 699 722 -1 702 701 724 -1 131 702 725 -1 702 94 81 -1 94 702 131 -1 724 701 726 -1 701 700 726 -1 726 700 727 -1 727 700 723 -1 728 694 729 -1 695 694 728 -1 697 695 720 -1 720 695 728 -1 652 637 708 -1 730 652 708 -1 730 683 652 -1 711 684 710 -1 685 711 731 -1 732 685 731 -1 732 733 685 -1 686 685 733 -1 687 734 688 -1 734 712 689 -1 689 688 734 -1 664 691 665 -1 735 691 664 -1 691 735 713 -1 687 686 736 -1 734 687 737 -1 738 672 712 -1 664 690 739 -1 690 672 738 -1 739 690 738 -1 713 735 740 -1 740 741 742 -1 740 673 713 -1 673 740 714 -1 714 740 743 -1 742 743 740 -1 742 741 744 -1 743 742 745 -1 745 742 744 -1 715 717 746 -1 715 747 694 -1 718 719 698 -1 719 748 721 -1 727 723 749 -1 749 723 722 -1 702 724 750 -1 750 725 702 -1 729 694 747 -1 703 708 622 -1 709 683 751 -1 732 752 733 -1 753 733 752 -1 712 734 754 -1 736 733 753 -1 686 733 736 -1 755 736 753 -1 755 737 687 -1 736 755 687 -1 756 737 755 -1 734 737 754 -1 756 754 737 -1 757 712 754 -1 738 712 757 -1 758 738 757 -1 739 738 759 -1 739 759 760 -1 760 759 761 -1 735 664 739 -1 735 739 760 -1 760 741 735 -1 741 760 761 -1 761 762 741 -1 735 741 740 -1 744 741 762 -1 716 743 763 -1 714 743 716 -1 745 763 743 -1 764 716 763 -1 746 717 764 -1 717 716 764 -1 745 744 765 -1 747 715 746 -1 719 720 766 -1 748 719 767 -1 722 721 748 -1 749 768 726 -1 726 727 749 -1 749 722 769 -1 750 724 770 -1 725 171 131 -1 725 750 171 -1 770 726 768 -1 726 770 724 -1 130 771 772 -1 130 772 132 -1 772 172 132 -1 773 172 772 -1 729 747 774 -1 728 729 775 -1 720 728 766 -1 730 776 683 -1 683 776 751 -1 751 777 710 -1 710 709 751 -1 711 710 777 -1 731 711 778 -1 779 731 778 -1 732 731 779 -1 752 732 779 -1 753 752 780 -1 755 753 780 -1 780 781 755 -1 756 755 781 -1 757 754 756 -1 759 738 758 -1 762 761 782 -1 765 762 782 -1 744 762 765 -1 783 763 784 -1 763 745 784 -1 764 763 783 -1 784 765 785 -1 745 765 784 -1 747 746 786 -1 767 719 766 -1 749 787 768 -1 788 787 749 -1 769 722 748 -1 788 749 769 -1 770 789 750 -1 171 750 789 -1 770 768 787 -1 787 788 790 -1 786 774 747 -1 729 774 791 -1 766 728 775 -1 703 704 792 -1 792 708 703 -1 704 705 793 -1 793 705 794 -1 793 792 704 -1 376 449 706 -1 794 707 795 -1 705 707 794 -1 707 706 796 -1 796 795 707 -1 706 449 796 -1 797 751 776 -1 777 751 797 -1 711 777 798 -1 778 711 798 -1 779 778 799 -1 800 779 799 -1 779 800 752 -1 800 801 780 -1 780 752 800 -1 781 780 801 -1 781 802 756 -1 757 756 803 -1 802 803 756 -1 804 757 803 -1 758 757 804 -1 805 758 804 -1 759 758 805 -1 782 761 806 -1 765 782 807 -1 807 785 765 -1 774 786 808 -1 748 767 809 -1 769 748 809 -1 788 769 810 -1 770 811 789 -1 787 811 770 -1 171 789 812 -1 811 771 812 -1 812 789 811 -1 130 171 812 -1 771 130 812 -1 790 811 787 -1 811 790 771 -1 813 771 790 -1 772 771 813 -1 773 772 813 -1 790 788 810 -1 172 773 814 -1 814 202 172 -1 775 729 791 -1 815 730 708 -1 776 730 815 -1 816 776 815 -1 797 776 816 -1 817 797 816 -1 777 797 817 -1 817 798 777 -1 778 798 818 -1 799 778 818 -1 801 800 819 -1 802 781 801 -1 761 759 805 -1 806 761 805 -1 805 820 806 -1 782 806 807 -1 783 784 785 -1 821 783 785 -1 822 764 821 -1 764 783 821 -1 746 764 822 -1 822 786 746 -1 823 767 766 -1 809 824 769 -1 810 769 824 -1 813 790 810 -1 773 813 814 -1 814 232 202 -1 766 775 825 -1 766 825 823 -1 826 708 792 -1 708 826 815 -1 817 816 827 -1 828 817 827 -1 818 798 829 -1 819 800 799 -1 808 786 830 -1 801 819 802 -1 803 802 831 -1 804 803 831 -1 832 805 804 -1 820 805 832 -1 807 806 833 -1 822 830 786 -1 808 834 774 -1 774 834 791 -1 809 767 835 -1 767 823 835 -1 824 836 810 -1 813 810 836 -1 836 837 813 -1 814 813 837 -1 838 791 834 -1 775 791 838 -1 829 839 818 -1 839 799 818 -1 840 808 830 -1 819 799 841 -1 831 819 841 -1 831 802 819 -1 842 831 841 -1 831 832 804 -1 833 806 820 -1 833 821 807 -1 807 821 785 -1 808 840 834 -1 835 823 843 -1 835 844 809 -1 844 824 809 -1 845 824 844 -1 232 814 837 -1 825 775 838 -1 838 846 825 -1 823 825 846 -1 843 823 846 -1 792 793 847 -1 793 794 847 -1 826 792 847 -1 817 828 829 -1 829 798 817 -1 796 449 479 -1 839 829 848 -1 839 849 799 -1 849 841 799 -1 841 849 850 -1 841 850 842 -1 832 831 842 -1 851 833 820 -1 851 852 833 -1 821 833 852 -1 822 821 852 -1 853 834 840 -1 854 835 843 -1 844 835 854 -1 855 824 845 -1 836 824 855 -1 838 834 853 -1 848 856 839 -1 839 856 849 -1 852 857 822 -1 857 858 830 -1 830 822 857 -1 858 859 830 -1 840 830 859 -1 842 860 832 -1 820 832 860 -1 860 851 820 -1 837 836 861 -1 862 853 840 -1 838 853 862 -1 863 838 862 -1 846 838 863 -1 863 864 846 -1 843 846 864 -1 829 828 848 -1 847 794 865 -1 866 847 865 -1 794 795 867 -1 867 865 794 -1 868 847 866 -1 826 847 868 -1 868 815 826 -1 868 816 815 -1 869 816 868 -1 869 827 816 -1 849 856 870 -1 870 871 849 -1 872 849 871 -1 872 850 849 -1 850 872 842 -1 872 873 842 -1 858 874 859 -1 873 860 842 -1 875 859 874 -1 859 875 840 -1 843 864 876 -1 854 843 876 -1 854 845 844 -1 861 836 877 -1 855 877 836 -1 878 855 845 -1 837 861 879 -1 232 837 879 -1 245 232 879 -1 263 245 879 -1 862 840 875 -1 863 880 864 -1 881 870 856 -1 872 871 882 -1 883 872 882 -1 873 872 883 -1 873 884 860 -1 851 860 884 -1 858 857 885 -1 874 858 885 -1 854 876 878 -1 845 854 878 -1 886 877 887 -1 861 877 888 -1 877 855 878 -1 887 877 878 -1 889 861 890 -1 879 861 889 -1 879 279 263 -1 862 891 863 -1 875 891 862 -1 891 880 863 -1 828 827 892 -1 848 828 892 -1 856 892 881 -1 892 856 848 -1 893 868 866 -1 869 868 893 -1 796 499 795 -1 796 479 499 -1 499 867 795 -1 894 871 870 -1 895 873 883 -1 852 896 857 -1 885 857 896 -1 874 885 897 -1 898 874 897 -1 875 874 898 -1 898 891 875 -1 899 880 891 -1 864 899 876 -1 864 880 899 -1 888 890 861 -1 888 877 900 -1 900 877 886 -1 879 889 279 -1 881 894 870 -1 894 901 871 -1 882 871 901 -1 884 873 895 -1 899 891 902 -1 903 900 904 -1 900 903 888 -1 886 904 900 -1 899 878 876 -1 889 890 905 -1 889 905 906 -1 279 889 906 -1 906 289 279 -1 907 893 908 -1 869 893 907 -1 827 869 907 -1 892 827 907 -1 907 909 892 -1 909 881 892 -1 866 865 910 -1 893 866 910 -1 881 909 911 -1 882 901 912 -1 883 882 912 -1 912 895 883 -1 896 884 895 -1 851 884 896 -1 852 851 896 -1 897 885 913 -1 913 914 897 -1 897 914 915 -1 898 897 915 -1 915 916 898 -1 891 898 916 -1 902 891 916 -1 903 904 917 -1 888 903 918 -1 890 888 918 -1 905 890 918 -1 917 904 919 -1 904 886 919 -1 919 886 887 -1 887 878 920 -1 921 906 905 -1 289 906 921 -1 283 289 921 -1 295 283 921 -1 909 907 922 -1 894 881 911 -1 923 901 894 -1 912 901 923 -1 923 924 912 -1 895 912 924 -1 895 924 925 -1 896 895 925 -1 896 913 885 -1 899 902 926 -1 918 903 917 -1 920 899 926 -1 878 899 920 -1 918 927 905 -1 921 905 927 -1 921 927 299 -1 295 921 299 -1 893 928 908 -1 922 907 908 -1 867 929 865 -1 929 867 930 -1 910 865 929 -1 929 928 910 -1 893 910 928 -1 930 867 499 -1 500 931 499 -1 499 931 930 -1 931 500 525 -1 908 928 932 -1 933 894 911 -1 934 896 925 -1 913 896 934 -1 914 913 935 -1 935 915 914 -1 917 919 936 -1 919 887 936 -1 887 920 937 -1 927 918 938 -1 938 939 927 -1 299 927 939 -1 939 302 299 -1 932 928 940 -1 922 908 932 -1 909 922 941 -1 911 909 941 -1 933 911 941 -1 923 894 933 -1 933 942 923 -1 924 923 942 -1 925 924 942 -1 934 925 943 -1 913 934 935 -1 915 935 944 -1 916 915 944 -1 944 945 916 -1 902 916 945 -1 926 902 945 -1 918 917 946 -1 946 947 918 -1 938 918 947 -1 936 887 937 -1 940 928 929 -1 929 930 948 -1 930 931 948 -1 931 525 949 -1 949 525 536 -1 932 950 922 -1 941 922 950 -1 933 941 951 -1 952 933 951 -1 942 933 952 -1 953 942 952 -1 925 942 953 -1 943 925 953 -1 934 944 935 -1 917 936 946 -1 954 938 947 -1 937 920 926 -1 939 938 954 -1 954 308 939 -1 302 939 308 -1 940 955 932 -1 950 932 955 -1 956 950 955 -1 950 957 941 -1 957 958 941 -1 951 941 958 -1 958 959 951 -1 952 951 959 -1 953 952 959 -1 960 953 959 -1 943 953 960 -1 960 961 943 -1 962 943 961 -1 934 943 962 -1 944 934 962 -1 947 946 963 -1 964 963 946 -1 964 936 965 -1 946 936 964 -1 947 966 954 -1 965 936 937 -1 308 954 966 -1 966 313 308 -1 929 948 940 -1 940 948 967 -1 968 969 948 -1 948 931 968 -1 931 949 968 -1 970 968 949 -1 949 536 549 -1 970 949 549 -1 967 955 940 -1 956 957 950 -1 958 957 971 -1 971 972 958 -1 959 958 972 -1 967 948 969 -1 956 955 967 -1 968 970 973 -1 556 970 549 -1 970 556 973 -1 960 959 972 -1 972 974 960 -1 961 960 974 -1 962 961 975 -1 976 944 962 -1 945 944 976 -1 926 945 976 -1 963 964 965 -1 947 963 977 -1 966 947 977 -1 977 978 966 -1 979 965 937 -1 980 926 976 -1 937 926 980 -1 979 937 980 -1 313 966 978 -1 318 313 978 -1 956 971 957 -1 967 969 981 -1 967 982 956 -1 982 967 981 -1 981 969 983 -1 984 981 983 -1 968 983 969 -1 983 968 985 -1 986 983 985 -1 973 985 968 -1 956 982 971 -1 982 981 984 -1 971 982 987 -1 987 972 971 -1 988 987 982 -1 984 988 982 -1 983 986 984 -1 984 986 989 -1 985 973 990 -1 990 986 985 -1 989 991 984 -1 989 986 990 -1 984 991 988 -1 991 989 992 -1 991 992 993 -1 973 556 566 -1 973 566 990 -1 990 566 571 -1 566 565 571 -1 990 571 989 -1 989 571 992 -1 992 571 570 -1 992 570 994 -1 995 996 972 -1 996 974 972 -1 974 996 997 -1 997 961 974 -1 997 975 961 -1 972 987 995 -1 987 988 995 -1 988 991 993 -1 994 993 992 -1 976 962 975 -1 975 998 976 -1 963 999 977 -1 963 965 1000 -1 999 963 1000 -1 977 1001 978 -1 999 1001 977 -1 980 976 998 -1 979 980 1002 -1 1000 965 1003 -1 965 979 1003 -1 979 1002 1003 -1 1001 1004 978 -1 1004 321 978 -1 978 321 318 -1 997 1005 975 -1 988 993 995 -1 995 993 1006 -1 1006 993 1007 -1 995 1006 996 -1 1007 1008 1006 -1 993 994 1007 -1 588 994 570 -1 1007 1009 1008 -1 996 1006 1008 -1 1008 997 996 -1 321 1004 326 -1 1008 1009 1010 -1 1011 1010 1009 -1 1012 1010 1011 -1 975 1005 1013 -1 975 1013 998 -1 1014 999 1000 -1 999 1015 1001 -1 1004 1001 1015 -1 998 1002 980 -1 1002 998 1013 -1 1000 1003 1014 -1 1003 1002 1013 -1 1015 1016 1004 -1 1016 326 1004 -1 1017 1005 997 -1 997 1008 1017 -1 1008 1010 1018 -1 1018 1017 1008 -1 1018 1010 1012 -1 1005 1017 1019 -1 1020 1017 1021 -1 1021 1017 1018 -1 1018 1012 1021 -1 1021 1012 1022 -1 1005 1019 1013 -1 1013 1019 1023 -1 999 1014 1015 -1 1014 1024 1025 -1 1014 1003 1024 -1 1013 1023 1003 -1 1003 1023 1024 -1 1015 1014 1026 -1 1015 1027 1016 -1 1015 1026 1027 -1 1016 1027 1028 -1 1016 1029 326 -1 1016 1028 1029 -1 1014 1025 1026 -1 1025 1024 1030 -1 1027 1026 1028 -1 1019 1017 1020 -1 1023 1020 1031 -1 1019 1020 1023 -1 1023 1031 1024 -1 1032 1031 1020 -1 1024 1031 1030 -1 1029 333 326 -1 334 333 1029 -1 1029 1028 334 -1 1025 1033 1026 -1 1033 1025 1034 -1 1026 1033 1035 -1 1025 1030 1034 -1 1034 1030 1036 -1 1028 1026 1035 -1 1035 1037 1028 -1 1038 1036 1030 -1 334 1028 1037 -1 1037 340 334 -1 1035 1033 1039 -1 1040 1037 1035 -1 1039 1041 1035 -1 1040 1035 1041 -1 1036 1042 1034 -1 1039 1034 1042 -1 1033 1034 1039 -1 1040 1043 1037 -1 1043 340 1037 -1 1041 1044 1040 -1 1044 1043 1040 -1 1039 1042 1045 -1 1039 1046 1041 -1 1046 1044 1041 -1 1046 1039 1045 -1 1046 1047 1044 -1 1045 1048 1046 -1 1048 1049 1046 -1 1048 1045 1050 -1 1049 1047 1046 -1 1049 1048 1051 -1 1048 1050 1051 -1 1052 1053 1054 -1 1054 1053 1055 -1 1056 1057 1058 -1 1056 1058 1059 -1 1059 1058 1060 -1 1061 1059 1060 -1 1062 1061 1060 -1 1063 1061 1062 -1 1064 1063 1062 -1 1065 1066 1067 -1 1067 1066 1068 -1 1069 1064 1062 -1 1068 1070 1069 -1 1069 1070 1064 -1 1070 1068 1066 -1 1055 1053 1071 -1 1071 1053 1072 -1 1071 1072 1073 -1 1073 1072 1074 -1 1074 1075 1073 -1 1073 1075 1076 -1 1075 1077 1076 -1 1077 1078 1076 -1 1078 1079 1076 -1 1076 1079 1080 -1 1079 1081 1080 -1 1080 1081 1067 -1 1067 1081 1082 -1 1082 1065 1067 -1 1053 1052 1083 -1 1084 1085 1056 -1 1056 1059 1084 -1 1059 1061 1086 -1 1063 1064 1087 -1 1088 1066 1065 -1 1070 1066 1088 -1 1072 1053 1089 -1 1089 1090 1072 -1 1090 1074 1072 -1 1091 1081 1079 -1 1082 1081 1091 -1 1083 1089 1053 -1 1092 1086 1061 -1 1061 1063 1092 -1 1092 1063 1087 -1 1087 1064 1093 -1 1070 1093 1064 -1 1090 1094 1074 -1 1094 1075 1074 -1 1078 1077 1095 -1 1079 1078 1095 -1 1082 1091 1096 -1 1065 1082 1097 -1 1088 1065 1097 -1 1097 1082 1096 -1 1091 1079 1095 -1 1059 1086 1084 -1 1084 1098 1085 -1 1099 1098 1084 -1 1084 1086 1100 -1 1100 1099 1084 -1 1100 1086 1101 -1 1086 1092 1101 -1 1102 1103 1101 -1 1102 1101 1092 -1 1087 1102 1092 -1 1102 1087 1093 -1 1104 1093 1070 -1 1070 1088 1105 -1 1105 1104 1070 -1 1106 1107 1089 -1 1089 1107 1090 -1 1107 1094 1090 -1 1094 1108 1075 -1 1109 1075 1108 -1 1075 1109 1077 -1 1077 1109 1095 -1 1110 1095 1109 -1 1111 1088 1097 -1 1096 1112 1097 -1 1111 1112 1113 -1 1097 1112 1111 -1 1091 1095 1110 -1 1110 1096 1091 -1 1088 1111 1105 -1 1114 1103 1102 -1 1102 1093 1114 -1 1110 1109 1115 -1 1116 1105 1111 -1 1111 1113 1116 -1 1114 1093 1117 -1 1109 1108 1118 -1 1115 1109 1119 -1 1112 1096 1120 -1 1120 1121 1112 -1 1113 1112 1121 -1 1116 1104 1105 -1 1113 1121 1116 -1 1122 1123 1099 -1 1099 1123 1098 -1 1100 1101 1124 -1 1101 1103 1125 -1 1114 1125 1103 -1 1093 1104 1117 -1 1107 1106 1126 -1 1107 1127 1094 -1 1128 1094 1127 -1 1108 1094 1128 -1 1096 1110 1115 -1 1120 1096 1115 -1 1104 1116 1129 -1 1129 1116 1130 -1 1130 1116 1131 -1 1131 1116 1121 -1 1100 1132 1099 -1 1125 1124 1101 -1 1133 1125 1114 -1 1114 1117 1133 -1 1126 1134 1107 -1 1127 1107 1134 -1 1128 1135 1108 -1 1118 1108 1135 -1 1109 1118 1119 -1 1131 1121 1136 -1 1123 1122 1137 -1 1122 1138 1137 -1 1122 1099 1138 -1 1099 1132 1138 -1 1124 1132 1100 -1 1133 1117 1139 -1 1117 1104 1139 -1 1139 1104 1129 -1 1140 1141 1126 -1 1134 1126 1141 -1 1141 1142 1134 -1 1128 1127 1143 -1 1135 1128 1144 -1 1115 1119 1145 -1 1120 1136 1121 -1 1146 1147 1148 -1 1148 1149 1146 -1 1149 1148 1137 -1 1150 1149 1151 -1 1151 1149 1137 -1 1138 1151 1137 -1 1138 1132 1151 -1 1151 1132 1152 -1 1132 1124 1152 -1 1152 1124 1153 -1 1124 1125 1153 -1 1154 1153 1125 -1 1125 1133 1154 -1 1155 1154 1133 -1 1133 1139 1155 -1 1139 1129 1156 -1 1127 1134 1142 -1 1143 1127 1142 -1 1143 1144 1128 -1 1135 1144 1118 -1 1118 1144 1119 -1 1144 1145 1119 -1 1157 1115 1145 -1 1120 1115 1157 -1 1158 1120 1157 -1 1136 1120 1158 -1 1130 1156 1129 -1 1156 1130 1159 -1 1131 1136 1159 -1 1131 1159 1130 -1 1160 1161 1162 -1 1146 1161 1160 -1 1146 1149 1161 -1 1161 1150 1162 -1 1161 1149 1150 -1 1162 1150 1163 -1 1150 1164 1163 -1 1151 1164 1150 -1 1164 1165 1166 -1 1166 1163 1164 -1 1165 1164 1151 -1 1165 1151 1152 -1 1165 1167 1166 -1 1152 1167 1165 -1 1167 1152 1153 -1 1168 1166 1167 -1 1167 1169 1168 -1 1153 1169 1167 -1 1170 1169 1154 -1 1154 1171 1170 -1 1169 1153 1154 -1 1171 1154 1155 -1 1172 1155 1139 -1 1171 1155 1172 -1 1156 1172 1139 -1 1173 1140 1174 -1 1141 1140 1173 -1 1142 1141 1173 -1 1173 1175 1142 -1 1175 1143 1142 -1 1144 1143 1176 -1 1176 1177 1144 -1 1145 1144 1177 -1 1177 1178 1145 -1 1178 1179 1145 -1 1156 1159 1180 -1 1181 1180 1159 -1 1157 1145 1179 -1 1179 1158 1157 -1 1158 1181 1136 -1 1159 1136 1181 -1 1160 1162 1182 -1 1182 1162 1183 -1 1162 1163 1183 -1 1163 1166 1183 -1 1184 1183 1166 -1 1166 1168 1184 -1 1184 1168 1185 -1 1168 1169 1185 -1 1169 1170 1185 -1 1185 1170 1186 -1 1170 1171 1186 -1 1187 1186 1171 -1 1171 1172 1187 -1 1188 1187 1172 -1 1188 1172 1189 -1 1172 1180 1189 -1 1180 1172 1156 -1 1175 1176 1143 -1 1190 1189 1180 -1 1180 1181 1190 -1 1190 1181 1191 -1 1192 1193 1182 -1 1182 1183 1192 -1 1183 1184 1194 -1 1195 1194 1184 -1 1185 1195 1184 -1 1174 1196 1173 -1 1196 1174 1197 -1 1175 1173 1196 -1 1196 1176 1175 -1 1176 1196 1198 -1 1177 1176 1198 -1 1178 1177 1198 -1 1198 1199 1178 -1 1179 1178 1199 -1 1179 1199 1158 -1 1199 1200 1158 -1 1158 1200 1181 -1 1200 1191 1181 -1 1192 1183 1201 -1 1194 1201 1183 -1 1202 1186 1187 -1 1203 1202 1187 -1 1187 1188 1203 -1 1204 1203 1188 -1 1188 1189 1204 -1 1196 1197 1205 -1 1206 1196 1205 -1 1198 1196 1206 -1 1199 1198 1207 -1 1207 1208 1199 -1 1189 1190 1204 -1 1200 1199 1208 -1 1208 1209 1200 -1 1191 1200 1209 -1 1210 1191 1209 -1 1211 1185 1186 -1 1186 1202 1211 -1 1205 1197 1212 -1 1206 1213 1198 -1 1213 1207 1198 -1 1214 1208 1207 -1 1204 1190 1210 -1 1190 1191 1210 -1 1194 1195 1215 -1 1211 1195 1185 -1 1203 1204 1216 -1 1205 1212 1217 -1 1218 1205 1217 -1 1206 1205 1218 -1 1207 1213 1219 -1 1214 1207 1219 -1 1204 1210 1216 -1 1209 1220 1210 -1 1193 1192 1221 -1 1222 1221 1192 -1 1201 1222 1192 -1 1222 1201 1223 -1 1224 1223 1201 -1 1194 1224 1201 -1 1194 1215 1224 -1 1225 1215 1195 -1 1195 1211 1225 -1 1226 1225 1211 -1 1211 1202 1226 -1 1203 1226 1202 -1 1203 1216 1226 -1 1227 1206 1218 -1 1206 1227 1213 -1 1219 1213 1228 -1 1214 1219 1229 -1 1208 1214 1230 -1 1209 1208 1230 -1 1230 1231 1209 -1 1220 1209 1231 -1 1221 1232 1193 -1 1215 1233 1224 -1 1217 1234 1218 -1 1227 1228 1213 -1 1229 1235 1214 -1 1235 1230 1214 -1 1210 1236 1216 -1 1210 1220 1236 -1 1231 1236 1220 -1 1221 1237 1232 -1 1223 1221 1222 -1 1223 1224 1233 -1 1238 1225 1226 -1 1239 1238 1226 -1 1240 1226 1216 -1 1234 1217 1241 -1 1234 1242 1218 -1 1242 1227 1218 -1 1227 1243 1228 -1 1228 1243 1219 -1 1244 1219 1243 -1 1244 1229 1219 -1 1235 1245 1230 -1 1231 1230 1245 -1 1216 1236 1240 -1 1246 1231 1245 -1 1247 1231 1246 -1 1248 1237 1221 -1 1223 1248 1221 -1 1249 1233 1215 -1 1225 1249 1215 -1 1249 1225 1250 -1 1238 1250 1225 -1 1239 1250 1238 -1 1239 1226 1251 -1 1226 1240 1251 -1 1243 1227 1242 -1 1244 1235 1229 -1 1235 1244 1245 -1 1251 1240 1252 -1 1240 1236 1252 -1 1252 1236 1231 -1 1247 1252 1231 -1 1253 1247 1246 -1 1252 1247 1253 -1 1248 1254 1237 -1 1223 1233 1248 -1 1255 1248 1233 -1 1249 1255 1233 -1 1255 1249 1256 -1 1249 1250 1256 -1 1257 1234 1241 -1 1242 1234 1257 -1 1242 1258 1243 -1 1244 1243 1258 -1 1258 1259 1244 -1 1244 1259 1245 -1 1259 1260 1245 -1 1246 1245 1260 -1 1260 1253 1246 -1 1254 1248 1261 -1 1248 1255 1261 -1 1262 1261 1255 -1 1255 1256 1262 -1 1256 1250 1262 -1 1263 1262 1250 -1 1250 1239 1263 -1 1264 1263 1239 -1 1239 1251 1264 -1 1242 1257 1258 -1 1260 1259 1265 -1 1251 1252 1264 -1 1252 1253 1264 -1 1253 1266 1264 -1 1253 1260 1265 -1 1262 1263 1267 -1 1263 1264 1267 -1 1257 1241 1268 -1 1258 1257 1268 -1 1268 1269 1258 -1 1259 1258 1269 -1 1265 1259 1269 -1 1264 1266 1270 -1 1267 1264 1270 -1 1253 1271 1266 -1 1253 1265 1271 -1 1266 1271 1270 -1 1272 1261 1273 -1 1261 1262 1273 -1 1262 1267 1273 -1 1274 1273 1267 -1 1269 1268 1275 -1 1275 1276 1269 -1 1276 1277 1269 -1 1265 1269 1277 -1 1270 1274 1267 -1 1277 1278 1265 -1 1271 1265 1278 -1 1271 1279 1270 -1 1273 1274 1280 -1 1280 1281 1273 -1 1279 1280 1274 -1 1282 1283 1275 -1 1276 1275 1283 -1 1274 1270 1279 -1 1278 1277 1276 -1 1284 1285 1281 -1 1280 1284 1281 -1 1286 1284 1280 -1 1280 1279 1286 -1 1283 1282 1287 -1 1283 1288 1276 -1 1289 1286 1279 -1 1278 1276 1288 -1 1289 1271 1278 -1 1271 1289 1279 -1 1285 1284 1290 -1 1291 1290 1284 -1 1292 1291 1284 -1 1284 1286 1292 -1 1292 1286 1293 -1 1294 1287 1295 -1 1283 1287 1294 -1 1288 1283 1294 -1 1294 1296 1288 -1 1286 1289 1293 -1 1278 1288 1296 -1 1296 1297 1278 -1 1289 1278 1297 -1 1290 1291 1298 -1 1299 1298 1291 -1 1291 1292 1299 -1 1300 1299 1292 -1 1301 1300 1292 -1 1292 1293 1301 -1 1294 1295 1302 -1 1302 1303 1294 -1 1303 1304 1294 -1 1296 1294 1304 -1 1305 1301 1293 -1 1289 1305 1293 -1 1297 1305 1289 -1 1304 1297 1296 -1 1306 1307 1308 -1 1306 1309 1307 -1 1307 1309 1310 -1 1310 1311 1307 -1 1310 1309 1298 -1 1298 1299 1310 -1 1300 1310 1299 -1 1312 1311 1310 -1 1312 1310 1300 -1 1312 1301 1313 -1 1301 1312 1300 -1 1303 1302 1314 -1 1303 1314 1315 -1 1315 1316 1303 -1 1304 1303 1316 -1 1316 1317 1304 -1 1301 1317 1313 -1 1301 1305 1317 -1 1297 1304 1317 -1 1297 1317 1305 -1 1308 1318 1319 -1 1308 1307 1318 -1 1320 1319 1318 -1 1307 1311 1318 -1 1318 1321 1320 -1 1321 1318 1311 -1 1321 1311 1312 -1 1321 1322 1320 -1 1312 1322 1321 -1 1322 1312 1313 -1 1323 1320 1322 -1 1322 1324 1323 -1 1324 1322 1313 -1 1325 1326 1327 -1 1315 1325 1316 -1 1327 1328 1325 -1 1329 1325 1328 -1 1325 1329 1316 -1 1317 1316 1329 -1 1328 1330 1329 -1 1331 1323 1324 -1 1324 1313 1317 -1 1331 1324 1317 -1 1331 1329 1330 -1 1329 1331 1317 -1 1319 1320 1332 -1 1332 1333 1319 -1 1334 1332 1320 -1 1320 1323 1335 -1 1335 1334 1320 -1 1328 1327 1336 -1 1337 1328 1336 -1 1337 1338 1328 -1 1330 1328 1338 -1 1339 1335 1323 -1 1323 1331 1339 -1 1339 1331 1340 -1 1340 1331 1330 -1 1333 1332 1341 -1 1332 1334 1341 -1 1334 1335 1342 -1 1336 1343 1337 -1 1344 1333 1341 -1 1342 1341 1334 -1 1338 1337 1343 -1 1338 1345 1330 -1 1335 1339 1346 -1 1340 1346 1339 -1 1340 1330 1345 -1 1342 1335 1346 -1 1347 1343 1336 -1 1348 1346 1340 -1 1347 1349 1343 -1 1345 1348 1340 -1 1341 1342 1350 -1 1346 1351 1342 -1 1343 1352 1338 -1 1345 1338 1352 -1 1350 1342 1351 -1 1348 1345 1353 -1 1344 1341 1354 -1 1341 1350 1354 -1 1349 1347 1355 -1 1349 1352 1343 -1 1345 1352 1353 -1 1356 1357 1354 -1 1354 1350 1356 -1 1350 1351 1356 -1 1358 1356 1351 -1 1351 1346 1358 -1 1359 1360 1355 -1 1355 1360 1349 -1 1352 1349 1360 -1 1360 1361 1352 -1 1353 1352 1361 -1 1346 1348 1358 -1 1358 1348 1362 -1 1362 1353 1361 -1 1348 1353 1362 -1 1363 1364 1365 -1 1365 1364 1366 -1 1364 1367 1366 -1 1368 1367 1364 -1 1366 1367 1369 -1 1370 1371 1368 -1 1372 1370 1373 -1 1372 1373 1374 -1 1374 1373 1357 -1 1375 1376 1377 -1 1376 1375 1378 -1 1367 1368 1371 -1 1367 1379 1369 -1 1371 1379 1367 -1 1380 1379 1371 -1 1371 1381 1380 -1 1381 1382 1380 -1 1381 1383 1382 -1 1384 1383 1381 -1 1381 1371 1370 -1 1370 1372 1385 -1 1385 1374 1386 -1 1372 1374 1385 -1 1357 1356 1374 -1 1386 1374 1356 -1 1383 1384 1387 -1 1388 1384 1381 -1 1370 1388 1381 -1 1384 1389 1387 -1 1390 1389 1384 -1 1388 1390 1384 -1 1385 1388 1370 -1 1390 1391 1389 -1 1390 1392 1391 -1 1390 1388 1392 -1 1388 1385 1393 -1 1385 1386 1394 -1 1394 1393 1385 -1 1392 1393 1391 -1 1393 1392 1388 -1 1391 1393 1395 -1 1394 1395 1393 -1 1394 1386 1356 -1 1356 1358 1394 -1 1396 1378 1397 -1 1396 1397 1398 -1 1360 1359 1398 -1 1399 1378 1375 -1 1378 1399 1397 -1 1400 1397 1399 -1 1397 1400 1398 -1 1401 1398 1400 -1 1400 1402 1401 -1 1398 1401 1360 -1 1395 1403 1404 -1 1395 1394 1403 -1 1394 1405 1403 -1 1403 1402 1404 -1 1402 1403 1401 -1 1401 1403 1405 -1 1360 1405 1361 -1 1401 1405 1360 -1 1405 1394 1358 -1 1358 1362 1405 -1 1361 1405 1362 -1 1375 1377 1406 -1 1407 1375 1406 -1 1369 1379 1408 -1 1379 1380 1408 -1 1382 1383 1409 -1 1383 1387 1409 -1 1409 1387 1410 -1 1387 1389 1410 -1 1410 1389 1411 -1 1389 1391 1411 -1 1391 1395 1412 -1 1411 1391 1412 -1 1412 1404 1413 -1 1395 1404 1412 -1 1399 1375 1407 -1 1407 1414 1399 -1 1400 1399 1414 -1 1415 1400 1414 -1 1402 1400 1415 -1 1402 1415 1404 -1 1404 1415 1413 -1 1411 1412 1416 -1 1407 1417 1414 -1 1414 1418 1415 -1 1419 1366 1369 -1 1382 1409 1420 -1 1409 1410 1421 -1 1418 1414 1417 -1 1413 1415 1418 -1 1365 1366 1422 -1 1419 1422 1366 -1 1380 1382 1423 -1 1369 1408 1419 -1 1411 1416 1424 -1 1412 1413 1425 -1 1413 1418 1425 -1 1426 1419 1408 -1 1408 1380 1426 -1 1421 1420 1409 -1 1410 1411 1427 -1 1427 1411 1424 -1 1425 1416 1412 -1 1428 1406 1429 -1 1430 1406 1428 -1 1407 1406 1430 -1 1380 1423 1431 -1 1420 1423 1382 -1 1421 1410 1427 -1 1417 1407 1430 -1 1426 1380 1431 -1 1422 1419 1432 -1 1426 1432 1419 -1 1431 1423 1433 -1 1423 1420 1433 -1 1420 1421 1433 -1 1424 1416 1434 -1 1416 1425 1434 -1 1430 1428 1435 -1 1435 1436 1430 -1 1417 1430 1436 -1 1437 1417 1436 -1 1418 1417 1437 -1 1437 1438 1418 -1 1425 1418 1438 -1 1439 1429 1440 -1 1428 1429 1439 -1 1441 1442 1432 -1 1432 1443 1441 -1 1443 1432 1426 -1 1443 1426 1431 -1 1431 1433 1443 -1 1433 1444 1443 -1 1445 1444 1433 -1 1433 1421 1445 -1 1421 1427 1445 -1 1446 1445 1427 -1 1447 1435 1439 -1 1428 1439 1435 -1 1446 1427 1424 -1 1448 1446 1424 -1 1449 1450 1451 -1 1434 1448 1424 -1 1450 1448 1434 -1 1451 1450 1452 -1 1452 1434 1425 -1 1450 1434 1452 -1 1447 1453 1435 -1 1436 1435 1453 -1 1453 1437 1436 -1 1453 1454 1437 -1 1438 1437 1454 -1 1455 1456 1451 -1 1455 1451 1452 -1 1454 1456 1455 -1 1454 1455 1438 -1 1455 1452 1438 -1 1438 1452 1425 -1 1442 1457 1458 -1 1459 1457 1442 -1 1442 1441 1459 -1 1460 1440 1461 -1 1439 1440 1460 -1 1462 1439 1460 -1 1463 1439 1462 -1 1464 1441 1443 -1 1443 1444 1465 -1 1464 1443 1465 -1 1465 1444 1445 -1 1445 1446 1466 -1 1446 1467 1466 -1 1447 1439 1463 -1 1468 1447 1463 -1 1469 1470 1451 -1 1467 1446 1471 -1 1448 1471 1446 -1 1471 1448 1449 -1 1449 1470 1471 -1 1450 1449 1448 -1 1470 1449 1451 -1 1472 1447 1468 -1 1453 1447 1472 -1 1469 1451 1456 -1 1469 1472 1473 -1 1472 1469 1456 -1 1472 1454 1453 -1 1454 1472 1456 -1 1474 1459 1441 -1 1462 1460 1475 -1 1441 1464 1474 -1 1464 1476 1474 -1 1464 1465 1476 -1 1465 1445 1477 -1 1445 1466 1477 -1 1466 1467 1478 -1 1468 1463 1479 -1 1471 1470 1480 -1 1480 1469 1473 -1 1470 1469 1480 -1 1467 1471 1478 -1 1473 1472 1468 -1 1462 1481 1463 -1 1476 1465 1482 -1 1465 1477 1482 -1 1466 1478 1483 -1 1463 1481 1479 -1 1471 1480 1484 -1 1480 1473 1485 -1 1471 1484 1478 -1 1479 1485 1468 -1 1473 1468 1485 -1 1458 1457 1486 -1 1487 1486 1457 -1 1457 1459 1487 -1 1459 1474 1488 -1 1488 1487 1459 -1 1460 1461 1489 -1 1475 1460 1489 -1 1481 1462 1475 -1 1474 1476 1490 -1 1490 1488 1474 -1 1476 1482 1490 -1 1477 1466 1491 -1 1466 1483 1491 -1 1480 1492 1484 -1 1485 1492 1480 -1 1492 1485 1493 -1 1477 1491 1494 -1 1491 1483 1495 -1 1495 1494 1491 -1 1479 1481 1496 -1 1483 1478 1497 -1 1498 1497 1478 -1 1478 1484 1498 -1 1492 1499 1484 -1 1498 1484 1499 -1 1500 1479 1496 -1 1479 1500 1485 -1 1500 1501 1485 -1 1493 1485 1501 -1 1486 1487 1502 -1 1487 1503 1502 -1 1487 1488 1503 -1 1504 1503 1488 -1 1481 1475 1505 -1 1488 1490 1506 -1 1506 1504 1488 -1 1507 1506 1490 -1 1490 1482 1507 -1 1482 1477 1507 -1 1477 1494 1508 -1 1509 1486 1510 -1 1486 1502 1510 -1 1511 1510 1502 -1 1502 1503 1511 -1 1503 1504 1512 -1 1475 1489 1513 -1 1505 1475 1513 -1 1506 1507 1514 -1 1507 1477 1508 -1 1496 1481 1505 -1 1515 1494 1495 -1 1495 1483 1515 -1 1516 1499 1492 -1 1516 1493 1517 -1 1492 1493 1516 -1 1511 1503 1518 -1 1503 1512 1518 -1 1504 1506 1512 -1 1489 1519 1520 -1 1513 1489 1520 -1 1512 1506 1521 -1 1506 1514 1521 -1 1514 1507 1522 -1 1508 1522 1507 -1 1523 1508 1494 -1 1496 1505 1524 -1 1497 1498 1525 -1 1498 1499 1525 -1 1500 1496 1526 -1 1527 1500 1526 -1 1501 1500 1527 -1 1501 1528 1493 -1 1493 1528 1517 -1 1528 1501 1527 -1 1510 1511 1529 -1 1511 1518 1530 -1 1531 1512 1521 -1 1521 1514 1532 -1 1532 1514 1533 -1 1533 1522 1534 -1 1514 1522 1533 -1 1497 1525 1535 -1 1525 1499 1536 -1 1536 1499 1516 -1 1526 1496 1524 -1 1517 1528 1537 -1 1530 1529 1511 -1 1518 1512 1531 -1 1520 1519 1538 -1 1520 1539 1513 -1 1522 1508 1534 -1 1508 1523 1534 -1 1524 1513 1539 -1 1505 1513 1524 -1 1515 1483 1540 -1 1540 1497 1535 -1 1483 1497 1540 -1 1535 1525 1541 -1 1525 1536 1541 -1 1516 1517 1542 -1 1536 1516 1542 -1 1531 1521 1543 -1 1543 1521 1544 -1 1539 1520 1538 -1 1532 1544 1521 -1 1532 1533 1545 -1 1533 1534 1545 -1 1523 1494 1546 -1 1524 1539 1547 -1 1515 1546 1494 -1 1517 1537 1542 -1 1548 1544 1532 -1 1548 1532 1545 -1 1534 1549 1545 -1 1534 1550 1549 -1 1534 1523 1550 -1 1550 1546 1551 -1 1523 1546 1550 -1 1535 1541 1552 -1 1526 1553 1527 -1 1528 1527 1553 -1 1541 1536 1554 -1 1554 1536 1542 -1 1549 1548 1545 -1 1551 1546 1555 -1 1547 1556 1524 -1 1546 1515 1555 -1 1540 1535 1557 -1 1552 1557 1535 -1 1526 1524 1556 -1 1552 1541 1554 -1 1548 1549 1558 -1 1549 1550 1558 -1 1551 1558 1550 -1 1553 1559 1528 -1 1537 1528 1559 -1 1557 1552 1560 -1 1537 1559 1561 -1 1542 1537 1561 -1 1526 1556 1562 -1 1561 1563 1542 -1 1554 1542 1563 -1 1563 1561 1564 -1 364 1565 365 -1 1566 365 1565 -1 1567 1566 1568 -1 1568 1566 1565 -1 1569 1567 1568 -1 1568 1570 1569 -1 1057 1571 1570 -1 1570 1571 1572 -1 1057 1056 1571 -1 365 1573 370 -1 365 1566 1573 -1 1566 1574 1573 -1 1566 1567 1574 -1 1569 1570 1572 -1 1571 1056 1085 -1 1085 1575 1571 -1 370 1573 375 -1 1573 1576 375 -1 1573 1574 1577 -1 1576 1573 1577 -1 1578 1577 1574 -1 1574 1567 1578 -1 1578 1567 1579 -1 1579 1569 1580 -1 1567 1569 1579 -1 1569 1572 1580 -1 1572 1571 1575 -1 1581 1582 1577 -1 1577 1582 1576 -1 1583 1581 1578 -1 1578 1581 1577 -1 1578 1584 1583 -1 1585 1584 1579 -1 1579 1584 1578 -1 1579 1580 1585 -1 1572 1586 1580 -1 1586 1572 1575 -1 1085 1098 1575 -1 396 375 1587 -1 375 1576 1587 -1 1576 1582 1587 -1 1588 1581 1589 -1 1582 1581 1588 -1 1581 1583 1589 -1 1583 1584 1590 -1 1584 1591 1590 -1 1584 1585 1591 -1 1592 1591 1585 -1 1592 1585 1580 -1 1593 1586 1575 -1 1575 1098 1593 -1 1123 1593 1098 -1 1587 1582 1594 -1 1594 1582 1588 -1 1594 1595 1587 -1 1588 1589 1596 -1 1589 1583 1596 -1 1583 1590 1596 -1 1590 1591 1597 -1 1592 1580 1598 -1 1586 1598 1580 -1 1593 1123 1599 -1 415 396 1595 -1 396 1587 1595 -1 1595 1594 1600 -1 1600 1588 1601 -1 1594 1588 1600 -1 1602 1601 1588 -1 1588 1596 1602 -1 1592 1597 1591 -1 1598 1593 1603 -1 1586 1593 1598 -1 415 1595 430 -1 1600 430 1595 -1 1604 1602 1596 -1 1590 1604 1596 -1 1597 1592 1605 -1 1592 1598 1605 -1 1598 1606 1605 -1 1598 1603 1606 -1 1603 1593 1607 -1 1606 1603 1607 -1 1593 1599 1607 -1 1607 1599 1137 -1 1599 1123 1137 -1 1137 1148 1607 -1 441 429 1608 -1 442 1608 429 -1 1608 1609 441 -1 1608 442 1610 -1 1610 1609 1608 -1 1609 1610 1611 -1 1600 442 430 -1 1610 442 1600 -1 1601 1610 1600 -1 1611 1610 1601 -1 1597 1604 1590 -1 1609 1611 1612 -1 1613 1612 1611 -1 1613 1611 1614 -1 1611 1601 1614 -1 1601 1602 1615 -1 1601 1616 1614 -1 1615 1616 1601 -1 1602 1604 1615 -1 1616 1615 1617 -1 1615 1604 1618 -1 1615 1618 1617 -1 1617 1618 1619 -1 1620 1621 1619 -1 1147 1620 1148 -1 1621 1620 1147 -1 1604 1597 1618 -1 1605 1618 1597 -1 1619 1618 1622 -1 1618 1605 1622 -1 1606 1622 1605 -1 1622 1620 1619 -1 1620 1622 1606 -1 1607 1620 1606 -1 1148 1620 1607 -1 1612 460 441 -1 441 1609 1612 -1 1614 1616 1623 -1 1616 1617 1623 -1 1623 1617 1624 -1 1617 1619 1624 -1 1619 1621 1624 -1 1625 1624 1621 -1 1621 1147 1625 -1 1625 1147 1160 -1 1147 1146 1160 -1 1626 459 460 -1 1627 1626 460 -1 1627 460 1612 -1 1627 1612 1628 -1 1628 1612 1613 -1 1613 1614 1629 -1 1614 1623 1629 -1 1623 1630 1629 -1 1630 1624 1631 -1 1623 1624 1630 -1 1631 1625 1632 -1 1624 1625 1631 -1 1625 1160 1632 -1 1182 1632 1160 -1 1633 459 1634 -1 1628 1635 1627 -1 1628 1613 1629 -1 1629 1630 1636 -1 1630 1631 1637 -1 1631 1632 1638 -1 1639 1638 1632 -1 1632 1182 1639 -1 1639 1182 1193 -1 469 459 1633 -1 1626 1634 459 -1 1627 1635 1626 -1 1640 1635 1628 -1 1629 1640 1628 -1 1641 1634 1626 -1 1635 1641 1626 -1 1642 1635 1643 -1 1635 1640 1643 -1 1643 1640 1636 -1 1636 1640 1629 -1 1636 1630 1644 -1 1630 1637 1644 -1 1638 1637 1631 -1 1639 1645 1638 -1 1633 1634 1646 -1 1641 1646 1634 -1 1641 1635 1647 -1 1642 1647 1635 -1 1648 1637 1638 -1 1649 493 469 -1 469 1633 1649 -1 1641 1647 1650 -1 1642 1651 1647 -1 1652 1642 1643 -1 1652 1643 1653 -1 1643 1636 1653 -1 1636 1644 1653 -1 1654 1644 1637 -1 1638 1645 1648 -1 1193 1645 1639 -1 1649 494 493 -1 1649 1633 1646 -1 1650 1646 1641 -1 1650 1647 1655 -1 1647 1651 1655 -1 1651 1642 1652 -1 1656 1653 1644 -1 1654 1656 1644 -1 1654 1637 1657 -1 1637 1648 1657 -1 1645 1193 1232 -1 494 1649 1658 -1 512 494 1658 -1 1650 1659 1646 -1 1659 1650 1660 -1 1650 1655 1660 -1 1661 1660 1655 -1 1655 1651 1661 -1 1661 1651 1652 -1 1656 1652 1653 -1 1661 1652 1656 -1 1661 1656 1662 -1 1654 1662 1656 -1 1663 1654 1657 -1 1663 1657 1664 -1 1664 1645 1232 -1 1664 1232 1237 -1 1658 1665 512 -1 1649 1646 1658 -1 1658 1646 1659 -1 1666 1661 1662 -1 1662 1667 1668 -1 1667 1662 1654 -1 1667 1654 1663 -1 1657 1648 1664 -1 1648 1645 1664 -1 519 512 1665 -1 1658 1659 1665 -1 1665 1659 1669 -1 1660 1669 1659 -1 1666 1660 1661 -1 1666 1662 1670 -1 1671 1670 1662 -1 1662 1668 1671 -1 1672 1668 1667 -1 1663 1672 1667 -1 1673 1672 1663 -1 1664 1673 1663 -1 1254 1673 1664 -1 1237 1254 1664 -1 1674 522 519 -1 1675 1674 519 -1 519 1665 1675 -1 1669 1675 1665 -1 1669 1660 1676 -1 1670 1676 1660 -1 1660 1666 1670 -1 1668 1672 1677 -1 1678 1677 1672 -1 1672 1673 1678 -1 1673 1254 1678 -1 1261 1678 1254 -1 1674 531 522 -1 1674 1675 1679 -1 1675 1669 1680 -1 1680 1669 1676 -1 1671 1668 1681 -1 1681 1668 1682 -1 1668 1677 1682 -1 1682 1677 1683 -1 1683 1677 1684 -1 1678 1684 1677 -1 1261 1685 1678 -1 1685 1684 1678 -1 1272 1685 1261 -1 1686 531 1674 -1 1687 1680 1676 -1 1676 1670 1688 -1 1688 1687 1676 -1 1688 1671 1689 -1 1670 1671 1688 -1 1681 1689 1671 -1 1690 1683 1684 -1 1684 1685 1690 -1 1691 1690 1685 -1 1692 1691 1685 -1 1685 1272 1692 -1 1273 1692 1272 -1 1686 543 531 -1 1686 1674 1679 -1 1693 1679 1675 -1 1675 1680 1693 -1 1687 1693 1680 -1 1689 1694 1688 -1 1683 1690 1695 -1 1696 1695 1690 -1 1690 1691 1696 -1 1692 1273 1281 -1 543 1686 547 -1 1686 1679 547 -1 1697 547 1679 -1 1679 1693 1697 -1 1693 1687 1698 -1 1698 1697 1693 -1 1694 1698 1687 -1 1687 1688 1694 -1 1694 1689 1699 -1 1689 1681 1700 -1 1700 1699 1689 -1 1681 1682 1700 -1 1682 1701 1700 -1 1683 1701 1682 -1 1683 1695 1701 -1 1696 1691 1702 -1 1702 1692 1285 -1 1691 1692 1702 -1 1692 1281 1285 -1 546 547 1703 -1 1703 564 546 -1 1704 1703 547 -1 547 1697 1705 -1 1705 1704 547 -1 1706 1697 1698 -1 1707 1706 1698 -1 1698 1694 1707 -1 1707 1694 1708 -1 1699 1708 1694 -1 1700 1701 1709 -1 1701 1695 1709 -1 1710 1709 1695 -1 1695 1696 1710 -1 1696 1702 1710 -1 1702 1285 1710 -1 1290 1710 1285 -1 580 564 1703 -1 583 580 1711 -1 1703 1711 580 -1 1711 1703 1704 -1 1711 1704 1712 -1 1712 1704 1705 -1 1705 1697 1713 -1 1697 1706 1713 -1 1706 1707 1713 -1 1714 1713 1707 -1 1707 1708 1714 -1 1708 1715 1716 -1 1699 1715 1708 -1 1700 1715 1699 -1 1717 1715 1700 -1 1709 1717 1700 -1 1709 1710 1718 -1 1718 1710 1719 -1 1719 1710 1298 -1 1298 1710 1290 -1 1720 1721 1722 -1 1723 1724 1725 -1 1726 1722 1721 -1 1722 1726 1725 -1 1727 1725 1726 -1 1725 1727 1723 -1 1728 578 596 -1 1721 1728 596 -1 1721 596 1726 -1 596 583 1726 -1 1726 1729 1727 -1 583 1729 1726 -1 1727 1729 1723 -1 1723 1729 1712 -1 1711 1729 583 -1 1729 1711 1712 -1 588 1730 994 -1 1007 994 1730 -1 1731 1705 1713 -1 1712 1705 1731 -1 1731 1713 1714 -1 1714 1732 1731 -1 1732 1714 1708 -1 1732 1708 1716 -1 1716 1733 1732 -1 1734 1733 1716 -1 1715 1734 1716 -1 1717 1734 1715 -1 1734 1717 1735 -1 1736 1735 1717 -1 1736 1717 1709 -1 1735 1737 1738 -1 1735 1736 1737 -1 1009 1007 1730 -1 1737 1736 1718 -1 1718 1736 1709 -1 1718 1306 1737 -1 1009 1730 1739 -1 1009 1739 1011 -1 1306 1718 1309 -1 1718 1719 1309 -1 1719 1298 1309 -1 578 1728 594 -1 592 1730 588 -1 592 1739 1730 -1 590 1728 592 -1 590 594 1728 -1 1720 592 1728 -1 1720 1728 1721 -1 1739 1722 1011 -1 592 1720 1739 -1 1725 1011 1722 -1 1011 1725 1724 -1 1739 1720 1722 -1 1012 1724 1740 -1 1011 1724 1012 -1 1741 1021 1022 -1 1012 1740 1022 -1 1742 1022 1740 -1 1022 1742 1741 -1 1021 1741 1020 -1 1020 1741 1032 -1 1743 1032 1741 -1 1741 1744 1743 -1 1031 1032 1745 -1 1745 1030 1031 -1 1745 1032 1746 -1 1032 1743 1746 -1 1747 1746 1743 -1 1742 1740 1748 -1 1742 1749 1744 -1 1742 1748 1749 -1 1750 1740 1724 -1 1723 1750 1724 -1 1740 1750 1748 -1 1751 1749 1748 -1 1751 1748 1750 -1 1749 1751 1752 -1 1752 1751 1753 -1 1751 1750 1723 -1 1754 1751 1723 -1 1723 1712 1754 -1 1751 1754 1753 -1 1754 1712 1731 -1 1754 1731 1755 -1 1741 1742 1744 -1 1744 1756 1743 -1 1752 1744 1749 -1 1752 1753 1757 -1 1744 1752 1756 -1 1752 1757 1756 -1 1743 1756 1747 -1 1756 1757 1747 -1 1758 1747 1757 -1 1759 1757 1753 -1 1753 1754 1755 -1 1755 1759 1753 -1 1731 1732 1755 -1 1760 1755 1732 -1 1757 1759 1761 -1 1759 1755 1760 -1 1732 1733 1760 -1 1759 1760 1761 -1 1760 1733 1761 -1 1761 1733 1762 -1 1733 1734 1762 -1 1735 1762 1734 -1 1757 1761 1758 -1 1761 1762 1758 -1 1762 1735 1738 -1 1762 1738 1763 -1 1738 1764 1763 -1 1738 1737 1764 -1 1737 1306 1764 -1 1763 1764 1765 -1 1764 1308 1765 -1 1308 1764 1306 -1 1319 1765 1308 -1 1030 1745 1038 -1 1745 1746 1038 -1 1766 1038 1746 -1 1746 1747 1766 -1 1767 1766 1747 -1 1768 1767 1747 -1 1747 1758 1768 -1 1768 1758 1769 -1 1770 1769 1758 -1 1758 1762 1770 -1 1770 1762 1771 -1 1762 1763 1772 -1 1771 1762 1772 -1 1772 1763 1773 -1 1763 1765 1773 -1 1773 1765 1333 -1 1765 1319 1333 -1 1774 1038 1766 -1 1766 1767 1775 -1 1767 1768 1776 -1 1775 1774 1766 -1 1775 1767 1776 -1 1770 1771 1777 -1 1771 1772 1777 -1 1778 1773 1344 -1 1773 1333 1344 -1 1774 1036 1038 -1 1769 1779 1768 -1 1777 1780 1770 -1 1036 1774 1781 -1 1776 1768 1779 -1 1769 1770 1782 -1 1780 1782 1770 -1 1777 1772 1783 -1 1772 1773 1783 -1 1773 1778 1783 -1 1769 1782 1779 -1 1778 1344 1784 -1 1781 1042 1036 -1 1776 1779 1775 -1 1784 1783 1778 -1 1781 1774 1785 -1 1786 1785 1774 -1 1774 1775 1786 -1 1787 1786 1775 -1 1779 1787 1775 -1 1788 1787 1779 -1 1779 1782 1788 -1 1789 1788 1782 -1 1790 1791 1784 -1 1782 1780 1789 -1 1784 1344 1790 -1 1777 1789 1780 -1 1791 1783 1784 -1 1354 1790 1344 -1 1042 1781 1045 -1 1045 1781 1792 -1 1793 1792 1781 -1 1781 1785 1793 -1 1794 1793 1785 -1 1785 1786 1794 -1 1786 1787 1794 -1 1795 1794 1787 -1 1787 1788 1795 -1 1796 1795 1788 -1 1789 1796 1788 -1 1797 1795 1796 -1 1798 1796 1789 -1 1789 1777 1798 -1 1799 1800 1801 -1 1783 1798 1777 -1 1798 1783 1802 -1 1783 1791 1802 -1 1803 1802 1791 -1 1791 1790 1803 -1 1803 1790 1804 -1 1357 1804 1790 -1 1790 1354 1357 -1 1045 1792 1050 -1 1051 1050 1805 -1 1050 1792 1806 -1 1806 1805 1050 -1 1807 1806 1792 -1 1793 1807 1792 -1 1808 1807 1793 -1 1806 1807 1809 -1 1807 1808 1810 -1 1810 1809 1807 -1 1811 1810 1808 -1 1810 1812 1809 -1 1811 1812 1810 -1 1812 1811 1813 -1 1814 1813 1811 -1 1813 1814 1815 -1 1793 1794 1816 -1 1816 1808 1793 -1 1808 1816 1814 -1 1814 1811 1808 -1 1817 1814 1816 -1 1818 1816 1794 -1 1816 1818 1817 -1 1817 1818 1819 -1 1817 1820 1814 -1 1814 1820 1815 -1 1815 1820 1821 -1 1820 1817 1822 -1 1817 1819 1822 -1 1822 1821 1820 -1 1821 1822 1823 -1 1822 1819 1824 -1 1824 1823 1822 -1 1825 1824 1819 -1 1819 1818 1826 -1 1795 1818 1794 -1 1827 1818 1795 -1 1818 1827 1826 -1 1826 1827 1828 -1 1819 1826 1825 -1 1829 1825 1826 -1 1826 1830 1829 -1 1828 1830 1826 -1 1831 1830 1828 -1 1829 1830 1832 -1 1797 1827 1795 -1 1827 1797 1833 -1 1827 1834 1828 -1 1834 1827 1833 -1 1832 1830 1835 -1 1830 1831 1835 -1 1828 1836 1831 -1 1835 1831 1837 -1 1828 1834 1836 -1 1838 1834 1839 -1 1836 1834 1838 -1 1834 1833 1839 -1 1833 1840 1839 -1 1831 1836 1837 -1 1836 1838 1837 -1 1839 1837 1838 -1 1833 1797 1841 -1 1841 1797 1842 -1 1843 1842 1797 -1 1840 1841 1844 -1 1833 1841 1840 -1 1844 1841 1842 -1 1797 1796 1845 -1 1796 1798 1845 -1 1797 1845 1843 -1 1846 1845 1798 -1 1845 1847 1843 -1 1845 1846 1847 -1 1848 1843 1847 -1 1849 1848 1847 -1 1848 1849 1850 -1 1847 1846 1849 -1 1798 1849 1846 -1 1849 1798 1802 -1 1802 1850 1849 -1 1850 1851 1852 -1 1850 1802 1851 -1 1853 1854 1855 -1 1852 1853 1855 -1 1851 1853 1852 -1 1853 1851 1856 -1 1857 1858 1825 -1 1857 1825 1859 -1 1825 1829 1859 -1 1829 1832 1859 -1 1860 1861 1862 -1 1862 1863 1860 -1 1800 1863 1862 -1 1854 1801 1861 -1 1861 1855 1854 -1 1854 1853 1801 -1 1801 1862 1861 -1 1856 1801 1853 -1 1802 1856 1851 -1 1856 1802 1803 -1 1800 1862 1801 -1 1856 1799 1801 -1 1856 1803 1804 -1 1856 1804 1799 -1 1864 1863 1800 -1 1863 1865 1866 -1 1863 1864 1865 -1 1864 1799 1867 -1 1800 1799 1864 -1 1804 1373 1799 -1 1866 1865 1868 -1 1866 1869 1363 -1 1866 1868 1869 -1 1858 1823 1824 -1 1824 1825 1858 -1 1865 1864 1868 -1 1864 1867 1868 -1 1363 1869 1364 -1 1368 1869 1868 -1 1867 1368 1868 -1 1867 1799 1373 -1 1364 1869 1368 -1 1368 1867 1370 -1 1370 1867 1373 -1 1373 1804 1357 -1 1805 1806 1870 -1 1806 1871 1870 -1 1871 1809 1872 -1 1806 1809 1871 -1 1809 1812 1872 -1 1812 1813 1873 -1 1813 1815 1873 -1 1873 1815 1874 -1 1815 1821 1874 -1 1874 1821 1875 -1 1821 1823 1875 -1 1842 1843 1876 -1 1876 1843 1848 -1 1857 1859 1877 -1 1860 1863 1878 -1 1879 1878 1863 -1 1863 1866 1879 -1 1363 1879 1866 -1 1875 1823 1880 -1 1881 1879 1363 -1 1871 1872 1882 -1 1874 1883 1873 -1 1858 1857 1880 -1 1880 1857 1884 -1 1835 1837 1885 -1 1885 1886 1835 -1 1887 1885 1837 -1 1839 1887 1837 -1 1888 1876 1889 -1 1842 1876 1888 -1 1844 1842 1888 -1 1876 1848 1889 -1 1861 1890 1855 -1 1858 1880 1823 -1 1832 1891 1859 -1 1832 1835 1886 -1 1892 1893 1844 -1 1888 1892 1844 -1 1840 1844 1893 -1 1848 1850 1894 -1 1850 1852 1895 -1 1895 1894 1850 -1 1884 1857 1896 -1 1857 1877 1896 -1 1860 1878 1897 -1 1365 1881 1363 -1 1840 1887 1839 -1 1889 1848 1898 -1 1894 1898 1848 -1 1852 1855 1890 -1 1861 1860 1897 -1 1890 1861 1899 -1 1899 1861 1897 -1 1878 1879 1900 -1 1881 1900 1879 -1 1422 1881 1365 -1 1901 1875 1880 -1 1852 1890 1895 -1 1877 1859 1896 -1 1891 1832 1886 -1 1887 1840 1893 -1 1891 1896 1859 -1 1897 1878 1900 -1 1901 1880 1902 -1 1886 1885 1903 -1 1887 1904 1905 -1 1887 1893 1904 -1 1905 1903 1885 -1 1885 1887 1905 -1 1889 1906 1888 -1 1893 1892 1907 -1 1892 1888 1907 -1 1907 1888 1906 -1 1898 1906 1889 -1 1906 1898 1908 -1 1898 1894 1908 -1 1904 1893 1907 -1 1909 1908 1894 -1 1910 1909 1895 -1 1894 1895 1909 -1 1910 1890 1911 -1 1895 1890 1910 -1 1884 1902 1880 -1 1902 1884 1912 -1 1912 1896 1913 -1 1884 1896 1912 -1 1896 1891 1913 -1 1891 1914 1913 -1 1891 1886 1914 -1 1914 1886 1903 -1 1890 1899 1911 -1 1911 1899 1915 -1 1899 1897 1915 -1 1897 1900 1915 -1 1915 1900 1916 -1 1900 1881 1916 -1 1916 1881 1917 -1 1881 1422 1917 -1 1917 1422 1432 -1 1905 1904 1918 -1 1919 1905 1920 -1 1903 1905 1919 -1 1918 1920 1905 -1 1907 1906 1921 -1 1921 1906 1922 -1 1906 1908 1922 -1 1907 1923 1904 -1 1904 1923 1918 -1 1923 1924 1918 -1 1923 1907 1921 -1 1908 1925 1922 -1 1925 1908 1926 -1 1909 1926 1908 -1 1926 1909 1910 -1 1927 1928 1912 -1 1926 1910 1929 -1 1930 1931 1929 -1 1929 1910 1911 -1 1927 1913 1932 -1 1912 1913 1927 -1 1913 1914 1932 -1 1933 1932 1914 -1 1919 1933 1914 -1 1919 1914 1903 -1 1934 1930 1915 -1 1929 1911 1930 -1 1915 1930 1911 -1 1935 1915 1936 -1 1912 1928 1902 -1 1934 1915 1935 -1 1916 1936 1915 -1 1917 1936 1916 -1 1936 1917 1937 -1 1442 1937 1917 -1 1917 1432 1442 -1 1919 1920 1938 -1 1920 1939 1938 -1 1920 1940 1939 -1 1920 1918 1940 -1 1941 1940 1918 -1 1918 1924 1941 -1 1923 1921 1942 -1 1924 1923 1942 -1 1943 1944 1921 -1 1931 1930 1945 -1 1925 1921 1922 -1 1921 1925 1943 -1 1943 1925 1926 -1 1926 1929 1943 -1 1929 1931 1943 -1 1932 1933 1946 -1 1938 1933 1919 -1 1933 1938 1946 -1 1947 1937 1458 -1 1937 1442 1458 -1 1945 1930 1934 -1 1934 1935 1948 -1 1935 1936 1949 -1 1949 1936 1950 -1 1950 1936 1947 -1 1936 1937 1947 -1 1939 1940 1951 -1 1940 1941 1952 -1 1941 1924 1953 -1 1953 1924 1942 -1 1921 1944 1942 -1 1944 1943 1954 -1 1954 1943 1931 -1 1928 1927 1955 -1 1955 1927 1956 -1 1927 1932 1956 -1 1956 1932 1946 -1 1938 1957 1946 -1 1945 1934 1958 -1 1958 1934 1948 -1 1951 1940 1952 -1 1959 1941 1953 -1 1953 1942 1960 -1 1961 1960 1942 -1 1942 1944 1961 -1 1944 1962 1961 -1 1962 1944 1963 -1 1944 1954 1963 -1 1964 1954 1931 -1 1931 1945 1964 -1 1965 1957 1938 -1 1939 1965 1938 -1 1966 1967 1947 -1 1948 1935 1968 -1 1949 1950 1967 -1 1950 1947 1967 -1 1956 1946 1969 -1 1952 1941 1970 -1 1957 1969 1946 -1 1951 1971 1939 -1 1965 1939 1971 -1 1941 1959 1970 -1 1966 1458 1972 -1 1947 1458 1966 -1 1972 1458 1486 -1 1963 1954 1973 -1 1973 1954 1964 -1 1964 1945 1958 -1 1935 1949 1968 -1 1949 1974 1968 -1 1949 1967 1974 -1 1953 1960 1959 -1 1960 1961 1975 -1 1976 1961 1977 -1 1962 1977 1961 -1 1963 1977 1962 -1 1964 1978 1973 -1 1979 1964 1958 -1 1956 1980 1955 -1 1957 1965 1969 -1 1948 1981 1958 -1 1974 1982 1968 -1 1952 1983 1951 -1 1984 1952 1970 -1 1959 1960 1985 -1 1975 1961 1976 -1 1977 1963 1973 -1 1956 1986 1980 -1 1986 1956 1987 -1 1956 1969 1987 -1 1988 1987 1969 -1 1965 1988 1969 -1 1967 1966 1989 -1 1966 1972 1990 -1 1972 1486 1991 -1 1948 1992 1981 -1 1948 1968 1982 -1 1992 1948 1982 -1 1981 1979 1958 -1 1974 1967 1989 -1 1951 1993 1971 -1 1951 1983 1993 -1 1983 1984 1994 -1 1952 1984 1983 -1 1993 1983 1994 -1 1976 1977 1995 -1 1995 1977 1996 -1 1977 1973 1997 -1 1973 1978 1997 -1 1987 1988 1998 -1 1999 1965 2000 -1 1988 1965 1999 -1 1965 1971 2000 -1 1971 1993 2001 -1 1989 2002 2003 -1 1966 2002 1989 -1 2004 2002 1966 -1 2004 1966 1990 -1 1990 1972 1991 -1 1992 1982 2005 -1 2005 1974 2006 -1 1982 1974 2005 -1 1974 1989 2006 -1 2006 1989 2003 -1 1993 1994 2007 -1 2007 2001 1993 -1 1960 1975 1985 -1 1975 1976 2008 -1 2008 1976 1995 -1 1959 1985 2009 -1 2009 1984 1959 -1 1970 1959 1984 -1 1996 1977 1997 -1 1978 1964 2010 -1 1979 2010 1964 -1 2011 1987 1998 -1 1988 1999 1998 -1 2000 1971 2012 -1 2001 2012 1971 -1 1991 1486 1509 -1 1994 1984 2013 -1 2001 2007 2014 -1 2014 2007 2013 -1 2007 1994 2013 -1 2009 1985 2015 -1 1997 1978 2016 -1 1986 1987 2011 -1 2011 1998 2017 -1 1999 2000 2018 -1 2018 2000 2012 -1 2019 2004 2020 -1 2004 1990 2020 -1 1991 1509 2021 -1 1510 2021 1509 -1 1992 2005 2022 -1 1979 1981 2023 -1 2024 2006 2025 -1 2005 2006 2024 -1 2026 2025 2006 -1 2006 2003 2026 -1 2001 2014 2027 -1 2013 1984 2028 -1 1985 1975 2029 -1 2015 1985 2029 -1 2008 2029 1975 -1 2008 1995 2030 -1 2030 1995 1996 -1 2030 1996 1997 -1 2009 2015 2031 -1 2009 2028 1984 -1 2016 1978 2032 -1 2033 1979 2023 -1 2033 2010 1979 -1 2010 2032 1978 -1 2034 1999 2018 -1 1998 1999 2034 -1 2012 2001 2027 -1 2035 2026 2003 -1 2003 2002 2035 -1 2002 2004 2035 -1 2019 2035 2004 -1 1990 1991 2021 -1 2023 1981 2036 -1 2022 2036 1992 -1 1981 1992 2036 -1 2014 2013 2028 -1 2028 2009 2037 -1 1997 2016 2038 -1 2023 2039 2033 -1 2017 1998 2034 -1 2018 2012 2040 -1 2040 2041 2018 -1 2012 2027 2040 -1 2026 2035 2042 -1 2020 1990 2021 -1 2022 2043 2036 -1 2005 2043 2022 -1 2005 2024 2043 -1 2044 2025 2045 -1 2024 2025 2044 -1 2025 2026 2045 -1 2028 2037 2046 -1 2014 2028 2046 -1 2029 2008 2047 -1 2008 2030 2048 -1 2048 2047 2008 -1 2030 1997 2038 -1 2009 2031 2037 -1 2032 2010 2049 -1 2036 2043 2044 -1 2024 2044 2043 -1 2045 2026 2050 -1 2014 2046 2051 -1 2015 2029 2047 -1 2030 2052 2048 -1 2030 2038 2052 -1 2016 2053 2038 -1 2016 2032 2053 -1 2034 2018 2041 -1 2040 2027 2054 -1 2051 2054 2027 -1 2027 2014 2051 -1 2055 2026 2042 -1 2042 2035 2056 -1 2019 2056 2035 -1 2019 2020 2057 -1 2058 2037 2059 -1 2046 2037 2058 -1 2058 2051 2046 -1 2047 2048 2060 -1 2053 2052 2038 -1 2041 2040 2061 -1 2026 2055 2050 -1 2055 2042 2062 -1 2062 2042 2056 -1 2039 2023 2063 -1 2036 2044 2064 -1 2064 2044 2045 -1 2015 2047 2065 -1 2060 2065 2047 -1 2053 2032 2066 -1 2049 2066 2032 -1 2033 2067 2010 -1 2049 2010 2067 -1 2054 2068 2040 -1 2050 2055 2062 -1 2069 2056 2019 -1 2019 2057 2069 -1 2023 2036 2063 -1 2064 2063 2036 -1 2070 2015 2065 -1 2031 2015 2070 -1 2037 2031 2071 -1 2071 2031 2070 -1 2072 2053 2066 -1 2039 2073 2033 -1 2051 2058 2074 -1 2062 2056 2075 -1 2039 2063 2076 -1 2065 2060 2077 -1 2078 2060 2048 -1 2048 2052 2078 -1 2079 2078 2052 -1 2079 2053 2072 -1 2052 2053 2079 -1 2071 2059 2037 -1 2067 2033 2073 -1 2040 2068 2061 -1 2074 2054 2051 -1 2050 2062 2080 -1 2063 2064 2081 -1 2081 2076 2063 -1 2076 2073 2039 -1 2045 2050 2064 -1 2064 2050 2080 -1 2059 2074 2058 -1 2082 2059 2071 -1 2066 2049 2083 -1 2083 2067 2073 -1 2049 2067 2083 -1 2062 2075 2080 -1 2056 2069 2084 -1 2085 2070 2065 -1 2078 2079 2086 -1 2072 2086 2079 -1 2072 2066 2087 -1 2087 2066 2088 -1 2066 2083 2088 -1 2068 2054 2089 -1 2054 2074 2089 -1 2080 2075 2090 -1 2056 2084 2075 -1 2064 2080 2081 -1 2081 2080 2091 -1 2089 2074 2092 -1 2074 2059 2092 -1 2070 2085 2093 -1 2071 2070 2093 -1 2085 2065 2077 -1 2077 2060 2094 -1 2060 2078 2094 -1 2071 2093 2082 -1 2086 2072 2087 -1 2088 2083 2095 -1 2083 2073 2096 -1 2097 2090 2075 -1 2075 2084 2097 -1 2073 2076 2096 -1 2091 2080 2090 -1 2059 2082 2098 -1 2059 2098 2092 -1 2077 2094 2099 -1 2086 2094 2078 -1 2095 2083 2096 -1 2092 2098 2100 -1 2093 2085 2101 -1 2099 2094 2102 -1 2094 2086 2102 -1 2103 2102 2086 -1 2098 2082 2093 -1 2088 2104 2087 -1 2095 2096 2105 -1 2076 2081 2106 -1 2106 2081 2107 -1 2107 2081 2108 -1 2096 2076 2106 -1 2106 2105 2096 -1 2081 2091 2108 -1 2091 2090 2109 -1 2090 2097 2109 -1 2110 2100 2111 -1 2100 2098 2111 -1 2085 2077 2112 -1 2099 2112 2077 -1 2101 2085 2112 -1 2099 2102 2103 -1 2093 2111 2098 -1 2113 2111 2093 -1 2113 2093 2101 -1 2086 2087 2103 -1 2088 2095 2114 -1 2114 2104 2088 -1 2095 2105 2114 -1 2106 2107 2115 -1 2116 2106 2115 -1 2107 2108 2115 -1 2105 2106 2116 -1 2116 2117 2105 -1 2108 2091 2118 -1 2119 2108 2118 -1 2109 2118 2091 -1 2110 2111 2120 -1 2112 2099 2121 -1 2099 2103 2121 -1 2111 2113 2122 -1 2122 2120 2111 -1 2122 2113 2123 -1 2117 2124 2125 -1 2126 2105 2117 -1 2114 2105 2126 -1 2127 2116 2128 -1 2116 2115 2128 -1 2115 2108 2128 -1 2128 2108 2119 -1 2124 2117 2116 -1 2116 2127 2124 -1 2119 2118 2129 -1 2118 2109 2129 -1 2120 2130 2110 -1 2112 2131 2101 -1 2121 2103 2132 -1 2133 2132 2103 -1 2101 2134 2113 -1 2123 2113 2134 -1 2122 2123 2130 -1 2120 2122 2130 -1 2134 2101 2131 -1 2103 2087 2104 -1 2104 2133 2103 -1 2124 2127 2135 -1 2135 2127 2128 -1 2128 2119 2136 -1 2136 2119 2137 -1 2119 2129 2137 -1 2123 2138 2130 -1 2139 2138 2123 -1 2138 2139 2140 -1 2124 2139 2125 -1 2140 2124 2135 -1 2139 2124 2140 -1 2141 2114 2126 -1 2141 2133 2104 -1 2104 2114 2141 -1 2125 2142 2117 -1 2126 2117 2142 -1 2136 2135 2128 -1 2136 2137 2143 -1 2144 2112 2121 -1 2131 2112 2144 -1 2145 2131 2144 -1 2146 2144 2121 -1 2132 2146 2121 -1 2146 2132 2133 -1 2134 2131 2145 -1 2147 2134 2145 -1 2123 2134 2139 -1 2134 2147 2139 -1 2139 2147 2125 -1 2142 2141 2126 -1 2142 2125 2147 -1 2148 2140 2135 -1 2148 2136 2143 -1 2136 2148 2135 -1 2143 2137 2149 -1 2145 2144 2150 -1 2144 2146 2150 -1 2150 2146 2133 -1 2145 2151 2147 -1 2145 2150 2151 -1 2150 2133 2141 -1 2150 2141 2151 -1 2142 2147 2151 -1 2141 2142 2151 -1 2140 2148 2152 -1 33 2153 34 -1 2154 34 2153 -1 2155 2156 2157 -1 2158 2159 2160 -1 2160 2159 2161 -1 2157 2161 2159 -1 2156 2161 2157 -1 2156 2155 1054 -1 1054 2155 1052 -1 2162 2154 2153 -1 2163 2154 2162 -1 2164 2163 2162 -1 2165 2166 2160 -1 2160 2166 2158 -1 2163 2164 2167 -1 2167 2164 2168 -1 2166 2167 2168 -1 2165 2167 2166 -1 2155 2157 2169 -1 2170 2155 2169 -1 2171 2172 2159 -1 2171 2158 2173 -1 2159 2158 2171 -1 2157 2159 2172 -1 1052 2155 2170 -1 2170 1083 1052 -1 2158 2166 2174 -1 2174 2166 2168 -1 2173 2158 2174 -1 2172 2175 2169 -1 2170 2169 2175 -1 2157 2172 2169 -1 2176 2171 2177 -1 2172 2171 2176 -1 2171 2173 2177 -1 2175 1083 2170 -1 2168 2164 2178 -1 33 53 2153 -1 2153 53 2179 -1 2153 2179 2162 -1 2162 2179 2180 -1 2178 2164 2180 -1 2180 2164 2162 -1 2179 53 70 -1 2181 2175 2182 -1 2183 2175 2181 -1 2175 2183 1083 -1 1083 2183 1089 -1 2184 2182 2172 -1 2176 2184 2172 -1 2175 2172 2182 -1 2180 2179 70 -1 2185 2173 2174 -1 2178 2186 2168 -1 2174 2168 2186 -1 2186 2185 2174 -1 1106 1089 2183 -1 2187 2182 2188 -1 2181 2182 2187 -1 2184 2188 2182 -1 2184 2176 2189 -1 2176 2177 2189 -1 2177 2173 2185 -1 2190 2177 2185 -1 2188 2189 2191 -1 2184 2189 2188 -1 2189 2177 2192 -1 2185 2186 2193 -1 2177 2190 2192 -1 93 2194 70 -1 70 2194 2180 -1 2194 2195 2180 -1 2180 2195 2178 -1 2178 2195 2186 -1 2195 2193 2186 -1 2194 93 116 -1 2187 2188 2191 -1 2196 2187 2191 -1 2197 2181 2196 -1 2187 2196 2181 -1 2183 2181 2197 -1 2198 2191 2189 -1 2192 2198 2189 -1 2199 2198 2192 -1 116 2200 2194 -1 2195 2194 2200 -1 2200 2201 2195 -1 2193 2195 2201 -1 2199 2193 2201 -1 2185 2193 2199 -1 2190 2185 2199 -1 2192 2190 2199 -1 1106 2183 2202 -1 2202 1126 1106 -1 162 163 2203 -1 163 166 2204 -1 163 2204 2203 -1 162 2203 170 -1 2203 2205 170 -1 2203 2204 2205 -1 2206 2205 2204 -1 115 170 2207 -1 170 2205 2208 -1 170 2208 2207 -1 2200 2207 2208 -1 115 2207 116 -1 2207 2200 116 -1 2208 2205 2206 -1 2206 2209 2208 -1 2210 2208 2209 -1 2211 2210 2209 -1 2191 2210 2211 -1 2212 2200 2208 -1 2208 2210 2212 -1 2191 2198 2210 -1 2212 2210 2198 -1 2201 2212 2198 -1 2198 2199 2201 -1 2211 2196 2191 -1 2197 2202 2183 -1 2201 2200 2212 -1 166 197 2204 -1 2204 197 2213 -1 2213 2214 2204 -1 2206 2204 2214 -1 2209 2206 2214 -1 2211 2209 2215 -1 2196 2211 2215 -1 2215 2216 2196 -1 2197 2196 2216 -1 2216 2217 2197 -1 2202 2197 2217 -1 2218 2202 2217 -1 2218 1140 2202 -1 1126 2202 1140 -1 196 2219 197 -1 2213 197 2219 -1 2209 2214 2220 -1 2215 2209 2220 -1 2220 2221 2215 -1 2221 2216 2215 -1 223 2219 196 -1 2219 2222 2213 -1 2223 2213 2222 -1 2214 2213 2223 -1 2223 2224 2214 -1 2220 2214 2224 -1 2224 2225 2220 -1 2221 2220 2225 -1 2225 2226 2221 -1 2227 2221 2226 -1 2216 2221 2227 -1 2227 2228 2216 -1 2217 2216 2228 -1 2228 2229 2217 -1 2218 2217 2229 -1 2229 2230 2218 -1 1174 2218 2230 -1 1140 2218 1174 -1 2222 223 2231 -1 223 2222 2219 -1 2224 2223 2232 -1 2227 2233 2228 -1 2229 2228 2233 -1 244 2231 223 -1 2231 2234 2222 -1 2222 2234 2223 -1 2232 2234 2235 -1 2223 2234 2232 -1 2224 2232 2236 -1 2225 2237 2226 -1 2227 2226 2237 -1 2238 2227 2237 -1 2233 2227 2238 -1 2230 2229 2233 -1 2233 2239 2230 -1 1174 2230 2239 -1 1197 1174 2239 -1 2231 244 2240 -1 2234 2231 2240 -1 2236 2232 2235 -1 2225 2224 2236 -1 2236 2241 2225 -1 2237 2225 2241 -1 2241 2242 2237 -1 2242 2238 2237 -1 2238 2243 2233 -1 2243 2244 2233 -1 2239 2233 2244 -1 2245 231 243 -1 231 2245 244 -1 2245 2240 244 -1 2240 2246 2234 -1 2236 2235 2247 -1 2248 2238 2242 -1 2248 2243 2238 -1 2249 2239 2244 -1 2239 2249 1197 -1 1212 1197 2249 -1 262 2250 2251 -1 262 2251 242 -1 242 2251 243 -1 2240 2245 2252 -1 2235 2246 2247 -1 2234 2246 2235 -1 2236 2247 2253 -1 2253 2254 2236 -1 2241 2236 2254 -1 2254 2255 2241 -1 2242 2241 2255 -1 2242 2256 2248 -1 2248 2257 2243 -1 2244 2243 2257 -1 2258 2244 2257 -1 2244 2259 2249 -1 1212 2249 2260 -1 2260 1217 1212 -1 2251 2250 2261 -1 243 2251 2261 -1 2245 243 2261 -1 2252 2262 2240 -1 2240 2262 2246 -1 2263 2264 2246 -1 2246 2264 2247 -1 2264 2253 2247 -1 2254 2253 2265 -1 2255 2254 2265 -1 2242 2255 2266 -1 2256 2242 2266 -1 2256 2257 2248 -1 2244 2258 2259 -1 2259 2267 2249 -1 2260 2249 2267 -1 2268 1217 2260 -1 2269 262 277 -1 2250 262 2269 -1 2261 2270 2245 -1 2252 2245 2270 -1 2246 2262 2271 -1 2272 2263 2273 -1 2264 2263 2272 -1 2272 2253 2264 -1 2272 2274 2253 -1 2275 2253 2274 -1 2265 2253 2275 -1 2275 2276 2265 -1 2277 2256 2266 -1 2257 2256 2278 -1 2259 2258 2279 -1 2279 2280 2259 -1 277 2281 2269 -1 2282 2261 2250 -1 2270 2261 2282 -1 2271 2262 2252 -1 2246 2271 2283 -1 2263 2246 2283 -1 2273 2263 2283 -1 2272 2273 2284 -1 2255 2265 2276 -1 2255 2276 2266 -1 2277 2266 2276 -1 2278 2256 2277 -1 2257 2285 2258 -1 2278 2285 2257 -1 2285 2279 2258 -1 2280 2268 2267 -1 2267 2259 2280 -1 2260 2267 2268 -1 1241 1217 2268 -1 2281 277 282 -1 2281 2286 2269 -1 2250 2269 2287 -1 2287 2288 2250 -1 2282 2250 2288 -1 2270 2282 2289 -1 2289 2271 2270 -1 2252 2270 2271 -1 2284 2283 2290 -1 2283 2284 2273 -1 2284 2291 2272 -1 2274 2272 2291 -1 2277 2292 2278 -1 2285 2278 2292 -1 2279 2285 2292 -1 2286 2281 2293 -1 2287 2269 2286 -1 2294 2282 2288 -1 2289 2282 2294 -1 2284 2290 2295 -1 2291 2284 2295 -1 2274 2291 2296 -1 2275 2274 2296 -1 2297 2275 2296 -1 2276 2275 2297 -1 2277 2276 2297 -1 2292 2277 2298 -1 2292 2299 2279 -1 2280 2279 2299 -1 2268 2280 2299 -1 2299 1241 2268 -1 282 294 2300 -1 282 2300 2281 -1 2293 2281 2300 -1 2286 2293 2301 -1 2302 2287 2286 -1 2288 2287 2302 -1 2302 2303 2288 -1 2294 2288 2303 -1 2289 2304 2271 -1 2304 2305 2271 -1 2271 2305 2283 -1 2305 2290 2283 -1 2295 2290 2306 -1 2295 2307 2291 -1 2296 2291 2307 -1 2308 2296 2307 -1 2297 2296 2308 -1 2297 2298 2277 -1 2299 2292 2298 -1 2300 294 306 -1 2309 2300 306 -1 2309 2293 2300 -1 2286 2301 2310 -1 2302 2286 2310 -1 2294 2303 2311 -1 2304 2289 2294 -1 2305 2304 2312 -1 2306 2305 2312 -1 2290 2305 2306 -1 2297 2308 2313 -1 2298 2297 2313 -1 2314 2298 2313 -1 2314 2315 2298 -1 2299 2298 2315 -1 1241 2299 2315 -1 1268 1241 2315 -1 2316 2309 306 -1 2304 2294 2311 -1 2312 2304 2311 -1 2311 2317 2312 -1 2306 2312 2317 -1 2317 2318 2306 -1 2295 2306 2318 -1 2307 2295 2318 -1 2314 2319 2315 -1 307 2316 306 -1 1275 2315 2319 -1 1268 2315 1275 -1 2316 2320 2309 -1 2320 2301 2293 -1 2293 2309 2320 -1 2310 2321 2302 -1 2303 2302 2321 -1 2317 2311 2322 -1 2318 2323 2307 -1 2308 2307 2323 -1 2313 2308 2323 -1 2323 2324 2313 -1 2314 2313 2324 -1 2324 2319 2314 -1 2319 1282 1275 -1 2316 307 317 -1 2320 2316 317 -1 317 2325 2320 -1 2301 2320 2325 -1 2310 2301 2325 -1 2326 2310 2325 -1 2321 2310 2326 -1 2303 2321 2327 -1 2311 2303 2327 -1 2322 2311 2327 -1 2317 2322 2328 -1 2328 2329 2317 -1 2318 2317 2329 -1 2323 2318 2329 -1 2329 2330 2323 -1 2324 2323 2330 -1 2331 2324 2330 -1 2319 2324 2331 -1 2331 2332 2319 -1 1282 2319 2332 -1 2332 1287 1282 -1 320 2333 317 -1 2325 317 2333 -1 2327 2334 2322 -1 2328 2322 2334 -1 2330 2329 2335 -1 2335 2336 2330 -1 2331 2330 2336 -1 2336 2337 2331 -1 2338 2331 2337 -1 2332 2331 2338 -1 2338 1295 2332 -1 1287 2332 1295 -1 2333 2339 2325 -1 2339 2340 2325 -1 2326 2325 2340 -1 2341 2326 2340 -1 2342 2326 2341 -1 2321 2326 2342 -1 2343 2321 2342 -1 2327 2321 2343 -1 2343 2334 2327 -1 2334 2344 2328 -1 2328 2344 2329 -1 2329 2344 2335 -1 2337 2336 2345 -1 2338 2337 2345 -1 1302 2338 2345 -1 1295 2338 1302 -1 2333 320 331 -1 331 2346 2333 -1 2339 2333 2346 -1 2334 2343 2347 -1 2347 2344 2334 -1 2347 2348 2344 -1 2344 2349 2335 -1 2349 2350 2335 -1 2336 2335 2350 -1 2350 2351 2352 -1 2350 2352 2336 -1 2336 2352 2345 -1 2353 2352 2351 -1 2354 2353 2351 -1 2352 2353 2345 -1 1314 2353 2354 -1 1302 2345 2353 -1 2353 1314 1302 -1 2354 1315 1314 -1 2346 331 339 -1 339 2355 2346 -1 2346 2355 2339 -1 2339 2355 2340 -1 339 338 2356 -1 2355 339 2356 -1 2357 2340 2355 -1 2341 2340 2358 -1 2341 2359 2342 -1 2341 2358 2359 -1 2342 2359 2343 -1 2359 2360 2343 -1 2347 2343 2360 -1 2357 2355 2356 -1 2360 2359 2361 -1 2360 2362 2347 -1 2362 2360 2361 -1 2361 2363 2362 -1 2362 2348 2347 -1 2348 2362 2363 -1 2348 2349 2344 -1 2348 2363 2349 -1 2363 2364 2349 -1 2350 2349 2364 -1 2364 2365 2350 -1 2351 2350 2365 -1 2365 2366 2351 -1 2354 2351 2366 -1 2366 1326 2354 -1 1326 1325 2354 -1 1315 2354 1325 -1 342 2367 338 -1 2356 338 2367 -1 2357 2358 2340 -1 2367 2368 2356 -1 2357 2356 2369 -1 2369 2358 2357 -1 2369 2356 2368 -1 2358 2369 2361 -1 2361 2369 2368 -1 2358 2361 2359 -1 2370 2361 2368 -1 2363 2361 2370 -1 2370 2371 2363 -1 2372 2363 2371 -1 2364 2372 2373 -1 2363 2372 2364 -1 2373 2374 2364 -1 2365 2364 2374 -1 2375 2365 2374 -1 2366 2365 2375 -1 1326 2366 2375 -1 2375 2376 1326 -1 1327 1326 2376 -1 2376 1336 1327 -1 2370 2368 2377 -1 2377 2371 2370 -1 2375 2374 2378 -1 2378 2379 2375 -1 2376 2375 2379 -1 1336 2376 2380 -1 1347 1336 2380 -1 341 2381 342 -1 2368 2367 2382 -1 2371 2377 2383 -1 2379 2378 2384 -1 2384 2385 2379 -1 2376 2379 2385 -1 2385 2380 2376 -1 2386 2367 342 -1 2382 2387 2368 -1 2388 2368 2387 -1 2377 2368 2388 -1 2371 2383 2389 -1 2372 2371 2390 -1 2374 2373 2391 -1 2378 2374 2392 -1 2384 2378 2392 -1 340 2381 341 -1 2387 2393 2388 -1 2383 2388 2393 -1 2377 2388 2383 -1 2382 2367 2394 -1 2393 2387 2395 -1 2390 2371 2389 -1 2391 2392 2374 -1 2394 2396 2382 -1 2395 2387 2397 -1 2398 2395 2397 -1 2393 2395 2398 -1 2383 2393 2398 -1 2398 2399 2383 -1 2383 2400 2389 -1 2391 2373 2401 -1 2381 2386 342 -1 2397 2382 2396 -1 2387 2382 2397 -1 2384 2402 2385 -1 2402 2380 2385 -1 2394 2367 2386 -1 2394 2403 2396 -1 2397 2396 2404 -1 2398 2397 2404 -1 2398 2404 2399 -1 2399 2400 2383 -1 2400 2390 2389 -1 2390 2405 2372 -1 2373 2372 2405 -1 2401 2373 2405 -1 2406 2384 2392 -1 2406 2402 2384 -1 1043 2381 340 -1 2402 2407 2380 -1 1347 2380 2407 -1 2404 2396 2403 -1 1347 2407 1355 -1 2390 2400 2408 -1 2405 2390 2408 -1 2408 2409 2405 -1 2401 2405 2409 -1 2409 2410 2401 -1 2391 2401 2410 -1 2392 2391 2410 -1 2410 2411 2392 -1 2406 2392 2411 -1 2402 2406 2412 -1 2381 1043 2413 -1 2413 2414 2381 -1 2381 2414 2386 -1 2414 2415 2386 -1 2394 2386 2415 -1 2403 2394 2415 -1 2415 2416 2403 -1 2404 2403 2416 -1 2399 2404 2416 -1 2402 2412 2407 -1 2400 2399 2416 -1 2416 2408 2400 -1 2412 1359 2407 -1 1355 2407 1359 -1 2417 2418 2419 -1 2418 2420 2421 -1 2418 2421 2419 -1 2419 2421 2422 -1 2423 2422 2421 -1 2424 2425 2408 -1 2425 2424 2426 -1 2408 2425 2409 -1 2426 2427 2428 -1 2425 2426 2428 -1 2409 2428 2410 -1 2425 2428 2409 -1 2428 2427 2429 -1 2430 2428 2429 -1 2410 2430 2411 -1 2428 2430 2410 -1 2431 2429 2432 -1 2429 2431 2430 -1 2431 2432 2417 -1 2419 2431 2417 -1 2431 2419 2422 -1 2433 2431 2422 -1 2431 2433 2430 -1 2430 2433 2411 -1 2434 2422 2423 -1 2422 2434 2433 -1 2435 2433 2434 -1 2433 2435 2412 -1 2411 2433 2412 -1 2412 2406 2411 -1 2414 2413 2436 -1 2436 2437 2414 -1 2438 2437 2436 -1 2438 2439 2440 -1 2441 2439 2442 -1 2441 2442 2443 -1 2441 2443 2444 -1 2439 2441 2440 -1 2445 2440 2441 -1 2441 2444 2446 -1 2444 2447 2446 -1 2446 2445 2441 -1 2414 2437 2415 -1 2437 2448 2415 -1 2437 2438 2448 -1 2438 2440 2448 -1 2440 2449 2448 -1 2449 2450 2448 -1 2448 2450 2416 -1 2416 2415 2448 -1 2420 2451 2421 -1 2450 2449 2452 -1 2421 2451 2453 -1 2451 2454 2453 -1 2421 2453 2423 -1 2450 2424 2416 -1 2424 2450 2455 -1 2454 2456 2453 -1 2452 2455 2450 -1 2457 2423 2453 -1 2408 2416 2424 -1 2453 2456 2457 -1 2426 2424 2455 -1 2455 2452 2458 -1 2423 2457 2459 -1 1377 2457 2456 -1 2457 1377 1376 -1 2460 2446 2447 -1 2445 2446 2460 -1 1376 2459 2457 -1 2461 2445 2460 -1 2449 2440 2445 -1 2449 2445 2461 -1 2452 2449 2462 -1 2462 2449 2461 -1 2458 2452 2462 -1 2459 2434 2423 -1 1396 2434 2459 -1 2463 2435 2434 -1 2435 2463 2412 -1 2434 1396 2463 -1 2412 2463 1359 -1 1398 2463 1396 -1 2463 1398 1359 -1 1378 1396 2459 -1 2459 1376 1378 -1 2444 2443 2464 -1 2464 2465 2444 -1 2447 2444 2465 -1 2466 2447 2465 -1 2455 2458 2467 -1 2468 2455 2467 -1 2469 2455 2468 -1 2426 2455 2469 -1 2460 2447 2466 -1 2466 2470 2460 -1 2461 2460 2470 -1 2471 2461 2472 -1 2472 2461 2470 -1 2462 2461 2471 -1 2458 2462 2473 -1 2473 2462 2471 -1 2467 2458 2473 -1 2474 2417 2475 -1 2418 2417 2474 -1 2476 2418 2474 -1 2477 2418 2476 -1 2478 2418 2477 -1 2420 2418 2478 -1 2479 2420 2478 -1 2420 2479 2480 -1 2451 2420 2480 -1 2427 2426 2469 -1 2481 2427 2469 -1 2482 2427 2481 -1 2429 2427 2482 -1 2483 2429 2482 -1 2475 2432 2483 -1 2432 2429 2483 -1 2417 2432 2475 -1 2480 2484 2451 -1 2454 2451 2484 -1 2484 2485 2454 -1 2456 2454 2485 -1 2485 2486 2456 -1 1377 2456 2486 -1 2487 1377 2486 -1 1406 1377 2487 -1 2443 2488 2464 -1 2471 2472 2489 -1 2485 2484 2490 -1 2474 2491 2476 -1 2492 2474 2475 -1 2467 2493 2468 -1 2468 2494 2469 -1 2495 2469 2494 -1 2470 2496 2472 -1 2486 2485 2497 -1 2472 2496 2489 -1 2475 2483 2498 -1 2482 2499 2483 -1 1406 2487 2500 -1 2464 2501 2465 -1 2501 2502 2465 -1 2466 2465 2502 -1 2494 2468 2493 -1 2503 2473 2471 -1 2491 2474 2504 -1 2477 2476 2491 -1 2478 2477 2505 -1 2481 2506 2482 -1 2499 2482 2506 -1 2480 2507 2484 -1 2486 2500 2487 -1 2502 2508 2466 -1 2493 2467 2509 -1 2509 2467 2473 -1 2504 2474 2492 -1 2505 2477 2491 -1 2505 2510 2478 -1 2498 2483 2499 -1 2492 2475 2498 -1 2485 2490 2511 -1 2500 2486 2497 -1 2500 1429 1406 -1 2466 2508 2512 -1 2470 2466 2512 -1 2496 2470 2512 -1 2503 2471 2513 -1 2473 2503 2509 -1 2479 2478 2510 -1 2510 2514 2479 -1 2480 2479 2514 -1 2507 2480 2514 -1 2495 2515 2469 -1 2481 2469 2515 -1 2506 2481 2515 -1 2507 2490 2484 -1 2497 2485 2511 -1 2488 2501 2464 -1 2471 2489 2513 -1 2501 2488 2516 -1 2516 2517 2501 -1 2501 2517 2502 -1 2508 2502 2518 -1 2493 2509 2519 -1 2519 2520 2493 -1 2494 2493 2520 -1 2495 2494 2520 -1 2512 2508 2518 -1 2503 2513 2521 -1 2509 2503 2522 -1 2522 2503 2521 -1 2519 2509 2522 -1 2514 2510 2523 -1 2523 2524 2514 -1 2507 2514 2524 -1 2515 2495 2506 -1 2490 2507 2524 -1 2525 2511 2490 -1 2497 2511 2525 -1 2526 2497 2525 -1 2500 2497 2526 -1 1429 2500 2526 -1 2527 2491 2504 -1 2523 2528 2524 -1 2510 2505 2529 -1 2495 2530 2506 -1 2531 2532 2530 -1 2533 2532 2534 -1 2530 2533 2506 -1 2532 2533 2530 -1 2498 2534 2535 -1 2499 2534 2498 -1 2533 2534 2499 -1 2533 2499 2506 -1 2536 2492 2535 -1 2535 2537 2536 -1 2492 2498 2535 -1 2538 2539 2502 -1 2502 2517 2538 -1 2518 2502 2539 -1 2540 2520 2519 -1 2531 2519 2541 -1 2540 2519 2531 -1 2520 2540 2495 -1 2540 2530 2495 -1 2528 2542 2524 -1 2531 2530 2540 -1 2539 2543 2518 -1 2542 2544 2490 -1 2490 2524 2542 -1 2518 2545 2512 -1 2545 2518 2543 -1 2496 2512 2545 -1 2525 2490 2544 -1 2496 2546 2489 -1 2547 2489 2546 -1 2513 2489 2547 -1 2546 2496 2545 -1 2548 2525 2544 -1 2525 2548 2526 -1 2549 2513 2547 -1 2526 2548 1440 -1 2550 2521 2551 -1 2521 2513 2549 -1 2526 1440 1429 -1 2551 2521 2549 -1 2521 2550 2522 -1 2522 2541 2519 -1 2541 2550 2552 -1 2522 2550 2541 -1 2492 2536 2527 -1 2504 2492 2527 -1 2539 2538 2553 -1 2554 2539 2553 -1 2543 2539 2554 -1 2555 2547 2546 -1 2549 2547 2555 -1 2550 2551 2556 -1 2557 2550 2556 -1 2552 2550 2557 -1 2541 2552 2558 -1 2558 2552 2557 -1 2531 2558 2559 -1 2541 2558 2531 -1 2560 2531 2559 -1 2531 2560 2532 -1 2532 2560 2561 -1 2562 2537 2563 -1 2527 2564 2565 -1 2527 2562 2564 -1 2536 2537 2562 -1 2527 2536 2562 -1 2566 2523 2529 -1 2528 2523 2566 -1 2505 2491 2565 -1 2491 2527 2565 -1 2529 2505 2565 -1 2523 2510 2529 -1 2532 2561 2534 -1 2563 2537 2535 -1 2561 2563 2534 -1 2535 2534 2563 -1 2528 2567 2542 -1 2544 2542 2567 -1 2548 2544 2568 -1 2569 2548 2568 -1 1440 2548 2569 -1 2569 1461 1440 -1 2554 2553 2570 -1 2571 2554 2570 -1 2543 2554 2571 -1 2545 2543 2571 -1 2546 2545 2572 -1 2572 2545 2571 -1 2555 2546 2572 -1 2573 2555 2574 -1 2549 2555 2573 -1 2559 2558 2557 -1 2561 2560 2575 -1 2563 2561 2575 -1 2562 2563 2575 -1 2564 2562 2576 -1 2528 2566 2577 -1 2529 2565 2578 -1 2566 2529 2578 -1 2577 2567 2528 -1 2579 2544 2567 -1 2544 2579 2568 -1 2551 2549 2573 -1 2573 2580 2551 -1 2556 2551 2580 -1 2557 2556 2581 -1 2582 2557 2581 -1 2559 2557 2582 -1 2582 2583 2559 -1 2584 2559 2583 -1 2560 2559 2584 -1 2575 2560 2584 -1 2584 2585 2575 -1 2562 2586 2576 -1 2586 2575 2585 -1 2562 2575 2586 -1 2587 2576 2588 -1 2564 2576 2587 -1 2565 2564 2587 -1 2577 2566 2589 -1 2589 2590 2577 -1 2590 2591 2577 -1 2567 2577 2591 -1 2579 2567 2591 -1 2592 2579 2591 -1 2592 2568 2579 -1 2569 2568 2593 -1 2570 2553 2594 -1 2594 2595 2570 -1 1461 2569 1489 -1 2571 2570 2596 -1 2597 2598 2572 -1 2555 2572 2598 -1 2556 2580 2581 -1 2599 2576 2586 -1 2588 2576 2599 -1 2578 2589 2566 -1 2596 2570 2595 -1 2600 2571 2596 -1 2597 2571 2600 -1 2572 2571 2597 -1 2574 2555 2598 -1 2601 2573 2574 -1 2580 2573 2601 -1 2602 2582 2581 -1 2585 2584 2603 -1 2565 2587 2604 -1 2588 2605 2587 -1 2589 2578 2606 -1 2578 2565 2604 -1 2606 2578 2604 -1 2586 2585 2607 -1 2568 2592 2608 -1 2593 2568 2608 -1 1489 2569 2593 -1 2602 2581 2609 -1 2610 2582 2602 -1 2583 2582 2610 -1 2584 2583 2610 -1 2603 2584 2610 -1 2603 2611 2585 -1 2606 2612 2589 -1 2590 2589 2612 -1 2607 2585 2611 -1 2599 2586 2607 -1 2613 2593 2614 -1 2606 2615 2612 -1 2590 2612 2616 -1 2606 2604 2617 -1 2607 2611 2618 -1 2595 2594 2619 -1 2600 2620 2597 -1 2621 2597 2620 -1 2597 2621 2598 -1 2622 2598 2621 -1 2623 2598 2622 -1 2574 2598 2623 -1 2624 2601 2574 -1 2580 2601 2624 -1 2581 2580 2624 -1 2625 2587 2626 -1 2587 2625 2604 -1 2587 2605 2626 -1 2606 2617 2615 -1 2627 2590 2616 -1 2591 2590 2627 -1 2628 2591 2627 -1 2629 2591 2628 -1 2592 2591 2629 -1 2629 2630 2592 -1 2631 2592 2630 -1 2592 2631 2608 -1 2614 2608 2631 -1 2593 2608 2614 -1 1519 2593 2613 -1 2593 1519 1489 -1 2599 2607 2632 -1 2609 2633 2602 -1 2634 2602 2633 -1 2610 2602 2634 -1 2635 2596 2595 -1 2636 2596 2635 -1 2636 2620 2600 -1 2600 2596 2636 -1 2637 2621 2620 -1 2622 2621 2637 -1 2574 2623 2624 -1 2603 2610 2638 -1 2617 2604 2625 -1 2639 2617 2625 -1 1519 2613 2640 -1 2605 2588 2641 -1 2615 2617 2639 -1 2595 2619 2642 -1 2635 2595 2642 -1 2610 2634 2638 -1 2637 2643 2622 -1 2609 2581 2644 -1 2581 2624 2644 -1 2626 2605 2645 -1 2641 2645 2605 -1 2639 2646 2615 -1 2615 2646 2612 -1 2616 2612 2646 -1 2603 2618 2611 -1 2599 2632 2641 -1 2647 2607 2618 -1 2632 2607 2647 -1 2588 2599 2641 -1 2628 2627 2648 -1 2648 2649 2628 -1 2629 2628 2650 -1 2614 2631 2651 -1 2613 2614 2652 -1 2640 2613 2652 -1 2653 2654 2636 -1 2637 2620 2654 -1 2636 2654 2620 -1 2643 2637 2655 -1 2623 2622 2643 -1 2624 2623 2656 -1 2644 2624 2656 -1 2625 2626 2657 -1 2658 2639 2625 -1 2650 2659 2629 -1 2630 2629 2659 -1 2659 2660 2630 -1 2651 2630 2660 -1 2631 2630 2651 -1 2651 2652 2614 -1 2640 1538 1519 -1 2627 2616 2661 -1 2647 2618 2662 -1 2632 2647 2663 -1 2642 2664 2635 -1 2636 2635 2653 -1 2623 2643 2665 -1 2656 2623 2665 -1 2648 2627 2661 -1 2628 2649 2650 -1 2609 2644 2666 -1 2652 2651 2667 -1 2658 2625 2657 -1 2640 2652 2668 -1 2669 2640 2668 -1 1538 2640 2669 -1 2665 2643 2670 -1 2671 2665 2670 -1 2656 2665 2671 -1 2670 2643 2655 -1 2656 2672 2644 -1 2657 2626 2645 -1 2639 2673 2646 -1 2673 2674 2646 -1 2674 2675 2646 -1 2616 2646 2675 -1 2661 2616 2675 -1 2639 2658 2676 -1 2647 2662 2663 -1 2641 2632 2677 -1 2660 2678 2651 -1 2667 2651 2678 -1 2668 2652 2679 -1 1539 1538 2669 -1 1547 1539 2669 -1 2680 2638 2634 -1 2681 2638 2680 -1 2653 2635 2664 -1 2637 2654 2682 -1 2671 2672 2656 -1 2644 2683 2666 -1 2658 2657 2684 -1 2645 2641 2685 -1 2639 2676 2673 -1 2676 2658 2684 -1 2603 2638 2686 -1 2603 2686 2618 -1 2662 2618 2686 -1 2652 2667 2679 -1 2668 2679 2687 -1 2669 2668 2687 -1 2674 2673 2688 -1 2684 2689 2676 -1 2686 2638 2681 -1 2685 2641 2677 -1 2609 2690 2633 -1 2691 2633 2690 -1 2634 2633 2691 -1 2680 2634 2691 -1 2692 2654 2653 -1 2637 2682 2655 -1 2693 2655 2682 -1 2693 2694 2655 -1 2670 2655 2694 -1 2671 2670 2694 -1 2683 2644 2672 -1 2649 2695 2650 -1 2664 2696 2653 -1 2696 2692 2653 -1 2697 2682 2654 -1 2671 2698 2672 -1 2684 2657 2699 -1 2657 2645 2700 -1 2685 2700 2645 -1 2673 2676 2689 -1 2663 2662 2701 -1 2648 2661 2702 -1 2649 2648 2702 -1 2659 2650 2703 -1 2704 2659 2703 -1 2660 2659 2704 -1 2704 2678 2660 -1 2678 2705 2667 -1 2667 2705 2679 -1 2705 2706 2679 -1 2674 2707 2675 -1 2661 2675 2707 -1 2689 2684 2708 -1 2709 2681 2680 -1 2686 2681 2709 -1 2701 2686 2710 -1 2662 2686 2701 -1 2666 2690 2609 -1 2654 2692 2697 -1 2684 2699 2708 -1 2702 2661 2707 -1 2699 2657 2700 -1 2702 2695 2649 -1 2703 2650 2695 -1 2704 2703 2711 -1 2673 2689 2712 -1 2688 2673 2712 -1 2705 2678 2713 -1 2714 2705 2713 -1 2690 2666 2715 -1 2716 2717 2692 -1 2697 2692 2717 -1 2682 2697 2718 -1 2693 2682 2718 -1 2698 2671 2694 -1 2698 2719 2672 -1 2683 2672 2719 -1 2708 2699 2720 -1 2700 2720 2699 -1 2632 2663 2677 -1 2685 2677 2721 -1 2704 2722 2678 -1 2713 2678 2722 -1 2706 2705 2714 -1 2687 2679 2706 -1 2723 2688 2724 -1 2725 2691 2690 -1 2712 2708 2726 -1 2692 2696 2716 -1 2709 2710 2686 -1 2710 2727 2701 -1 2728 2701 2727 -1 2663 2701 2728 -1 2677 2663 2728 -1 2721 2677 2728 -1 2718 2729 2693 -1 2666 2683 2715 -1 2689 2708 2712 -1 2688 2712 2724 -1 2702 2730 2695 -1 2695 2731 2703 -1 2711 2703 2731 -1 2704 2711 2722 -1 2725 2690 2715 -1 2691 2732 2680 -1 2696 2664 2733 -1 2697 2717 2718 -1 2694 2693 2734 -1 2698 2694 2734 -1 2693 2729 2734 -1 2735 2683 2719 -1 2726 2708 2720 -1 2720 2700 2736 -1 2700 2685 2736 -1 2674 2688 2723 -1 2674 2737 2707 -1 2730 2702 2737 -1 2738 2695 2730 -1 2731 2695 2738 -1 2731 2722 2711 -1 2725 2715 2739 -1 2725 2740 2691 -1 2740 2732 2691 -1 2729 2718 2741 -1 2734 2729 2741 -1 2698 2734 2719 -1 2715 2683 2735 -1 2742 2736 2685 -1 2720 2736 2743 -1 2724 2712 2744 -1 2737 2674 2723 -1 2702 2707 2737 -1 2685 2721 2742 -1 2716 2696 2733 -1 2717 2716 2745 -1 2717 2741 2718 -1 2715 2735 2746 -1 2739 2715 2746 -1 2712 2726 2744 -1 2709 2680 2732 -1 2747 2709 2732 -1 2710 2709 2747 -1 2747 2748 2710 -1 2727 2710 2748 -1 2749 2727 2748 -1 2721 2750 2742 -1 2728 2727 2749 -1 2749 2751 2728 -1 2721 2728 2750 -1 2738 2730 2752 -1 2731 2738 2752 -1 2722 2731 2752 -1 2713 2722 2753 -1 2714 2713 2753 -1 2723 2724 2754 -1 2755 2737 2723 -1 2744 2726 2756 -1 2747 2732 2757 -1 2758 2742 2750 -1 2750 2728 2751 -1 2730 2737 2755 -1 2722 2752 2753 -1 2741 2717 2759 -1 2735 2719 2760 -1 2746 2735 2760 -1 2739 2746 2761 -1 2762 2761 2746 -1 2720 2763 2726 -1 2764 2742 2758 -1 2736 2742 2764 -1 2743 2736 2764 -1 2763 2720 2743 -1 2724 2744 2754 -1 2732 2740 2765 -1 2733 2745 2716 -1 2717 2745 2766 -1 2759 2717 2766 -1 2741 2759 2767 -1 2734 2741 2767 -1 2734 2767 2768 -1 2719 2734 2768 -1 2760 2719 2768 -1 2744 2769 2754 -1 2746 2760 2770 -1 2746 2770 2762 -1 2763 2756 2726 -1 2756 2769 2744 -1 2757 2732 2765 -1 2771 2772 2747 -1 2748 2747 2772 -1 2749 2748 2772 -1 2752 2730 2755 -1 2773 2739 2774 -1 2725 2739 2773 -1 2740 2725 2773 -1 2765 2740 2773 -1 2745 2733 2775 -1 2776 2759 2766 -1 2767 2759 2776 -1 2777 2767 2776 -1 2768 2767 2777 -1 2760 2768 2778 -1 2770 2760 2778 -1 2779 2770 2778 -1 2778 2768 2777 -1 2770 2779 2762 -1 2761 2774 2739 -1 2762 2779 2780 -1 2762 2780 2781 -1 2781 2761 2762 -1 2782 2764 2783 -1 2743 2764 2782 -1 2763 2743 2782 -1 2784 2763 2782 -1 2756 2763 2784 -1 2754 2785 2723 -1 2755 2723 2785 -1 2769 2756 2784 -1 2757 2771 2747 -1 2749 2772 2786 -1 2758 2750 2787 -1 2788 2749 2786 -1 2751 2749 2788 -1 2752 2755 2789 -1 2753 2752 2789 -1 2789 2790 2753 -1 2745 2775 2766 -1 2777 2776 2791 -1 2777 2792 2778 -1 2779 2778 2792 -1 2785 2754 2793 -1 2774 2761 2794 -1 2784 2795 2769 -1 2796 2780 2779 -1 2754 2769 2795 -1 2794 2781 2797 -1 2761 2781 2794 -1 2797 2781 2798 -1 2793 2754 2795 -1 2781 2780 2796 -1 2781 2796 2798 -1 2796 2783 2798 -1 2783 2758 2798 -1 2786 2772 2771 -1 2758 2787 2799 -1 2764 2758 2783 -1 2788 2787 2751 -1 2750 2751 2787 -1 2755 2785 2793 -1 2800 2755 2793 -1 2789 2755 2800 -1 2800 2801 2789 -1 2790 2789 2801 -1 2773 2774 2802 -1 2765 2773 2802 -1 2775 2803 2766 -1 2791 2804 2777 -1 2776 2766 2803 -1 2791 2776 2803 -1 2792 2777 2804 -1 2792 2805 2779 -1 2798 2806 2797 -1 2806 2798 2758 -1 2799 2806 2758 -1 2783 2796 2807 -1 2783 2808 2782 -1 2784 2808 2809 -1 2782 2808 2784 -1 2810 2811 2793 -1 2795 2784 2809 -1 2795 2809 2812 -1 2810 2795 2812 -1 2793 2795 2810 -1 2757 2765 2813 -1 2800 2793 2811 -1 2811 2814 2800 -1 2801 2800 2814 -1 2774 2815 2802 -1 2802 2813 2765 -1 2816 2791 2803 -1 2804 2791 2816 -1 2779 2805 2796 -1 2774 2794 2815 -1 2807 2796 2805 -1 2808 2807 2817 -1 2809 2808 2817 -1 2809 2817 2818 -1 2807 2808 2783 -1 2812 2819 2810 -1 2810 2819 2820 -1 2811 2810 2820 -1 2820 2821 2811 -1 2818 2819 2809 -1 2812 2809 2819 -1 2822 2757 2813 -1 2757 2822 2771 -1 2771 2822 2786 -1 2823 2786 2822 -1 2799 2787 2823 -1 2788 2786 2823 -1 2788 2823 2787 -1 2814 2811 2821 -1 2813 2802 2824 -1 2804 2825 2792 -1 2825 2804 2816 -1 2794 2797 2826 -1 2826 2815 2794 -1 2806 2826 2797 -1 2824 2802 2815 -1 2827 2826 2806 -1 2813 2824 2822 -1 2822 2824 2828 -1 2828 2827 2823 -1 2823 2822 2828 -1 2827 2806 2799 -1 2827 2799 2823 -1 2792 2825 2829 -1 2805 2792 2829 -1 2826 2824 2815 -1 2818 2817 2830 -1 2819 2818 2831 -1 2819 2832 2820 -1 2820 2833 2821 -1 2824 2826 2828 -1 2828 2826 2827 -1 2805 2829 2834 -1 2807 2805 2834 -1 2817 2807 2835 -1 2818 2830 2831 -1 2831 2832 2819 -1 2836 2821 2833 -1 2816 2837 2825 -1 2835 2807 2834 -1 2817 2835 2830 -1 2833 2820 2832 -1 2838 2837 2839 -1 2825 2837 2838 -1 2840 2825 2838 -1 2829 2825 2840 -1 2835 2834 2841 -1 2835 2842 2830 -1 2830 2843 2831 -1 2844 2832 2831 -1 2833 2832 2845 -1 2845 2836 2833 -1 2829 2846 2834 -1 2841 2834 2846 -1 2831 2843 2844 -1 2844 2845 2832 -1 2847 2830 2842 -1 2835 2841 2848 -1 2842 2835 2848 -1 2843 2830 2847 -1 2849 2840 2838 -1 2829 2840 2849 -1 2846 2829 2850 -1 2851 2847 2842 -1 2852 2844 2843 -1 2845 2844 2853 -1 2838 2839 2854 -1 2829 2849 2855 -1 2829 2855 2850 -1 2846 2856 2841 -1 2848 2841 2856 -1 2848 2857 2842 -1 2843 2847 2852 -1 2849 2838 2854 -1 2851 2842 2857 -1 2858 2844 2852 -1 2853 2844 2858 -1 2855 2849 2859 -1 2849 2854 2860 -1 2861 2847 2862 -1 2851 2862 2847 -1 2852 2847 2861 -1 2852 2863 2858 -1 2853 2858 2863 -1 2859 2860 2864 -1 2849 2860 2859 -1 2850 2855 2865 -1 2856 2846 2866 -1 2867 2856 2866 -1 2848 2856 2867 -1 2857 2848 2867 -1 2859 2865 2855 -1 2851 2857 2868 -1 2852 2861 2869 -1 2863 2852 2869 -1 2865 2859 2870 -1 2862 2871 2861 -1 2865 2872 2850 -1 2846 2850 2872 -1 2872 2866 2846 -1 2862 2851 2868 -1 2869 2861 2873 -1 2871 2862 2874 -1 2868 2874 2862 -1 2868 2857 2875 -1 2861 2871 2873 -1 2876 2869 2873 -1 2875 2857 2877 -1 2867 2877 2857 -1 2867 2866 2878 -1 2877 2867 2878 -1 2874 2879 2871 -1 2875 2880 2868 -1 2877 2878 2881 -1 2875 2877 2881 -1 2872 2865 2882 -1 2881 2880 2875 -1 2859 2864 2870 -1 2882 2865 2870 -1 2872 2882 2883 -1 2866 2872 2883 -1 2883 2878 2866 -1 2882 2870 2884 -1 2874 2868 2885 -1 2880 2885 2868 -1 2883 2882 2886 -1 2878 2883 2886 -1 2886 2882 2884 -1 2879 2874 2885 -1 1047 2887 1044 -1 1044 2887 1043 -1 2887 2413 1043 -1 1049 1051 2888 -1 1047 1049 2888 -1 1047 2888 2889 -1 2889 2888 2890 -1 2888 2891 2890 -1 1047 2889 2887 -1 2889 2890 2892 -1 2890 2891 2893 -1 2890 2893 2894 -1 2888 1051 1805 -1 2413 2887 2889 -1 2890 2894 2892 -1 2889 2436 2413 -1 2892 2436 2889 -1 2892 2895 2438 -1 2436 2892 2438 -1 2895 2439 2438 -1 2896 2894 2893 -1 2897 2894 2896 -1 2897 2892 2894 -1 2897 2895 2892 -1 2896 2898 2897 -1 2895 2897 2898 -1 2895 2898 2442 -1 2898 2899 2442 -1 2442 2439 2895 -1 2442 2899 2443 -1 2900 2888 2901 -1 2891 2888 2900 -1 2902 2891 2900 -1 2893 2891 2902 -1 2903 2893 2902 -1 2888 1805 1870 -1 1870 2901 2888 -1 2904 2893 2903 -1 2896 2893 2904 -1 2896 2904 2905 -1 2898 2896 2905 -1 2906 2898 2905 -1 2899 2898 2906 -1 2906 2907 2899 -1 2443 2899 2907 -1 2900 2901 2908 -1 2902 2900 2908 -1 2901 1870 2909 -1 2905 2904 2910 -1 2911 1882 1872 -1 1872 1812 2911 -1 2904 2903 2912 -1 2907 2906 2913 -1 2902 2912 2903 -1 1812 2914 2911 -1 1873 2914 1812 -1 2904 2912 2910 -1 2905 2910 2915 -1 2906 2905 2915 -1 2909 2916 2901 -1 2908 2901 2916 -1 1883 1874 2917 -1 1874 1875 2917 -1 2916 2909 2918 -1 2914 1873 1883 -1 2913 2488 2907 -1 2443 2907 2488 -1 2908 2919 2902 -1 2912 2902 2919 -1 2909 1871 1882 -1 1870 1871 2909 -1 2917 1875 1901 -1 2913 2906 2915 -1 2920 2919 2908 -1 2919 2920 2912 -1 2918 2909 2921 -1 2909 1882 2921 -1 2920 2922 2912 -1 2914 1883 2923 -1 1883 2917 2923 -1 2923 2917 2924 -1 2917 1901 2924 -1 2924 1901 1902 -1 2910 2912 2922 -1 2915 2910 2922 -1 2925 2915 2922 -1 2926 2915 2925 -1 2913 2915 2926 -1 2926 2927 2913 -1 2488 2913 2927 -1 2927 2516 2488 -1 2918 2928 2916 -1 2929 2908 2916 -1 2928 2929 2916 -1 2928 2930 2929 -1 2908 2929 2920 -1 2929 2931 2920 -1 2921 2928 2918 -1 2928 2921 2932 -1 2911 2921 1882 -1 2933 2911 2914 -1 2928 2932 2930 -1 2933 2914 2934 -1 2931 2929 2930 -1 2920 2931 2922 -1 2931 2935 2922 -1 2934 2914 2936 -1 2936 2937 2934 -1 2923 2936 2914 -1 2923 2938 2936 -1 2938 2923 2939 -1 2939 2923 2940 -1 2924 2940 2923 -1 2922 2935 2941 -1 2922 2941 2925 -1 2942 2925 2941 -1 2942 2943 2925 -1 2926 2925 2943 -1 2943 2927 2926 -1 2943 2944 2927 -1 2945 2940 2924 -1 2924 1902 2945 -1 2945 1902 1928 -1 2516 2927 2944 -1 2944 2517 2516 -1 2517 2944 2538 -1 2932 2921 2911 -1 2933 2932 2911 -1 2930 2932 2946 -1 2947 2930 2946 -1 2933 2934 2937 -1 2930 2947 2931 -1 2931 2947 2935 -1 2935 2947 2948 -1 2937 2936 2949 -1 2949 2936 2938 -1 2939 2940 2950 -1 2941 2935 2951 -1 2951 2942 2941 -1 2943 2942 2952 -1 2943 2952 2953 -1 2944 2943 2953 -1 2940 2945 2954 -1 2945 1928 2954 -1 2953 2955 2944 -1 2538 2944 2955 -1 2553 2538 2955 -1 2932 2956 2946 -1 2932 2933 2957 -1 2956 2932 2957 -1 2933 2937 2957 -1 2949 2957 2937 -1 2958 2947 2946 -1 2958 2948 2947 -1 2935 2948 2959 -1 2938 2939 2960 -1 2960 2939 2950 -1 2951 2935 2959 -1 2961 2951 2962 -1 2942 2951 2961 -1 2963 2952 2942 -1 2950 2940 2954 -1 2954 1928 1955 -1 2946 2956 2958 -1 2957 2949 2964 -1 2948 2958 2965 -1 2948 2965 2959 -1 2951 2959 2962 -1 2963 2942 2961 -1 2553 2955 2966 -1 2958 2956 2967 -1 2967 2956 2957 -1 2964 2968 2957 -1 2964 2949 2969 -1 2949 2938 2969 -1 2960 2969 2938 -1 2952 2970 2953 -1 2950 2954 2971 -1 2971 2972 2950 -1 2971 2954 2973 -1 2954 1955 2973 -1 2973 1955 2974 -1 2955 2953 2970 -1 2970 2966 2955 -1 2594 2553 2966 -1 2975 2967 2976 -1 2977 2967 2975 -1 2957 2968 2976 -1 2967 2957 2976 -1 2958 2967 2977 -1 2965 2958 2977 -1 2960 2950 2972 -1 2962 2959 2978 -1 2979 2961 2962 -1 2979 2980 2961 -1 2963 2961 2980 -1 2952 2963 2981 -1 2970 2952 2981 -1 2974 1955 1980 -1 2959 2965 2978 -1 2969 2960 2982 -1 2982 2960 2983 -1 2960 2972 2983 -1 2981 2963 2980 -1 2984 2972 2985 -1 2972 2971 2985 -1 2971 2973 2986 -1 2987 2986 2973 -1 2973 2974 2987 -1 2966 2970 2988 -1 2988 2989 2966 -1 2594 2966 2989 -1 2976 2968 2990 -1 2968 2964 2991 -1 2992 2993 2977 -1 2965 2977 2993 -1 2993 2978 2965 -1 2964 2969 2991 -1 2983 2972 2984 -1 2994 2962 2978 -1 2979 2962 2994 -1 2970 2981 2995 -1 2996 2970 2995 -1 2988 2970 2996 -1 2988 2996 2997 -1 2971 2986 2985 -1 2985 2986 2998 -1 2998 2986 2999 -1 2986 2987 2999 -1 2987 3000 2999 -1 3001 2989 2988 -1 2989 3001 3002 -1 2974 3003 2987 -1 3004 2989 3002 -1 2594 2989 3004 -1 2974 1980 3003 -1 2976 2990 2975 -1 2990 2968 3005 -1 3006 3005 2968 -1 3006 2968 2991 -1 3007 2977 2975 -1 2991 2969 3008 -1 2983 3009 2982 -1 3010 2979 2994 -1 2979 3010 2980 -1 1986 3003 1980 -1 3011 2980 3010 -1 2981 2980 3011 -1 2995 2981 3011 -1 3000 2987 3003 -1 2997 3001 2988 -1 3004 2619 2594 -1 2993 2992 3012 -1 2975 2990 3007 -1 2977 3007 2992 -1 2969 2982 3008 -1 3013 3009 2983 -1 2983 2984 3013 -1 2995 3011 3014 -1 3015 2996 2995 -1 2997 2996 3015 -1 2985 2998 3016 -1 3017 3000 3003 -1 3001 2997 3018 -1 3002 3001 3018 -1 3019 3007 2990 -1 2978 2993 3020 -1 2994 2978 3021 -1 3008 2982 3022 -1 3022 2982 3023 -1 2982 3009 3023 -1 3023 3009 3013 -1 2994 3024 3010 -1 3025 3010 3024 -1 3011 3010 3025 -1 3014 3011 3025 -1 2995 3014 3026 -1 3015 2995 3026 -1 3016 2998 3027 -1 2998 2999 3027 -1 3018 2997 3015 -1 3004 3002 3028 -1 3004 2642 2619 -1 1986 3029 3003 -1 3030 3007 3019 -1 2992 3007 3030 -1 3012 3020 2993 -1 2991 3008 3031 -1 3022 3023 3032 -1 3023 3013 3033 -1 3024 2994 3021 -1 1986 2011 3034 -1 3026 3035 3015 -1 3013 2984 3036 -1 3036 2985 3037 -1 2984 2985 3036 -1 3037 3016 3038 -1 2985 3016 3037 -1 3016 3027 3038 -1 2999 3039 3027 -1 2999 3000 3040 -1 3040 3000 3017 -1 3017 3003 3029 -1 3018 3015 3041 -1 3028 3002 3018 -1 3021 2978 3020 -1 3032 3023 3033 -1 3033 3013 3042 -1 3025 3024 3043 -1 3044 3025 3043 -1 3044 3014 3025 -1 3026 3014 3044 -1 3013 3036 3042 -1 3037 3038 3045 -1 3038 3039 3045 -1 3027 3039 3038 -1 3039 2999 3040 -1 3017 3029 3046 -1 3028 3047 3004 -1 3047 2642 3004 -1 2011 2017 3034 -1 2992 3030 3048 -1 3012 2992 3048 -1 2990 3005 3049 -1 3008 3022 3031 -1 3035 3041 3015 -1 3039 3040 3050 -1 3029 1986 3051 -1 2034 3034 2017 -1 2990 3049 3019 -1 3006 3052 3005 -1 3006 2991 3053 -1 2991 3031 3053 -1 3032 3033 3054 -1 3021 3055 3024 -1 3042 3036 3056 -1 3026 3044 3057 -1 1986 3034 3058 -1 3058 3051 1986 -1 3036 3037 3059 -1 3045 3060 3059 -1 3037 3045 3059 -1 3060 3045 3061 -1 3045 3039 3061 -1 3061 3039 3050 -1 3040 3017 3062 -1 3062 3017 3046 -1 3018 3041 3063 -1 3047 3028 3064 -1 3049 3065 3019 -1 3066 3030 3065 -1 3030 3019 3065 -1 3048 3030 3066 -1 3052 3049 3005 -1 3022 3032 3031 -1 3032 3054 3067 -1 3033 3042 3054 -1 3024 3055 3068 -1 3043 3024 3068 -1 3041 3035 3069 -1 3056 3036 3070 -1 3059 3070 3036 -1 3062 3050 3040 -1 3018 3063 3028 -1 3046 3029 3051 -1 3065 3049 3071 -1 3012 3048 3072 -1 3053 3052 3006 -1 3053 3031 3073 -1 3074 3020 3075 -1 3021 3020 3074 -1 3073 3031 3032 -1 3054 3042 3056 -1 3074 3055 3021 -1 3035 3026 3057 -1 3046 3051 3076 -1 3077 3061 3050 -1 3078 3058 3034 -1 3034 2034 3078 -1 3050 3062 3079 -1 3080 3062 3046 -1 3078 2034 3081 -1 3080 3046 3076 -1 2041 3081 2034 -1 3063 3041 3069 -1 3028 3063 3064 -1 3047 2664 2642 -1 3065 3071 3082 -1 3066 3065 3082 -1 3066 3083 3048 -1 3084 3071 3049 -1 3049 3052 3085 -1 3085 3084 3049 -1 3053 3073 3086 -1 3054 3056 3067 -1 3057 3043 3068 -1 3044 3043 3057 -1 3035 3057 3087 -1 3069 3035 3087 -1 3059 3060 3070 -1 3079 3077 3050 -1 3079 3062 3080 -1 3088 3076 3051 -1 3051 3058 3088 -1 3058 3078 3089 -1 3090 3081 2041 -1 2041 2061 3090 -1 3072 3048 3083 -1 3020 3012 3072 -1 3072 3075 3020 -1 3053 3086 3052 -1 3067 3091 3032 -1 3092 3055 3074 -1 3068 3055 3092 -1 3057 3068 3093 -1 3069 3087 3094 -1 3056 3070 3067 -1 3061 3095 3060 -1 3061 3077 3096 -1 3077 3079 3097 -1 3097 3079 3080 -1 3069 3094 3063 -1 3098 3063 3094 -1 3064 3063 3098 -1 2664 3047 3099 -1 2733 2664 3100 -1 3080 3076 3101 -1 3089 3081 3102 -1 3088 3058 3103 -1 3058 3089 3103 -1 3081 3089 3078 -1 3090 2061 3104 -1 2061 2068 3104 -1 3085 3052 3105 -1 3086 3105 3052 -1 3032 3091 3073 -1 3092 3093 3068 -1 3087 3057 3093 -1 3106 3087 3093 -1 3070 3060 3095 -1 3107 3095 3061 -1 3096 3077 3097 -1 3047 3064 3098 -1 3099 3047 3098 -1 3101 3076 3088 -1 3102 3081 3108 -1 3090 3108 3081 -1 3082 3071 3109 -1 3109 3110 3082 -1 3066 3082 3110 -1 3109 3071 3084 -1 3074 3075 3111 -1 3086 3073 3112 -1 3073 3091 3112 -1 3091 3067 3113 -1 3092 3074 3111 -1 3087 3106 3114 -1 3067 3070 3113 -1 3070 3095 3113 -1 3096 3107 3061 -1 3101 3115 3080 -1 3090 3104 3108 -1 2068 2089 3104 -1 3083 3066 3110 -1 3072 3083 3116 -1 3075 3072 3116 -1 3084 3085 3117 -1 3105 3086 3118 -1 3119 3075 3116 -1 3075 3119 3111 -1 3120 3111 3119 -1 3086 3112 3118 -1 3092 3111 3120 -1 3094 3087 3114 -1 3097 3080 3115 -1 3121 3094 3114 -1 3099 3100 2664 -1 3088 3103 3122 -1 3103 3089 3102 -1 3083 3110 3123 -1 3116 3083 3123 -1 3118 3112 3124 -1 3124 3112 3125 -1 3112 3091 3125 -1 3091 3113 3125 -1 3125 3113 3126 -1 3126 3113 3127 -1 3113 3095 3127 -1 2089 2092 3128 -1 3129 3101 3130 -1 3128 2092 2100 -1 3101 3088 3130 -1 3088 3122 3130 -1 3128 3131 2089 -1 3132 3108 3131 -1 3108 2089 3131 -1 3108 3104 2089 -1 3092 3120 3133 -1 3092 3133 3093 -1 3134 3093 3133 -1 3106 3093 3134 -1 3134 3135 3106 -1 3114 3106 3135 -1 3127 3095 3136 -1 3095 3107 3136 -1 3096 3097 3137 -1 3137 3107 3096 -1 3115 3137 3097 -1 3115 3101 3129 -1 3098 3094 3121 -1 3121 3138 3098 -1 3099 3098 3138 -1 3139 3109 3140 -1 3109 3139 3110 -1 3084 3117 3140 -1 3117 3085 3141 -1 3109 3084 3140 -1 3085 3105 3142 -1 3142 3141 3085 -1 3118 3142 3105 -1 3120 3119 3143 -1 3124 3125 3144 -1 3145 3124 3144 -1 3125 3126 3146 -1 3144 3125 3146 -1 3126 3127 3146 -1 3128 2100 2110 -1 3147 3133 3120 -1 3134 3133 3147 -1 3115 3129 3137 -1 3121 3114 3135 -1 3102 3122 3103 -1 3102 3108 3132 -1 3143 3119 3116 -1 3148 3149 3143 -1 3149 3150 3143 -1 3118 3124 3151 -1 3145 3151 3124 -1 3144 3146 3152 -1 3146 3153 3152 -1 3127 3153 3146 -1 3127 3136 3153 -1 3154 3128 3155 -1 3128 2110 3155 -1 3143 3150 3120 -1 3150 3147 3120 -1 3134 3147 3156 -1 3135 3134 3156 -1 3153 3136 3157 -1 3136 3107 3157 -1 3107 3137 3157 -1 3157 3137 3158 -1 3137 3129 3158 -1 3138 3121 3159 -1 3099 3138 3160 -1 3100 3099 3160 -1 2733 3100 2775 -1 3130 3122 3161 -1 3122 3102 3132 -1 3162 3131 3154 -1 3131 3162 3132 -1 3131 3128 3154 -1 3163 3110 3139 -1 3123 3110 3163 -1 3117 3164 3140 -1 3141 3142 3165 -1 3142 3118 3165 -1 3151 3165 3118 -1 3143 3116 3166 -1 3148 3143 3166 -1 3166 3167 3148 -1 3168 3149 3148 -1 3150 3149 3169 -1 3170 3169 3149 -1 3151 3145 3171 -1 3144 3152 3171 -1 3152 3153 3172 -1 3155 2110 2130 -1 3147 3150 3173 -1 3147 3173 3156 -1 3135 3156 3174 -1 3172 3157 3175 -1 3153 3157 3172 -1 3157 3158 3175 -1 3176 3175 3158 -1 3158 3129 3176 -1 3121 3135 3174 -1 3159 3121 3174 -1 3160 3138 3159 -1 3160 2775 3100 -1 3129 3130 3176 -1 3161 3176 3130 -1 3161 3122 3177 -1 3122 3132 3177 -1 3177 3132 3162 -1 3139 3140 3164 -1 3117 3141 3164 -1 3165 3151 3178 -1 3166 3116 3123 -1 3167 3168 3148 -1 3168 3151 3179 -1 3168 3170 3149 -1 3170 3168 3179 -1 3144 3171 3145 -1 3173 3150 3169 -1 3180 3156 3173 -1 3174 3156 3180 -1 3175 3181 3172 -1 3175 3176 3182 -1 3174 3180 3159 -1 3180 3183 3159 -1 3160 3159 3183 -1 3183 3184 3160 -1 2775 3160 3184 -1 2803 2775 3184 -1 3185 3182 3176 -1 3176 3161 3185 -1 3177 3185 3161 -1 3186 3185 3177 -1 3177 3162 3186 -1 3186 3162 3187 -1 3162 3154 3187 -1 3139 3164 3188 -1 3163 3139 3188 -1 3163 3189 3123 -1 3164 3141 3190 -1 3141 3165 3190 -1 3164 3190 3188 -1 3165 3191 3190 -1 3123 3189 3167 -1 3167 3192 3168 -1 3178 3191 3165 -1 3178 3168 3192 -1 3168 3178 3151 -1 3123 3167 3166 -1 3171 3179 3151 -1 3193 3179 3171 -1 3152 3193 3171 -1 3194 3193 3152 -1 3155 3195 3196 -1 3154 3155 3196 -1 3155 2130 3195 -1 2138 3195 2130 -1 3170 3197 3169 -1 3173 3169 3197 -1 3198 3173 3197 -1 3180 3173 3198 -1 3198 3199 3180 -1 3194 3152 3181 -1 3172 3181 3152 -1 3181 3175 3200 -1 3182 3200 3175 -1 3201 3200 3182 -1 3199 3183 3180 -1 3202 3183 3199 -1 3184 3183 3202 -1 3202 3203 3184 -1 2803 3184 3203 -1 3182 3185 3201 -1 3201 3185 3204 -1 3204 3185 3186 -1 3187 3154 3196 -1 3188 3189 3163 -1 3188 3190 3205 -1 3191 3205 3190 -1 3188 3205 3189 -1 3189 3205 3167 -1 3167 3205 3192 -1 3191 3178 3205 -1 3205 3178 3192 -1 3170 3179 3206 -1 3179 3193 3207 -1 3206 3179 3207 -1 3193 3194 3208 -1 3209 2138 3210 -1 3195 2138 3209 -1 3197 3170 3206 -1 3181 3200 3211 -1 3200 3212 3211 -1 3201 3212 3200 -1 3201 3213 3212 -1 3214 3202 3199 -1 3203 2816 2803 -1 3201 3204 3215 -1 3186 3187 3216 -1 3187 3196 3216 -1 2148 2143 3217 -1 3217 2143 3218 -1 3194 3219 3208 -1 3197 3206 3220 -1 3198 3197 3220 -1 3199 3198 3221 -1 3214 3199 3221 -1 3194 3181 3219 -1 3202 3214 3222 -1 2816 3203 2837 -1 3215 3213 3201 -1 3204 3186 3223 -1 3186 3216 3223 -1 3196 3195 3224 -1 3193 3208 3207 -1 3224 3195 3209 -1 3210 2138 3225 -1 2138 2140 3225 -1 3181 3211 3219 -1 3226 3202 3222 -1 3203 3202 3226 -1 2837 3203 3226 -1 3204 3223 3215 -1 3196 3224 3216 -1 2152 3225 2140 -1 2148 3217 2152 -1 3221 3198 3220 -1 3219 3211 3227 -1 3227 3211 3228 -1 3211 3212 3228 -1 3226 3222 3229 -1 3215 3223 3230 -1 3216 3224 3231 -1 3232 3220 3206 -1 3233 3220 3232 -1 3219 3234 3208 -1 3221 3220 3233 -1 3235 3221 3233 -1 3214 3221 3236 -1 3234 3219 3227 -1 3212 3213 3228 -1 3237 3229 3222 -1 3238 3226 3229 -1 2837 3226 3238 -1 2839 2837 3238 -1 3239 3228 3213 -1 3215 3239 3213 -1 3239 3215 3230 -1 3230 3223 3231 -1 3223 3216 3231 -1 3240 3231 3224 -1 3224 3209 3241 -1 3240 3224 3241 -1 3242 3243 3218 -1 3225 2152 3244 -1 2152 3217 3244 -1 3244 3217 3243 -1 3218 3243 3217 -1 3207 3208 3245 -1 3245 3246 3207 -1 3241 3209 3247 -1 3247 3209 3248 -1 3210 3248 3209 -1 3206 3207 3249 -1 3249 3207 3246 -1 3208 3234 3245 -1 3230 3231 3250 -1 3221 3235 3236 -1 3231 3240 3251 -1 3240 3241 3252 -1 3243 3242 3253 -1 3222 3214 3236 -1 3237 3222 3236 -1 3210 3225 3248 -1 3225 3244 3254 -1 3254 3244 3255 -1 3244 3243 3255 -1 3239 3230 3256 -1 3206 3249 3257 -1 3232 3206 3257 -1 3245 3234 3258 -1 3227 3228 3259 -1 3260 3259 3228 -1 3260 3239 3261 -1 3228 3239 3260 -1 3261 3239 3256 -1 3230 3250 3256 -1 3251 3250 3231 -1 3251 3240 3252 -1 3248 3225 3254 -1 3246 3245 3262 -1 3257 3263 3232 -1 3262 3245 3264 -1 3258 3264 3245 -1 3265 3233 3232 -1 3234 3227 3259 -1 3266 3237 3236 -1 3267 3251 3252 -1 2839 3238 3268 -1 3257 3249 3269 -1 3246 3269 3249 -1 3265 3232 3263 -1 3235 3233 3265 -1 3236 3235 3270 -1 3271 3236 3270 -1 3259 3260 3272 -1 3229 3237 3273 -1 3274 3229 3273 -1 3229 3274 3238 -1 2854 2839 3268 -1 3260 3261 3275 -1 3275 3261 3276 -1 3261 3256 3276 -1 3277 3276 3256 -1 3256 3250 3277 -1 3250 3251 3278 -1 3251 3267 3278 -1 3252 3241 3279 -1 3243 3253 3280 -1 3255 3243 3281 -1 3264 3258 3282 -1 3265 3270 3235 -1 3258 3234 3259 -1 3271 3266 3236 -1 3266 3273 3237 -1 3274 3283 3238 -1 3268 3238 3283 -1 3260 3275 3272 -1 3277 3250 3278 -1 3267 3252 3279 -1 3243 3280 3281 -1 3247 3248 3284 -1 3248 3254 3284 -1 3263 3285 3265 -1 3286 3265 3285 -1 3270 3265 3286 -1 3258 3259 3287 -1 3259 3272 3288 -1 3274 3273 3289 -1 3289 3290 3274 -1 2854 3268 3291 -1 2860 2854 3291 -1 3290 3283 3274 -1 3268 3283 3292 -1 3293 3294 3277 -1 3275 3276 3295 -1 3294 3295 3276 -1 3276 3277 3294 -1 3279 3241 3296 -1 3247 3296 3241 -1 3267 3279 3297 -1 3280 3253 3298 -1 3257 3269 3299 -1 3282 3258 3287 -1 3288 3287 3259 -1 3288 3272 3300 -1 3266 3271 3301 -1 3301 3302 3266 -1 3291 3268 3292 -1 3303 3304 3275 -1 3275 3295 3303 -1 3295 3294 3305 -1 3305 3303 3295 -1 3306 3305 3294 -1 3293 3277 3307 -1 3277 3278 3307 -1 3257 3308 3263 -1 3270 3286 3309 -1 3287 3288 3310 -1 3272 3275 3311 -1 3311 3275 3304 -1 3301 3271 3312 -1 3306 3294 3313 -1 3311 3314 3272 -1 3293 3313 3294 -1 3266 3302 3315 -1 3273 3266 3315 -1 3289 3273 3316 -1 3307 3278 3317 -1 3278 3267 3317 -1 3290 3289 3318 -1 2860 3291 3319 -1 3319 3320 2860 -1 2864 2860 3320 -1 3283 3290 3321 -1 3280 3322 3281 -1 3291 3292 3323 -1 3308 3257 3299 -1 3263 3308 3324 -1 3312 3270 3309 -1 3271 3270 3312 -1 3300 3310 3288 -1 3300 3272 3325 -1 3301 3312 3302 -1 3291 3323 3319 -1 3290 3326 3321 -1 3292 3283 3327 -1 3323 3292 3327 -1 3328 3311 3304 -1 3304 3303 3328 -1 3329 3313 3293 -1 3293 3307 3329 -1 3296 3247 3330 -1 3297 3279 3331 -1 3330 3284 3332 -1 3247 3284 3330 -1 3284 3254 3333 -1 3254 3255 3333 -1 3269 3246 3334 -1 3262 3334 3246 -1 3299 3269 3334 -1 3262 3264 3335 -1 3264 3282 3335 -1 3285 3263 3324 -1 3282 3287 3336 -1 3337 3336 3287 -1 3287 3310 3337 -1 3314 3325 3272 -1 3273 3315 3338 -1 3316 3273 3338 -1 3316 3339 3289 -1 3318 3289 3339 -1 2864 3320 3340 -1 3326 3290 3318 -1 3283 3321 3327 -1 3328 3341 3311 -1 3329 3307 3317 -1 3317 3267 3342 -1 3330 3343 3296 -1 3344 3296 3343 -1 3279 3296 3344 -1 3344 3331 3279 -1 3297 3342 3267 -1 3305 3328 3303 -1 3305 3306 3345 -1 3333 3332 3284 -1 3324 3346 3285 -1 3310 3300 3347 -1 3326 3318 3348 -1 3341 3314 3311 -1 3345 3328 3305 -1 3306 3313 3349 -1 3349 3313 3350 -1 3313 3329 3350 -1 3331 3351 3297 -1 3297 3351 3342 -1 3333 3255 3352 -1 3255 3281 3352 -1 3286 3285 3346 -1 3312 3309 3353 -1 3337 3310 3347 -1 3325 3347 3300 -1 3302 3312 3354 -1 3339 3348 3318 -1 3320 3319 3355 -1 3321 3326 3356 -1 3357 3321 3356 -1 3327 3321 3357 -1 3323 3327 3319 -1 3358 3329 3317 -1 3317 3342 3359 -1 3312 3353 3354 -1 3354 3315 3302 -1 3360 3316 3338 -1 3339 3316 3360 -1 3361 3326 3348 -1 3341 3328 3362 -1 3328 3345 3362 -1 3359 3342 3363 -1 3337 3347 3364 -1 3360 3365 3339 -1 3348 3339 3365 -1 3355 3340 3320 -1 3326 3361 3356 -1 3355 3319 3327 -1 3345 3306 3349 -1 3358 3317 3359 -1 3333 3352 3366 -1 3334 3262 3367 -1 3335 3367 3262 -1 3335 3282 3368 -1 3346 3369 3286 -1 3370 3286 3369 -1 3309 3286 3370 -1 3341 3371 3314 -1 3315 3354 3372 -1 3373 3315 3372 -1 3338 3315 3373 -1 3365 3374 3348 -1 3361 3348 3374 -1 3371 3341 3362 -1 3375 3345 3349 -1 3362 3345 3375 -1 3329 3358 3376 -1 3358 3359 3376 -1 3363 3342 3351 -1 3322 3352 3281 -1 3353 3309 3377 -1 3354 3353 3377 -1 3282 3336 3368 -1 3336 3364 3378 -1 3337 3364 3336 -1 3325 3364 3347 -1 3372 3354 3377 -1 3379 3314 3371 -1 3360 3338 3380 -1 3360 3381 3365 -1 3357 3356 3382 -1 3355 3327 3357 -1 3371 3362 3383 -1 3375 3383 3362 -1 3384 3349 3350 -1 3376 3359 3363 -1 3376 3350 3329 -1 3352 3322 3385 -1 3377 3309 3370 -1 3368 3336 3378 -1 3378 3364 3386 -1 3364 3325 3387 -1 3325 3314 3379 -1 3365 3381 3388 -1 3374 3365 3388 -1 3373 3372 3389 -1 3380 3338 3373 -1 3355 3357 3390 -1 3340 3355 3390 -1 3391 3340 3390 -1 3392 3390 3357 -1 3343 3330 3393 -1 3332 3393 3330 -1 3332 3333 3394 -1 3333 3366 3394 -1 3377 3370 3395 -1 3372 3377 3395 -1 3379 3387 3325 -1 3340 3391 3396 -1 3382 3356 3361 -1 2870 3340 3396 -1 2864 3340 2870 -1 3384 3375 3349 -1 3397 3384 3350 -1 3397 3350 3398 -1 3376 3363 3399 -1 3385 3322 3400 -1 3393 3332 3394 -1 3366 3352 3385 -1 3367 3335 3401 -1 3364 3387 3386 -1 3387 3379 3402 -1 3403 3402 3379 -1 3379 3371 3403 -1 3380 3373 3404 -1 3381 3360 3380 -1 3391 3390 3396 -1 3405 3361 3374 -1 3405 3382 3361 -1 3406 3390 3392 -1 3403 3371 3383 -1 3407 3384 3397 -1 3398 3407 3397 -1 3398 3350 3376 -1 3399 3408 3376 -1 3331 3344 3409 -1 3410 3411 3363 -1 3363 3351 3410 -1 3299 3334 3412 -1 3334 3367 3412 -1 3308 3299 3413 -1 3324 3308 3413 -1 3368 3401 3335 -1 3395 3370 3414 -1 3414 3415 3395 -1 3372 3395 3415 -1 3389 3372 3415 -1 3374 3388 3416 -1 3416 3405 3374 -1 3396 3390 3406 -1 3357 3382 3417 -1 3417 3392 3357 -1 3384 3407 3418 -1 3408 3398 3376 -1 3369 3419 3370 -1 3414 3370 3419 -1 3380 3404 3420 -1 3381 3380 3420 -1 3405 3416 3421 -1 3396 3406 3422 -1 3382 3405 3423 -1 3423 3424 3382 -1 3417 3382 3424 -1 3403 3383 3425 -1 3375 3384 3426 -1 3426 3384 3418 -1 3399 3363 3411 -1 3343 3409 3344 -1 3413 3299 3412 -1 3401 3368 3427 -1 3419 3428 3414 -1 3415 3414 3428 -1 3389 3429 3373 -1 3430 3373 3429 -1 3404 3373 3430 -1 3420 3404 3430 -1 3405 3421 3431 -1 3423 3405 3431 -1 3406 3392 3432 -1 3425 3383 3433 -1 3426 3418 3434 -1 3407 3434 3418 -1 3409 3343 3435 -1 3343 3393 3435 -1 3410 3436 3411 -1 3378 3386 3437 -1 3381 3420 3438 -1 3388 3381 3438 -1 3424 3423 3431 -1 3383 3375 3433 -1 3434 3407 3439 -1 3407 3398 3439 -1 3408 3399 3440 -1 3411 3440 3399 -1 3351 3331 3441 -1 3410 3351 3441 -1 3408 3439 3398 -1 3324 3413 3442 -1 3346 3324 3442 -1 3443 3425 3433 -1 3403 3425 3443 -1 3402 3403 3443 -1 3416 3388 3438 -1 3421 3416 3444 -1 3420 3430 3445 -1 3438 3420 3445 -1 3424 3431 3446 -1 3417 3424 3446 -1 3432 3392 3417 -1 2870 3396 3422 -1 3433 3375 3447 -1 3447 3426 3434 -1 3375 3426 3447 -1 3439 3448 3434 -1 3436 3440 3411 -1 3409 3441 3331 -1 3367 3401 3449 -1 3378 3437 3450 -1 3437 3386 3451 -1 3387 3451 3386 -1 3389 3415 3428 -1 3438 3444 3416 -1 3445 3430 3429 -1 3431 3421 3452 -1 3422 3406 3453 -1 2884 2870 3454 -1 3455 3433 3447 -1 3440 3436 3456 -1 3412 3367 3457 -1 3413 3412 3458 -1 3442 3413 3458 -1 3367 3449 3457 -1 3449 3401 3427 -1 3368 3378 3459 -1 3437 3451 3450 -1 3451 3387 3460 -1 3387 3402 3461 -1 3443 3461 3402 -1 3445 3462 3438 -1 3444 3452 3421 -1 3446 3431 3452 -1 3446 3432 3417 -1 3406 3432 3453 -1 3454 2870 3422 -1 3447 3434 3448 -1 3448 3439 3463 -1 3368 3459 3427 -1 3419 3464 3428 -1 3459 3378 3450 -1 3450 3451 3460 -1 3461 3443 3465 -1 3443 3433 3465 -1 3462 3444 3438 -1 3445 3429 3466 -1 3462 3445 3466 -1 3467 3444 3462 -1 3467 3468 3444 -1 3452 3444 3468 -1 3452 3468 3469 -1 3469 3446 3452 -1 3465 3433 3455 -1 3455 3447 3448 -1 3456 3408 3440 -1 3435 3393 3470 -1 3436 3410 3456 -1 3410 3441 3456 -1 3393 3394 3470 -1 3463 3471 3448 -1 3471 3463 3472 -1 3463 3439 3473 -1 3408 3473 3439 -1 3409 3435 3474 -1 3435 3470 3474 -1 3389 3428 3464 -1 3456 3441 3475 -1 3461 3460 3387 -1 3429 3389 3476 -1 3466 3429 3477 -1 3478 3462 3466 -1 3478 3467 3462 -1 3478 3479 3467 -1 3468 3467 3479 -1 3479 3480 3468 -1 3453 3454 3422 -1 3469 3468 3480 -1 3366 3470 3394 -1 3446 3469 3481 -1 3465 3455 3482 -1 3471 3482 3455 -1 3455 3448 3471 -1 3412 3457 3483 -1 3483 3458 3412 -1 3369 3346 3442 -1 3419 3369 3484 -1 3464 3419 3484 -1 3476 3389 3464 -1 3461 3465 3485 -1 3482 3485 3465 -1 3429 3476 3477 -1 3486 3454 3453 -1 3432 3446 3481 -1 3481 3486 3432 -1 3453 3432 3486 -1 3472 3463 3473 -1 3408 3456 3487 -1 3474 3488 3409 -1 3441 3409 3488 -1 3473 3408 3487 -1 3470 3366 3489 -1 3369 3442 3490 -1 3484 3369 3490 -1 3491 3464 3484 -1 3492 3459 3450 -1 3450 3460 3493 -1 3493 3492 3450 -1 3476 3464 3491 -1 3460 3461 3493 -1 3494 3493 3461 -1 3461 3485 3494 -1 3478 3466 3477 -1 3477 3495 3478 -1 3479 3478 3495 -1 3495 3496 3479 -1 3480 3479 3496 -1 3496 3497 3480 -1 3469 3480 3497 -1 3497 3481 3469 -1 3498 3485 3482 -1 3482 3471 3498 -1 3472 3498 3471 -1 3488 3474 3499 -1 3470 3499 3474 -1 3475 3441 3488 -1 3500 3456 3475 -1 3487 3456 3500 -1 3442 3458 3501 -1 3501 3490 3442 -1 3459 3492 3502 -1 3492 3493 3503 -1 3504 3477 3476 -1 3497 3496 3505 -1 3505 3506 3497 -1 3507 3508 3486 -1 3454 3486 3508 -1 3509 3481 3497 -1 3486 3481 3507 -1 3473 3487 3510 -1 3499 3470 3511 -1 3489 3511 3470 -1 3449 3427 3502 -1 3427 3459 3502 -1 3491 3484 3490 -1 3502 3492 3503 -1 3493 3512 3503 -1 3512 3493 3494 -1 3494 3485 3513 -1 3495 3477 3504 -1 3496 3495 3505 -1 3506 3509 3497 -1 3514 3473 3510 -1 3515 3513 3485 -1 3498 3515 3485 -1 3498 3472 3516 -1 3472 3473 3514 -1 3500 3510 3487 -1 3488 3499 3517 -1 3517 3475 3488 -1 3518 3519 3520 -1 3518 3521 3522 -1 3522 3519 3518 -1 3483 3519 3522 -1 3457 3519 3483 -1 3458 3483 3522 -1 3520 3519 3523 -1 3449 3519 3457 -1 3523 3519 3449 -1 3502 3523 3449 -1 3512 3494 3513 -1 3495 3504 3524 -1 3505 3495 3524 -1 3508 3507 3525 -1 3481 3509 3507 -1 3516 3515 3498 -1 3526 3527 3517 -1 3526 3517 3499 -1 3499 3511 3526 -1 3526 3528 3529 -1 3528 3526 3511 -1 3489 3528 3511 -1 3530 3528 3489 -1 3531 3521 3518 -1 3532 3527 3529 -1 3529 3527 3526 -1 3533 3529 3528 -1 3528 3534 3533 -1 3535 3458 3522 -1 3501 3458 3535 -1 3520 3523 3536 -1 3523 3537 3536 -1 3502 3537 3523 -1 3538 3539 3501 -1 3501 3539 3490 -1 3516 3472 3514 -1 3491 3490 3540 -1 3541 3491 3540 -1 3542 3491 3541 -1 3476 3491 3542 -1 3502 3503 3543 -1 3544 3545 3517 -1 3475 3517 3545 -1 3513 3546 3512 -1 3544 3517 3532 -1 3517 3527 3532 -1 3500 3475 3545 -1 3504 3476 3542 -1 3524 3504 3542 -1 3505 3524 3547 -1 3506 3505 3547 -1 3531 3518 3548 -1 3531 3549 3521 -1 3548 3518 3550 -1 3551 3550 3518 -1 3518 3520 3551 -1 3551 3520 3536 -1 3529 3552 3532 -1 3552 3533 3553 -1 3553 3533 3554 -1 3529 3533 3552 -1 3521 3549 3555 -1 3522 3521 3555 -1 3535 3522 3555 -1 3501 3535 3538 -1 3539 3538 3556 -1 3540 3539 3556 -1 3490 3539 3540 -1 3502 3543 3537 -1 3503 3512 3546 -1 3525 3507 3509 -1 3510 3500 3557 -1 3557 3500 3545 -1 3558 3531 3559 -1 3531 3548 3559 -1 3560 3531 3558 -1 3549 3531 3560 -1 3532 3552 3561 -1 3553 3554 3562 -1 3555 3549 3560 -1 3560 3535 3555 -1 3535 3560 3563 -1 3538 3563 3564 -1 3535 3563 3538 -1 3564 3556 3538 -1 3540 3556 3565 -1 3541 3540 3565 -1 3566 3541 3565 -1 3541 3566 3542 -1 3567 3542 3566 -1 3536 3537 3568 -1 3537 3543 3568 -1 3543 3503 3569 -1 3503 3546 3569 -1 3570 3546 3513 -1 3571 3570 3513 -1 3513 3515 3571 -1 3524 3542 3567 -1 3572 3506 3547 -1 3572 3547 3524 -1 3509 3506 3573 -1 3525 3509 3574 -1 3575 3525 3574 -1 3571 3515 3576 -1 3515 3516 3576 -1 3577 3576 3514 -1 3514 3576 3516 -1 3577 3514 3578 -1 3514 3510 3578 -1 3578 3510 3557 -1 3557 3545 3579 -1 3545 3544 3580 -1 3579 3545 3580 -1 3548 3550 3559 -1 3551 3536 3581 -1 3536 3582 3581 -1 3554 3583 3562 -1 3584 3563 3560 -1 3564 3563 3584 -1 3568 3582 3536 -1 3543 3569 3568 -1 3569 3546 3570 -1 3585 3524 3567 -1 3572 3524 3585 -1 3572 3573 3506 -1 3574 3509 3573 -1 3571 3576 3586 -1 3577 3586 3576 -1 3578 3557 3579 -1 3551 3581 3587 -1 3588 3532 3561 -1 3553 3562 3589 -1 3556 3564 3590 -1 3566 3565 3591 -1 3582 3568 3592 -1 3568 3569 3593 -1 3593 3569 3594 -1 3594 3570 3595 -1 3569 3570 3594 -1 3596 3595 3570 -1 3570 3571 3596 -1 3567 3566 3597 -1 3585 3567 3597 -1 3585 3598 3572 -1 3598 3599 3572 -1 3573 3572 3599 -1 3574 3573 3599 -1 3586 3596 3571 -1 3586 3577 3600 -1 3578 3600 3577 -1 3600 3578 3601 -1 3601 3578 3602 -1 3578 3579 3602 -1 3603 3544 3588 -1 3580 3544 3603 -1 3544 3532 3588 -1 3604 3605 3559 -1 3550 3604 3559 -1 3606 3559 3605 -1 3558 3559 3606 -1 3550 3551 3607 -1 3607 3551 3587 -1 3581 3608 3587 -1 3608 3581 3582 -1 3561 3552 3609 -1 3552 3553 3609 -1 3583 3589 3562 -1 3584 3560 3610 -1 3564 3584 3590 -1 3590 3611 3556 -1 3565 3556 3611 -1 3592 3568 3593 -1 3585 3597 3612 -1 3612 3613 3585 -1 3598 3585 3613 -1 3596 3586 3614 -1 3586 3600 3614 -1 3574 3599 3615 -1 3575 3574 3616 -1 3617 3575 3616 -1 3618 3579 3580 -1 3604 3550 3619 -1 3560 3558 3610 -1 3550 3607 3619 -1 3561 3620 3588 -1 3609 3553 3621 -1 3621 3622 3609 -1 3553 3589 3621 -1 3590 3584 3623 -1 3565 3611 3624 -1 3591 3565 3624 -1 3591 3625 3566 -1 3597 3566 3625 -1 3595 3626 3594 -1 3595 3596 3627 -1 3597 3628 3629 -1 3612 3597 3629 -1 3599 3598 3630 -1 3631 3599 3630 -1 3599 3631 3615 -1 3596 3614 3627 -1 3614 3600 3632 -1 3579 3618 3602 -1 3580 3603 3633 -1 3618 3580 3633 -1 3558 3606 3610 -1 3607 3587 3634 -1 3634 3587 3635 -1 3587 3608 3635 -1 3608 3582 3635 -1 3609 3620 3561 -1 3584 3610 3623 -1 3623 3636 3590 -1 3611 3590 3636 -1 3624 3611 3637 -1 3625 3624 3637 -1 3591 3624 3625 -1 3626 3593 3594 -1 3613 3630 3598 -1 3574 3615 3638 -1 3616 3574 3638 -1 3639 3632 3600 -1 3600 3601 3639 -1 3602 3618 3640 -1 3640 3618 3633 -1 3601 3602 3641 -1 3641 3602 3640 -1 3603 3588 3620 -1 3605 3604 3642 -1 3604 3619 3642 -1 3620 3609 3643 -1 3609 3622 3643 -1 3621 3589 3644 -1 3644 3622 3621 -1 3623 3610 3645 -1 3635 3582 3646 -1 3637 3611 3636 -1 3597 3625 3647 -1 3628 3597 3647 -1 3582 3592 3646 -1 3592 3648 3646 -1 3593 3648 3592 -1 3593 3626 3648 -1 3649 3626 3595 -1 3595 3627 3650 -1 3651 3650 3627 -1 3629 3628 3652 -1 3653 3613 3654 -1 3630 3613 3653 -1 3631 3630 3655 -1 3656 3615 3631 -1 3638 3615 3656 -1 3657 3614 3632 -1 3627 3614 3657 -1 3632 3639 3658 -1 3639 3601 3659 -1 3660 3640 3661 -1 3640 3633 3661 -1 3641 3659 3601 -1 3641 3640 3660 -1 3603 3620 3662 -1 3661 3633 3662 -1 3633 3603 3662 -1 3663 3605 3664 -1 3606 3605 3663 -1 3664 3605 3642 -1 3610 3606 3663 -1 3663 3665 3610 -1 3607 3634 3666 -1 3634 3635 3667 -1 3645 3610 3665 -1 3635 3646 3667 -1 3636 3623 3645 -1 3637 3636 3668 -1 3625 3637 3668 -1 3647 3625 3668 -1 3646 3648 3669 -1 3648 3626 3649 -1 3669 3648 3649 -1 3595 3650 3649 -1 3651 3627 3657 -1 3652 3654 3629 -1 3612 3629 3654 -1 3613 3612 3654 -1 3630 3653 3655 -1 3639 3659 3670 -1 3660 3661 3671 -1 3659 3641 3672 -1 3671 3662 3643 -1 3662 3620 3643 -1 3661 3662 3671 -1 3607 3666 3619 -1 3667 3666 3634 -1 3645 3665 3636 -1 3668 3636 3665 -1 3673 3668 3665 -1 3674 3667 3646 -1 3646 3669 3674 -1 3651 3657 3675 -1 3676 3628 3647 -1 3652 3628 3676 -1 3654 3677 3678 -1 3653 3654 3678 -1 3657 3632 3679 -1 3679 3632 3658 -1 3658 3639 3670 -1 3672 3660 3680 -1 3641 3660 3672 -1 3643 3681 3671 -1 3664 3682 3663 -1 3642 3619 3683 -1 3666 3683 3619 -1 3622 3681 3643 -1 3622 3644 3684 -1 3675 3657 3679 -1 3684 3681 3622 -1 3663 3685 3665 -1 3670 3659 3686 -1 3666 3667 3674 -1 3671 3680 3660 -1 3673 3687 3668 -1 3647 3668 3687 -1 3674 3669 3688 -1 3669 3649 3689 -1 3689 3688 3669 -1 3652 3676 3690 -1 3654 3652 3691 -1 3677 3654 3691 -1 3664 3642 3683 -1 3682 3664 3683 -1 3666 3692 3683 -1 3692 3666 3693 -1 3685 3663 3682 -1 3685 3673 3665 -1 3666 3674 3693 -1 3647 3687 3694 -1 3676 3647 3695 -1 3689 3649 3696 -1 3696 3650 3697 -1 3649 3650 3696 -1 3650 3651 3697 -1 3675 3697 3651 -1 3690 3676 3695 -1 3691 3652 3690 -1 3677 3691 3698 -1 3672 3686 3659 -1 3671 3681 3699 -1 3683 3700 3682 -1 3681 3684 3701 -1 3680 3671 3702 -1 3680 3686 3672 -1 3685 3682 3700 -1 3671 3699 3702 -1 3699 3681 3701 -1 3647 3694 3695 -1 3674 3688 3693 -1 3688 3689 3703 -1 3691 3690 3704 -1 3698 3691 3704 -1 3683 3705 3700 -1 3705 3683 3706 -1 3683 3692 3706 -1 3673 3685 3707 -1 3693 3708 3692 -1 3709 3673 3707 -1 3687 3673 3709 -1 3694 3687 3709 -1 3693 3688 3708 -1 3689 3696 3703 -1 3696 3697 3710 -1 3697 3675 3710 -1 3704 3690 3695 -1 3675 3711 3710 -1 3679 3711 3675 -1 3679 3658 3711 -1 3712 3711 3658 -1 3658 3670 3712 -1 3670 3686 3713 -1 3686 3680 3702 -1 3702 3699 3714 -1 3699 3701 3714 -1 3706 3692 3708 -1 3714 3701 3715 -1 3715 3701 3716 -1 3701 3684 3716 -1 3705 3717 3700 -1 3685 3700 3717 -1 3707 3685 3717 -1 3718 3708 3688 -1 3688 3703 3718 -1 3704 3695 3719 -1 3710 3711 3720 -1 3670 3713 3712 -1 3702 3714 3721 -1 3705 3706 3722 -1 3722 3723 3705 -1 3717 3705 3723 -1 3724 3717 3723 -1 3724 3725 3717 -1 3707 3717 3725 -1 3709 3707 3725 -1 3695 3694 3719 -1 3703 3696 3726 -1 3710 3726 3696 -1 3720 3711 3727 -1 3728 3727 3711 -1 3711 3712 3728 -1 3729 3728 3712 -1 3729 3712 3730 -1 3713 3730 3712 -1 3731 3713 3686 -1 3702 3731 3686 -1 3702 3721 3731 -1 3721 3714 3715 -1 3732 3733 3706 -1 3733 3722 3706 -1 3706 3734 3732 -1 3734 3706 3708 -1 3718 3734 3708 -1 3721 3715 3735 -1 3735 3716 3736 -1 3716 3735 3715 -1 3723 3722 3733 -1 3725 3724 3737 -1 3738 3725 3737 -1 3725 3738 3709 -1 3709 3738 3694 -1 3719 3694 3738 -1 3718 3703 3726 -1 3720 3726 3710 -1 3731 3730 3713 -1 3739 3734 3718 -1 3720 3727 3740 -1 3741 3721 3735 -1 3727 3728 3742 -1 3742 3740 3727 -1 3721 3741 3731 -1 3739 3718 3726 -1 3739 3726 3743 -1 3720 3743 3726 -1 3744 3745 3733 -1 3723 3733 3745 -1 3733 3732 3746 -1 3746 3744 3733 -1 3732 3734 3746 -1 3747 3746 3734 -1 3734 3739 3747 -1 3748 3747 3739 -1 3749 3723 3745 -1 3724 3723 3749 -1 3750 3724 3749 -1 3737 3724 3750 -1 3738 3737 3750 -1 3750 3751 3738 -1 3752 3738 3751 -1 3719 3738 3752 -1 3739 3743 3748 -1 3753 3748 3743 -1 3743 3720 3753 -1 3745 3744 3754 -1 3746 3754 3744 -1 3755 3754 3746 -1 3746 3747 3755 -1 3755 3747 3756 -1 3748 3756 3747 -1 3745 3757 3749 -1 3757 3745 3754 -1 3749 3757 3758 -1 3749 3758 3750 -1 3758 3751 3750 -1 3758 3759 3751 -1 3751 3759 3752 -1 3756 3748 3760 -1 3753 3760 3748 -1 3757 3754 3755 -1 3761 3757 3755 -1 3761 3758 3757 -1 3762 3761 3755 -1 3763 3758 3761 -1 3759 3758 3763 -1 3755 3756 3762 -1 2021 1510 3764 -1 2020 2021 3765 -1 3765 2021 3766 -1 3764 1510 1529 -1 1530 1518 3767 -1 1518 1531 3767 -1 1543 3767 1531 -1 1530 3768 1529 -1 1543 1544 3769 -1 3769 1544 3770 -1 1547 2669 3771 -1 1544 1548 3770 -1 2057 2020 3765 -1 2021 3764 3766 -1 3764 1529 3772 -1 1529 3768 3772 -1 3768 1530 3773 -1 3774 1555 1515 -1 3766 3764 3775 -1 3764 3772 3775 -1 1530 3767 3773 -1 3771 2669 2687 -1 2687 3776 3771 -1 3776 3777 3771 -1 3770 1548 3778 -1 3778 1548 3779 -1 3779 1548 1558 -1 3780 3771 3777 -1 1547 3771 3780 -1 1556 1547 3780 -1 1515 1540 3774 -1 1560 1552 3781 -1 1552 1554 3781 -1 3765 2069 2057 -1 3772 3768 3782 -1 3768 3773 3782 -1 3773 3767 3783 -1 3767 1543 3783 -1 1543 3769 3783 -1 3770 3778 3769 -1 1551 3784 1558 -1 3785 1551 1555 -1 1562 3786 1526 -1 1553 1526 3786 -1 3781 1554 1563 -1 3783 3769 3787 -1 2706 3788 2687 -1 3776 2687 3788 -1 3787 3769 3778 -1 3780 1562 1556 -1 1559 1553 3786 -1 3765 3789 2069 -1 3790 3775 3772 -1 3782 3790 3772 -1 3790 3782 3773 -1 3773 3783 3791 -1 3779 1558 3792 -1 1558 3784 3792 -1 1551 3785 3784 -1 3774 1540 1557 -1 1559 3786 3793 -1 1564 3781 1563 -1 1559 3793 1561 -1 3793 3794 1561 -1 3795 3789 3765 -1 3765 3766 3795 -1 3766 3775 3795 -1 3795 3775 3796 -1 3775 3790 3796 -1 3791 3783 3787 -1 2706 2714 3797 -1 3787 3778 3792 -1 3778 3779 3792 -1 3792 3784 3798 -1 3774 1557 1560 -1 1562 3799 3786 -1 1561 3794 1564 -1 3800 3796 3790 -1 3790 3773 3800 -1 3800 3773 3791 -1 3801 3776 3788 -1 3777 3776 3801 -1 3802 3777 3801 -1 3784 3785 3798 -1 3780 3777 3802 -1 3803 1555 3774 -1 1560 3781 3804 -1 3804 3781 3805 -1 1562 3780 3802 -1 3806 1562 3802 -1 3807 1562 3806 -1 1562 3807 3799 -1 3786 3799 3808 -1 3793 3786 3808 -1 3789 2084 2069 -1 3809 2084 3789 -1 3789 3795 3809 -1 3797 2714 2753 -1 2706 3797 3788 -1 3810 3787 3811 -1 3792 3811 3787 -1 3811 3792 3798 -1 3812 3798 3785 -1 3812 3785 3803 -1 3785 1555 3803 -1 3803 3774 3813 -1 3774 1560 3813 -1 3804 3813 1560 -1 3814 3793 3808 -1 3793 3814 3794 -1 3805 1564 3815 -1 3781 1564 3805 -1 3809 3795 3816 -1 3816 3795 3817 -1 3795 3796 3817 -1 3796 3800 3818 -1 3818 3800 3819 -1 3800 3791 3819 -1 3819 3791 3820 -1 3787 3820 3791 -1 3797 2753 3821 -1 3822 3797 3821 -1 3822 3788 3797 -1 3801 3788 3822 -1 3787 3810 3820 -1 3823 3798 3824 -1 3798 3812 3824 -1 3802 3801 3825 -1 3812 3803 3826 -1 3804 3805 3827 -1 3806 3802 3825 -1 3807 3806 3825 -1 3799 3807 3828 -1 3828 3829 3799 -1 3830 3799 3829 -1 3808 3799 3830 -1 1564 3794 3815 -1 3805 3815 3827 -1 3831 2084 3809 -1 3816 3831 3809 -1 2109 2097 3832 -1 3817 3796 3818 -1 3819 3820 3833 -1 3834 3822 3821 -1 3801 3822 3834 -1 3835 3801 3834 -1 3825 3801 3835 -1 3810 3811 3823 -1 3798 3823 3811 -1 3824 3812 3836 -1 3812 3826 3836 -1 3803 3837 3826 -1 3837 3803 3813 -1 3838 3825 3835 -1 3807 3825 3838 -1 3828 3807 3838 -1 3814 3808 3830 -1 3815 3794 3839 -1 2084 3840 2097 -1 3840 2084 3831 -1 3817 3831 3816 -1 2109 3832 2129 -1 2097 3840 3832 -1 3817 3818 3833 -1 3818 3819 3833 -1 2753 2790 3821 -1 2790 3841 3821 -1 3842 3821 3841 -1 3834 3821 3842 -1 3835 3834 3842 -1 3833 3820 3810 -1 3810 3823 3843 -1 3823 3824 3843 -1 3843 3824 3844 -1 3836 3844 3824 -1 3844 3836 3845 -1 3828 3838 3846 -1 3847 3836 3826 -1 3845 3836 3847 -1 3847 3826 3837 -1 3813 3804 3848 -1 3804 3827 3848 -1 3827 3815 3849 -1 3815 3839 3849 -1 3850 3840 3831 -1 3831 3817 3850 -1 2137 2129 3832 -1 3851 3850 3817 -1 3817 3833 3851 -1 3852 2790 2801 -1 3841 2790 3852 -1 3853 3841 3852 -1 3842 3841 3853 -1 3854 3842 3853 -1 3855 3842 3854 -1 3835 3842 3855 -1 3856 3851 3833 -1 3833 3810 3856 -1 3857 3856 3810 -1 3810 3843 3857 -1 3857 3843 3858 -1 3843 3844 3858 -1 3844 3845 3859 -1 3845 3860 3859 -1 3847 3860 3845 -1 3837 3861 3847 -1 3861 3837 3862 -1 3837 3813 3862 -1 3848 3862 3813 -1 3848 3827 3863 -1 3830 3864 3814 -1 3794 3814 3864 -1 3839 3794 3864 -1 3849 3863 3827 -1 3865 3840 3866 -1 3840 3850 3866 -1 2137 3832 3865 -1 3832 3840 3865 -1 3867 2801 2814 -1 2801 3867 3852 -1 3853 3852 3867 -1 3858 3859 3868 -1 3844 3859 3858 -1 3847 3861 3860 -1 3860 3869 3870 -1 3860 3861 3869 -1 3870 3846 3855 -1 3846 3838 3855 -1 3838 3835 3855 -1 3870 3869 3846 -1 3846 3869 3871 -1 3846 3871 3828 -1 3829 3828 3871 -1 3830 3829 3864 -1 3863 3849 3872 -1 3849 3839 3872 -1 3873 2149 3865 -1 3866 3873 3865 -1 3873 3866 3874 -1 3850 3874 3866 -1 3874 3850 3875 -1 3850 3851 3875 -1 3865 2149 2137 -1 3851 3876 3875 -1 3876 3851 3856 -1 2821 3877 2814 -1 3878 2814 3877 -1 2814 3878 3867 -1 3867 3878 3853 -1 3853 3878 3879 -1 3853 3879 3854 -1 3880 3854 3879 -1 3854 3880 3855 -1 3881 3876 3856 -1 3857 3881 3856 -1 3858 3881 3857 -1 3881 3858 3882 -1 3868 3882 3858 -1 3859 3883 3868 -1 3870 3884 3883 -1 3860 3883 3859 -1 3870 3883 3860 -1 3884 3855 3880 -1 3855 3884 3870 -1 3869 3861 3885 -1 3871 3869 3885 -1 3862 3848 3886 -1 3886 3848 3887 -1 3887 3848 3863 -1 3888 3829 3871 -1 3829 3888 3864 -1 3872 3839 3889 -1 3839 3864 3889 -1 3890 2149 3891 -1 3891 3873 3892 -1 2149 3873 3891 -1 3873 3874 3892 -1 3893 3892 3874 -1 3874 3875 3893 -1 3890 2143 2149 -1 3875 3876 3894 -1 3878 3877 3895 -1 3896 3878 3895 -1 3879 3878 3896 -1 3897 3881 3882 -1 3871 3885 3898 -1 3862 3885 3861 -1 3886 3885 3862 -1 3898 3888 3871 -1 3887 3872 3889 -1 3889 3864 3888 -1 3872 3887 3863 -1 3893 3875 3894 -1 3894 3876 3899 -1 3876 3881 3900 -1 3895 3877 3901 -1 3880 3879 3902 -1 3882 3868 3903 -1 3885 3886 3904 -1 3904 3898 3885 -1 3887 3904 3886 -1 3898 3904 3888 -1 3889 3904 3887 -1 3888 3904 3889 -1 2143 3890 3218 -1 3890 3891 3905 -1 3891 3892 3906 -1 3892 3893 3907 -1 3894 3907 3893 -1 3876 3900 3899 -1 3900 3881 3897 -1 3877 2821 2836 -1 3879 3896 3908 -1 3902 3879 3908 -1 3883 3909 3903 -1 3868 3883 3903 -1 3884 3910 3909 -1 3884 3909 3883 -1 3910 3884 3880 -1 3218 3890 3905 -1 3891 3906 3905 -1 3906 3892 3907 -1 3901 3877 2836 -1 3903 3897 3882 -1 3880 3902 3910 -1 3242 3218 3905 -1 3911 3906 3912 -1 3905 3906 3911 -1 3912 3906 3913 -1 3914 3913 3907 -1 3906 3907 3913 -1 3907 3894 3914 -1 3915 3894 3899 -1 3899 3900 3916 -1 3897 3916 3900 -1 3901 2836 3917 -1 3895 3901 3918 -1 3919 3895 3918 -1 3896 3895 3919 -1 3908 3896 3919 -1 3897 3903 3920 -1 3903 3909 3921 -1 3909 3910 3921 -1 3905 3911 3242 -1 3915 3914 3894 -1 3916 3915 3899 -1 3916 3897 3922 -1 3917 3918 3901 -1 3920 3922 3897 -1 3902 3908 3923 -1 3924 3903 3925 -1 3925 3903 3921 -1 3910 3902 3926 -1 2845 3927 2836 -1 3927 3917 2836 -1 3918 3917 3928 -1 3929 3919 3918 -1 3926 3902 3923 -1 3921 3910 3926 -1 3912 3913 3930 -1 3914 3930 3913 -1 2845 2853 3927 -1 3908 3919 3929 -1 3923 3908 3931 -1 3920 3903 3924 -1 3932 3920 3924 -1 3242 3911 3253 -1 3911 3912 3933 -1 3934 3933 3912 -1 3912 3930 3934 -1 3935 3930 3914 -1 3914 3915 3935 -1 3936 3935 3915 -1 3937 3938 3916 -1 3922 3937 3916 -1 3927 3939 3917 -1 3922 3920 3932 -1 3931 3908 3929 -1 3932 3924 3940 -1 3925 3921 3941 -1 3921 3926 3941 -1 3253 3911 3942 -1 3933 3942 3911 -1 3936 3915 3943 -1 3943 3915 3938 -1 3915 3916 3938 -1 3937 3922 3932 -1 3928 3917 3939 -1 3918 3928 3944 -1 3929 3918 3944 -1 3945 3923 3931 -1 3926 3923 3945 -1 3932 3940 3946 -1 3253 3942 3298 -1 3947 3298 3942 -1 3947 3942 3933 -1 3934 3930 3948 -1 3949 3948 3930 -1 3930 3935 3949 -1 3927 2853 3950 -1 3939 3927 3950 -1 3951 3939 3950 -1 3952 3939 3951 -1 3928 3939 3952 -1 3953 3929 3944 -1 3931 3929 3953 -1 3946 3940 3954 -1 2863 3955 2853 -1 3956 3957 3298 -1 3298 3947 3956 -1 3949 3935 3958 -1 3935 3936 3958 -1 3936 3943 3959 -1 3943 3938 3959 -1 3959 3938 3960 -1 3938 3937 3960 -1 3952 3951 3961 -1 3944 3928 3962 -1 3937 3932 3963 -1 3947 3933 3964 -1 3964 3933 3965 -1 3933 3934 3965 -1 3965 3934 3948 -1 3966 3967 2853 -1 3960 3937 3963 -1 3950 2853 3967 -1 3951 3950 3967 -1 3967 3961 3951 -1 3952 3968 3928 -1 3969 3962 3928 -1 3962 3970 3944 -1 3945 3931 3971 -1 3298 3972 3280 -1 3964 3956 3947 -1 3948 3949 3973 -1 3961 3974 3952 -1 3952 3974 3968 -1 3968 3969 3928 -1 3953 3944 3970 -1 3931 3953 3975 -1 3971 3931 3975 -1 3926 3945 3976 -1 3955 2863 2869 -1 3955 3966 2853 -1 3964 3965 3977 -1 3965 3948 3978 -1 3948 3973 3978 -1 3949 3958 3979 -1 3973 3949 3979 -1 3959 3980 3936 -1 3959 3960 3981 -1 3982 3981 3960 -1 3983 3982 3960 -1 3963 3983 3960 -1 3974 3961 3984 -1 3970 3962 3969 -1 3940 3924 3985 -1 3925 3985 3924 -1 3972 3322 3280 -1 3978 3986 3965 -1 3973 3987 3978 -1 3975 3953 3988 -1 3963 3932 3946 -1 3945 3971 3989 -1 3989 3976 3945 -1 3926 3976 3990 -1 3941 3926 3990 -1 3955 2869 2876 -1 3298 3957 3972 -1 3956 3964 3991 -1 3964 3977 3991 -1 3986 3978 3992 -1 3987 3973 3979 -1 3958 3936 3993 -1 3980 3993 3936 -1 3980 3981 3994 -1 3959 3981 3980 -1 3967 3966 3995 -1 3961 3967 3995 -1 3988 3970 3996 -1 3953 3970 3988 -1 3983 3963 3997 -1 3963 3946 3997 -1 3940 3985 3954 -1 3985 3925 3998 -1 3941 3998 3925 -1 3999 2876 2873 -1 3972 3957 4000 -1 3957 3956 4000 -1 3991 4000 3956 -1 3992 3978 4001 -1 3978 3987 4001 -1 3987 3979 4002 -1 3979 3993 4003 -1 3958 3993 3979 -1 3980 4004 3993 -1 3994 3982 4005 -1 3981 3982 3994 -1 3982 3983 4005 -1 3995 3966 4006 -1 4006 4007 3995 -1 3961 3995 4007 -1 3984 3961 4007 -1 4008 3974 3984 -1 3968 3974 4008 -1 4003 4002 3979 -1 3996 3969 4009 -1 3970 3969 3996 -1 3988 3996 4010 -1 4010 3975 3988 -1 3997 3946 4011 -1 4012 4011 3946 -1 3946 3954 4013 -1 3954 3985 4014 -1 3998 4014 3985 -1 3990 3998 3941 -1 3999 2873 2871 -1 3955 2876 4015 -1 3955 4015 4016 -1 3966 3955 4016 -1 4000 3991 4017 -1 3991 3977 4018 -1 3977 3986 3992 -1 3965 3986 3977 -1 4003 4019 4002 -1 3980 3994 4020 -1 4005 4020 3994 -1 3997 4005 3983 -1 4007 4008 3984 -1 4010 3996 4009 -1 3999 2871 4021 -1 4015 2876 3999 -1 3972 4000 4022 -1 4022 4000 4017 -1 3977 3992 4023 -1 3992 4001 4024 -1 4001 3987 4024 -1 4002 4024 3987 -1 4003 3993 4019 -1 4004 3980 4025 -1 3980 4020 4025 -1 4020 4005 4026 -1 4026 4005 4027 -1 4005 3997 4027 -1 3968 4008 4028 -1 3969 3968 4029 -1 3975 4010 4030 -1 3946 4013 4012 -1 3999 4021 4031 -1 4016 4032 3966 -1 4022 4017 4033 -1 4023 4018 3977 -1 4023 3992 4024 -1 4019 4034 4002 -1 4019 3993 4004 -1 4027 4035 4026 -1 4006 3966 4032 -1 4036 4007 4006 -1 4008 4007 4037 -1 4029 3968 4028 -1 4010 4009 4030 -1 3975 4030 4038 -1 4038 4039 3975 -1 3971 3975 4039 -1 4013 3954 4014 -1 4031 4015 3999 -1 4016 4015 4040 -1 3322 3972 3400 -1 4022 3400 3972 -1 4023 4024 4041 -1 4041 4024 4042 -1 4024 4002 4034 -1 4034 4042 4024 -1 4037 4007 4036 -1 4043 4037 4036 -1 3989 4044 3976 -1 4045 3976 4044 -1 3990 3976 4045 -1 4014 3998 4046 -1 4046 3990 4045 -1 3998 3990 4046 -1 4021 2871 2879 -1 4015 4031 4047 -1 4032 4016 4048 -1 4022 4033 3400 -1 4033 4017 4049 -1 4041 4018 4023 -1 4019 4004 4050 -1 4020 4026 4051 -1 4026 4035 4051 -1 4035 4027 4011 -1 4006 4032 4036 -1 4028 4008 4037 -1 4037 4052 4028 -1 4028 4052 4053 -1 4029 4028 4053 -1 4053 4054 4029 -1 4009 4029 4054 -1 3969 4029 4009 -1 4027 3997 4011 -1 4013 4014 4055 -1 4014 4046 4055 -1 4056 4016 4040 -1 4048 4016 4056 -1 4032 4048 4057 -1 4058 4033 4049 -1 3400 4033 4058 -1 4017 3991 4059 -1 3991 4018 4059 -1 4060 4041 4061 -1 4041 4042 4062 -1 4062 4061 4041 -1 4042 4034 4063 -1 4019 4064 4034 -1 4019 4050 4064 -1 4025 4050 4004 -1 4025 4020 4065 -1 4051 4035 4066 -1 4011 4066 4035 -1 4067 4032 4057 -1 4036 4032 4067 -1 4043 4036 4067 -1 4054 4068 4009 -1 4069 4009 4068 -1 4031 4021 4070 -1 4070 4047 4031 -1 4040 4015 4047 -1 4057 4048 4056 -1 4018 4041 4060 -1 4062 4042 4063 -1 4066 4071 4051 -1 4072 4067 4057 -1 4072 4073 4067 -1 4043 4067 4073 -1 4074 4038 4030 -1 3989 3971 4075 -1 4044 3989 4075 -1 2879 4076 4021 -1 4070 4021 4076 -1 4056 4040 4077 -1 4078 4056 4077 -1 4057 4056 4078 -1 4058 4079 3400 -1 4058 4049 4080 -1 4080 4081 4058 -1 4059 4049 4017 -1 4063 4034 4082 -1 4020 4051 4071 -1 4043 4083 4037 -1 4052 4037 4083 -1 4053 4052 4083 -1 4039 4038 4074 -1 4066 4011 4084 -1 4047 4070 4085 -1 4057 4078 4072 -1 4079 3385 3400 -1 4079 4058 4081 -1 4059 4080 4049 -1 4018 4060 4086 -1 4086 4060 4087 -1 4060 4061 4087 -1 4088 4062 4063 -1 4082 4088 4063 -1 4034 4064 4082 -1 4089 4064 4050 -1 4025 4089 4050 -1 4020 4071 4065 -1 4053 4083 4090 -1 4054 4053 4090 -1 4068 4054 4090 -1 4091 4009 4069 -1 4030 4009 4091 -1 4091 4074 4030 -1 4012 4013 4092 -1 3971 4039 4075 -1 4044 4093 4045 -1 4055 4046 4093 -1 4046 4045 4093 -1 4079 4094 3385 -1 4095 4087 4061 -1 4061 4062 4095 -1 4096 4088 4082 -1 4082 4064 4097 -1 4097 4096 4082 -1 4071 4066 4098 -1 4043 4073 4099 -1 4083 4043 4099 -1 4090 4083 4100 -1 4012 4084 4011 -1 2885 4101 2879 -1 4076 2879 4101 -1 4085 4070 4076 -1 4072 4078 4102 -1 4080 4059 4103 -1 4062 4088 4095 -1 4064 4089 4097 -1 4065 4089 4025 -1 4065 4071 4104 -1 4073 4072 4105 -1 4099 4073 4105 -1 4099 4106 4083 -1 4083 4106 4100 -1 4090 4107 4068 -1 4100 4107 4090 -1 4084 4098 4066 -1 4101 4108 4076 -1 4047 4085 4109 -1 4040 4047 4109 -1 4109 4077 4040 -1 4072 4102 4110 -1 4111 4094 4079 -1 4079 4081 4111 -1 4081 4080 4103 -1 4018 4086 4112 -1 4086 4087 4113 -1 4113 4087 4114 -1 4087 4095 4114 -1 4115 4114 4095 -1 4095 4088 4115 -1 4096 4097 4116 -1 4089 4065 4117 -1 4065 4104 4117 -1 4071 4098 4104 -1 4105 4072 4110 -1 4100 4106 4107 -1 4091 4069 4118 -1 4084 4012 4092 -1 4055 4092 4013 -1 3454 4119 2884 -1 2886 4120 2878 -1 2881 2878 4120 -1 2880 4121 2885 -1 4121 2881 4120 -1 2880 2881 4121 -1 4085 4076 4108 -1 4109 4085 4108 -1 4078 4077 4122 -1 4102 4078 4122 -1 4123 4102 4122 -1 4102 4123 4110 -1 4111 4124 4094 -1 4059 4018 4112 -1 4112 4113 4125 -1 4086 4113 4112 -1 4113 4126 4125 -1 4126 4113 4114 -1 4114 4115 4126 -1 4088 4096 4116 -1 4097 4089 4127 -1 4105 4106 4099 -1 4107 4106 4128 -1 4129 4107 4128 -1 4068 4107 4129 -1 4074 4091 4118 -1 4039 4074 4130 -1 4039 4130 4131 -1 4075 4039 4131 -1 3385 4094 4132 -1 4094 4124 4132 -1 4081 4103 4133 -1 4133 4134 4081 -1 4111 4081 4134 -1 4103 4059 4133 -1 4115 4088 4116 -1 4097 4127 4116 -1 4127 4089 4135 -1 4089 4117 4135 -1 4101 2885 4136 -1 4137 4105 4110 -1 4106 4105 4137 -1 4077 4109 4122 -1 4068 4138 4069 -1 4118 4069 4138 -1 4092 4139 4084 -1 4140 4075 4131 -1 4044 4075 4140 -1 4055 4141 4092 -1 2884 4119 4142 -1 2886 2884 4142 -1 4109 4108 4143 -1 4122 4109 4143 -1 4134 4124 4111 -1 4133 4059 4144 -1 4059 4112 4144 -1 4125 4144 4112 -1 4125 4126 4145 -1 4126 4115 4146 -1 4146 4145 4126 -1 4115 4127 4146 -1 3366 3385 4132 -1 4132 3489 3366 -1 4115 4116 4127 -1 4104 4098 4139 -1 4110 4123 4147 -1 4137 4110 4147 -1 4128 4106 4137 -1 4138 4068 4129 -1 4118 4130 4074 -1 4098 4084 4139 -1 4139 4092 4141 -1 4142 4148 2886 -1 4120 2886 4148 -1 4120 4148 4121 -1 4143 4108 4101 -1 4149 4122 4143 -1 4123 4122 4149 -1 4133 4124 4134 -1 4146 4127 4150 -1 4150 4145 4146 -1 4104 4139 4117 -1 4147 4151 4137 -1 4128 4137 4151 -1 4152 4128 4151 -1 4152 4129 4128 -1 4044 4140 4153 -1 4154 4044 4153 -1 4093 4044 4154 -1 4141 4055 4155 -1 4055 4093 4154 -1 4154 4155 4055 -1 2885 4121 4156 -1 4121 4148 4156 -1 4136 2885 4156 -1 4149 4143 4157 -1 4133 4144 4158 -1 4144 4125 4159 -1 4125 4145 4160 -1 4135 4150 4127 -1 4147 4123 4149 -1 4161 4147 4149 -1 4151 4147 4161 -1 4161 4152 4151 -1 4162 4118 4138 -1 4130 4118 4162 -1 4119 3454 3508 -1 4101 4136 4163 -1 4164 4149 4157 -1 4124 4133 4165 -1 4159 4158 4144 -1 4159 4125 4160 -1 4160 4145 4150 -1 4150 4135 4166 -1 4135 4117 4166 -1 4167 4152 4161 -1 4138 4129 4168 -1 4138 4168 4162 -1 4139 4141 4169 -1 4170 4119 4171 -1 4119 3508 4171 -1 4142 4119 4170 -1 4170 4148 4142 -1 4170 4172 4173 -1 4174 4170 4173 -1 4148 4170 4174 -1 4156 4148 4174 -1 4156 4163 4136 -1 4175 4174 4173 -1 4174 4176 4156 -1 4176 4174 4175 -1 4132 4124 4165 -1 3530 4132 4165 -1 4165 4133 4158 -1 3489 4132 3530 -1 4177 3528 3530 -1 4177 3530 4178 -1 4117 4139 4179 -1 4161 4149 4164 -1 4152 4168 4129 -1 4169 4179 4139 -1 4140 4131 4180 -1 4153 4140 4180 -1 4181 4153 4180 -1 4153 4181 4154 -1 4182 4181 4180 -1 4183 4169 4141 -1 4141 4155 4183 -1 4184 4183 4155 -1 4155 4154 4184 -1 4181 4184 4154 -1 4185 4184 4181 -1 4165 4186 3530 -1 4186 4165 4187 -1 4159 4188 4158 -1 4159 4160 4189 -1 4189 4188 4159 -1 4189 4160 4190 -1 4160 4150 4190 -1 3528 4177 3534 -1 4172 4191 4173 -1 4192 3534 4177 -1 4178 3530 4186 -1 4193 4194 4170 -1 4171 4193 4170 -1 4195 4193 4171 -1 4192 4177 4178 -1 4171 3525 4195 -1 3508 3525 4171 -1 4194 4172 4170 -1 4166 4117 4196 -1 4117 4179 4196 -1 4197 4173 4191 -1 4198 4173 4197 -1 4173 4198 4175 -1 4164 4199 4161 -1 4199 4167 4161 -1 4200 4152 4167 -1 4168 4152 4200 -1 4200 4201 4168 -1 4143 4101 4202 -1 4157 4143 4202 -1 4168 4201 4162 -1 4101 4163 4202 -1 4164 4157 4199 -1 4180 4131 4203 -1 4180 4204 4182 -1 4205 4181 4182 -1 4169 4183 4206 -1 4206 4183 4207 -1 4208 4183 4184 -1 4185 4208 4184 -1 4183 4208 4207 -1 4208 4185 4209 -1 4185 4181 4205 -1 3534 4210 3533 -1 4172 4194 4211 -1 4211 4191 4172 -1 4193 4211 4194 -1 4163 4156 4212 -1 4176 4212 4156 -1 4198 4197 4213 -1 4214 4198 4215 -1 4175 4198 4214 -1 4176 4175 4214 -1 4215 4198 4213 -1 4158 4187 4165 -1 4216 4187 4158 -1 4158 4188 4216 -1 4210 3534 4217 -1 4192 4217 3534 -1 4192 4178 4218 -1 4166 4190 4150 -1 4162 4201 4219 -1 4130 4162 4219 -1 4169 4220 4179 -1 4219 4203 4130 -1 4131 4130 4203 -1 4221 4203 4222 -1 4221 4204 4203 -1 4203 4204 4180 -1 4204 4223 4182 -1 4205 4182 4223 -1 4220 4206 4224 -1 4206 4220 4169 -1 4207 4224 4206 -1 4225 4208 4209 -1 4207 4208 4225 -1 4223 4226 4205 -1 4227 4205 4226 -1 4227 4185 4205 -1 4227 4228 4185 -1 4209 4185 4228 -1 4210 3554 3533 -1 3525 3575 4195 -1 4193 4195 3617 -1 4193 4229 4211 -1 4197 4191 4230 -1 4230 4191 4211 -1 4176 4214 4231 -1 4157 4202 4232 -1 4233 4157 4232 -1 4202 4163 4234 -1 4212 4234 4163 -1 4199 4157 4235 -1 4187 4218 4186 -1 4187 4236 4218 -1 4187 4216 4236 -1 4236 4216 4237 -1 4216 4188 4238 -1 4239 4238 4188 -1 4188 4189 4239 -1 4190 4239 4189 -1 4192 4218 4240 -1 4178 4186 4218 -1 4241 4166 4196 -1 4196 4179 4242 -1 4243 4199 4235 -1 4167 4199 4243 -1 4200 4167 4244 -1 4201 4200 4245 -1 4219 4201 4246 -1 4179 4220 4242 -1 4247 4203 4219 -1 4248 4221 4222 -1 4223 4204 4221 -1 4249 4223 4221 -1 4209 4250 4225 -1 4209 4228 4250 -1 3554 4210 3583 -1 3575 3617 4195 -1 4229 4193 4251 -1 4211 4252 4230 -1 4253 4197 4230 -1 4213 4197 4253 -1 4254 4213 4253 -1 4215 4213 4254 -1 4232 4202 4234 -1 4235 4157 4233 -1 4237 4216 4255 -1 4216 4238 4255 -1 4256 4218 4236 -1 4241 4239 4190 -1 4190 4166 4241 -1 4241 4196 4257 -1 4196 4242 4257 -1 4167 4243 4244 -1 4244 4245 4200 -1 4201 4245 4246 -1 4246 4247 4219 -1 4222 4203 4247 -1 4220 4224 4258 -1 4242 4220 4258 -1 4259 4258 4224 -1 4224 4207 4225 -1 4225 4259 4224 -1 4228 4227 4260 -1 4227 4226 4260 -1 4210 4217 4261 -1 4193 3617 4251 -1 4253 4230 4262 -1 4212 4176 4231 -1 4235 4233 4263 -1 4255 4238 4264 -1 4238 4239 4265 -1 4265 4264 4238 -1 4266 4265 4239 -1 4239 4267 4266 -1 4240 4268 4192 -1 4268 4261 4217 -1 4217 4192 4268 -1 4239 4241 4267 -1 4241 4257 4267 -1 4244 4243 4269 -1 4245 4244 4269 -1 4270 4245 4269 -1 4246 4245 4270 -1 4221 4248 4249 -1 4259 4225 4271 -1 4225 4272 4271 -1 4272 4250 4273 -1 4225 4250 4272 -1 4250 4228 4274 -1 4275 4228 4260 -1 4276 4223 4277 -1 4226 4223 4276 -1 4260 4226 4276 -1 4278 4260 4276 -1 4210 4261 4279 -1 3583 4210 4279 -1 4280 4281 4229 -1 4211 4229 4281 -1 4282 4237 4283 -1 4236 4237 4282 -1 4283 4237 4255 -1 4229 4251 4280 -1 4230 4252 4262 -1 4252 4211 4281 -1 4255 4264 4284 -1 4253 4262 4285 -1 4254 4253 4285 -1 4286 4215 4254 -1 4264 4265 4287 -1 4231 4214 4288 -1 4288 4215 4286 -1 4214 4215 4288 -1 4232 4234 4289 -1 4289 4290 4232 -1 4291 4289 4234 -1 4234 4212 4291 -1 4233 4232 4290 -1 4267 4257 4292 -1 4292 4257 4293 -1 4257 4242 4293 -1 4263 4294 4235 -1 4243 4235 4294 -1 4294 4295 4243 -1 4269 4243 4295 -1 4296 4269 4295 -1 4270 4297 4246 -1 4298 4246 4297 -1 4247 4246 4298 -1 4299 4247 4298 -1 4222 4247 4299 -1 4249 4248 4300 -1 4258 4259 4301 -1 4274 4273 4250 -1 4274 4228 4275 -1 4277 4223 4249 -1 4275 4260 4278 -1 4280 4251 4302 -1 4212 4231 4291 -1 4303 4233 4290 -1 4263 4233 4303 -1 4256 4236 4282 -1 4304 4255 4284 -1 4284 4264 4305 -1 4287 4305 4264 -1 4265 4306 4287 -1 4240 4218 4307 -1 4218 4256 4307 -1 4266 4267 4308 -1 4309 4308 4267 -1 4309 4267 4292 -1 4293 4242 4310 -1 4270 4269 4311 -1 4310 4242 4258 -1 4248 4222 4299 -1 4301 4312 4258 -1 4271 4272 4313 -1 4314 3583 4315 -1 3589 3583 4314 -1 4315 3583 4316 -1 3583 4279 4316 -1 4281 4280 4302 -1 4262 4252 4317 -1 4252 4281 4317 -1 4285 4262 4318 -1 4285 4286 4254 -1 4231 4288 4319 -1 4291 4231 4319 -1 4289 4291 4320 -1 4290 4289 4303 -1 4321 4263 4303 -1 4256 4282 4322 -1 4282 4283 4323 -1 4322 4282 4323 -1 4283 4255 4304 -1 4304 4323 4283 -1 4284 4305 4324 -1 4325 4305 4287 -1 4306 4325 4287 -1 4265 4266 4326 -1 4268 4240 4307 -1 4308 4326 4266 -1 4292 4293 4327 -1 4293 4310 4327 -1 4295 4328 4296 -1 4311 4269 4296 -1 4329 4270 4311 -1 4297 4270 4329 -1 4299 4298 4297 -1 4330 4299 4297 -1 4310 4258 4312 -1 4248 4299 4331 -1 4300 4248 4331 -1 4249 4300 4332 -1 4271 4333 4301 -1 4259 4271 4301 -1 4271 4313 4333 -1 4313 4273 4334 -1 4272 4273 4313 -1 4276 4277 4335 -1 4278 4276 4335 -1 4275 4278 4336 -1 4336 4337 4275 -1 4314 3644 3589 -1 4279 4261 4338 -1 4317 4318 4262 -1 4285 4318 4339 -1 4339 4286 4285 -1 4319 4288 4340 -1 4286 4340 4288 -1 4320 4291 4341 -1 4289 4320 4303 -1 4321 4342 4263 -1 4294 4263 4342 -1 4321 4303 4343 -1 4322 4323 4344 -1 4304 4344 4323 -1 4344 4284 4324 -1 4304 4284 4344 -1 4265 4326 4306 -1 4268 4307 4345 -1 4261 4268 4346 -1 4338 4261 4346 -1 4346 4268 4345 -1 4307 4256 4347 -1 4347 4256 4322 -1 4309 4292 4348 -1 4292 4327 4348 -1 4349 4348 4327 -1 4327 4310 4312 -1 4295 4294 4328 -1 4311 4296 4350 -1 4331 4299 4330 -1 4332 4300 4331 -1 4312 4301 4351 -1 4351 4301 4333 -1 4333 4313 4334 -1 4249 4332 4277 -1 4275 4337 4274 -1 4278 4335 4336 -1 4338 4316 4279 -1 4339 4318 4352 -1 4341 4319 4340 -1 4291 4319 4341 -1 4341 4353 4320 -1 4303 4320 4353 -1 4343 4303 4353 -1 4342 4321 4354 -1 4355 4347 4322 -1 4322 4344 4355 -1 4305 4356 4324 -1 4356 4305 4357 -1 4305 4325 4357 -1 4347 4345 4307 -1 4326 4308 4358 -1 4349 4327 4312 -1 4342 4328 4294 -1 4296 4328 4359 -1 4350 4296 4359 -1 4360 4297 4329 -1 4330 4297 4360 -1 4331 4330 4361 -1 4332 4331 4361 -1 4351 4333 4334 -1 4277 4332 4362 -1 4274 4363 4273 -1 4274 4337 4364 -1 4337 4365 4364 -1 4336 4365 4337 -1 4339 4352 4366 -1 4286 4339 4366 -1 4367 4286 4366 -1 4368 4341 4340 -1 4340 4286 4367 -1 4353 4341 4368 -1 4369 4370 4342 -1 4371 4321 4343 -1 4354 4321 4371 -1 4355 4344 4372 -1 4344 4324 4372 -1 4356 4373 4324 -1 4357 4325 4374 -1 4325 4306 4374 -1 4306 4326 4358 -1 4358 4374 4306 -1 4345 4347 4375 -1 4375 4347 4355 -1 4376 4358 4308 -1 4376 4309 4377 -1 4308 4309 4376 -1 4377 4348 4378 -1 4309 4348 4377 -1 4328 4342 4370 -1 4359 4328 4379 -1 4350 4380 4311 -1 4381 4311 4380 -1 4329 4311 4381 -1 4361 4330 4360 -1 4362 4332 4361 -1 4349 4312 4351 -1 4351 4334 4382 -1 4382 4334 4273 -1 4277 4362 4383 -1 4363 4382 4273 -1 4363 4274 4364 -1 4335 4277 4383 -1 4335 4365 4336 -1 3644 4314 4384 -1 4315 4384 4314 -1 4384 4316 4385 -1 4315 4316 4384 -1 4316 4338 4385 -1 4375 4355 4386 -1 4372 4324 4373 -1 4373 4356 4387 -1 4388 4387 4356 -1 4356 4357 4388 -1 4357 4374 4388 -1 4374 4358 4389 -1 4390 4346 4391 -1 4346 4345 4391 -1 4338 4346 4390 -1 4345 4375 4391 -1 4348 4349 4392 -1 4379 4328 4370 -1 4379 4393 4359 -1 4350 4359 4393 -1 4380 4350 4394 -1 4395 4329 4381 -1 4318 4317 4396 -1 4352 4318 4396 -1 4397 4366 4352 -1 4360 4329 4398 -1 4360 4362 4361 -1 4399 4367 4366 -1 4349 4351 4382 -1 4400 4353 4401 -1 4343 4353 4400 -1 4371 4343 4400 -1 4369 4342 4402 -1 4354 4402 4342 -1 4335 4383 4365 -1 3684 3644 4384 -1 4352 4396 4397 -1 4366 4397 4403 -1 4399 4366 4403 -1 4340 4367 4399 -1 4368 4340 4404 -1 4399 4404 4340 -1 4353 4368 4401 -1 4371 4402 4354 -1 4372 4386 4355 -1 4373 4405 4372 -1 4390 4391 4406 -1 4338 4390 4385 -1 4391 4375 4386 -1 4358 4376 4389 -1 4379 4370 4407 -1 4393 4379 4407 -1 4408 4350 4393 -1 4394 4350 4408 -1 4395 4380 4394 -1 4381 4380 4395 -1 4349 4382 4409 -1 4383 4362 4410 -1 4365 4383 4411 -1 4364 4365 4411 -1 4363 4364 4412 -1 4384 4385 3684 -1 4386 4372 4413 -1 4413 4372 4405 -1 4387 4405 4373 -1 4387 4388 4414 -1 4415 4390 4406 -1 4391 4386 4406 -1 4348 4392 4378 -1 4392 4349 4416 -1 4417 4370 4369 -1 4407 4370 4417 -1 4397 4396 4418 -1 4398 4329 4395 -1 4409 4416 4349 -1 4398 4419 4360 -1 4368 4404 4420 -1 4399 4403 4404 -1 4420 4421 4368 -1 4362 4360 4419 -1 4401 4368 4421 -1 4409 4382 4422 -1 4422 4382 4412 -1 4412 4382 4363 -1 4411 4412 4364 -1 4383 4410 4411 -1 3684 4385 4423 -1 4385 4415 4423 -1 4403 4418 4424 -1 4397 4418 4403 -1 4420 4403 4424 -1 4404 4403 4420 -1 4387 4414 4405 -1 4401 4421 4425 -1 4400 4401 4426 -1 4426 4427 4400 -1 4371 4428 4402 -1 4369 4402 4428 -1 4371 4400 4427 -1 4428 4371 4427 -1 4385 4390 4415 -1 4415 4406 4429 -1 4406 4386 4430 -1 4430 4386 4413 -1 4389 4376 4431 -1 4376 4377 4431 -1 4431 4377 4432 -1 4377 4378 4432 -1 4433 4417 4369 -1 4408 4393 4434 -1 4435 4419 4398 -1 4419 4435 4410 -1 4362 4419 4410 -1 4422 4436 4409 -1 4422 4412 4437 -1 4412 4411 4437 -1 4437 4411 4438 -1 4411 4410 4438 -1 4423 3716 3684 -1 4423 4415 4439 -1 4420 4424 4440 -1 4440 4441 4420 -1 4441 4442 4420 -1 4421 4420 4443 -1 4443 4420 4442 -1 4426 4401 4425 -1 4427 4426 4425 -1 4428 4427 4444 -1 4444 4433 4428 -1 4369 4428 4433 -1 4430 4413 4445 -1 4446 4388 4447 -1 4414 4388 4446 -1 4388 4374 4447 -1 4389 4447 4374 -1 4415 4429 4439 -1 4429 4406 4448 -1 4448 4406 4430 -1 4431 4449 4389 -1 4378 4392 4432 -1 4416 4450 4392 -1 4433 4451 4417 -1 4407 4417 4451 -1 4434 4407 4451 -1 4393 4407 4434 -1 4435 4438 4410 -1 4450 4416 4436 -1 4416 4409 4436 -1 4436 4422 4452 -1 3716 4423 4453 -1 4439 4453 4423 -1 4425 4421 4443 -1 4445 4413 4405 -1 4414 4454 4405 -1 4455 4429 4448 -1 4455 4439 4429 -1 4432 4456 4431 -1 4432 4392 4450 -1 4408 4434 4457 -1 4394 4408 4457 -1 4458 4395 4394 -1 4459 4398 4395 -1 4435 4398 4459 -1 4460 4438 4435 -1 4422 4437 4452 -1 4437 4438 4460 -1 3716 4453 3736 -1 4442 4441 4461 -1 4462 4442 4461 -1 4463 4443 4464 -1 4464 4443 4442 -1 4425 4465 4427 -1 4465 4425 4463 -1 4444 4427 4465 -1 4443 4463 4425 -1 4405 4454 4445 -1 4454 4414 4446 -1 4447 4389 4449 -1 4453 4439 4466 -1 4455 4467 4466 -1 4439 4455 4466 -1 4455 4448 4468 -1 4467 4455 4468 -1 4468 4448 4469 -1 4448 4430 4469 -1 4469 4430 4445 -1 4470 4449 4431 -1 4456 4470 4431 -1 4450 4456 4432 -1 4458 4394 4457 -1 4459 4395 4458 -1 4435 4471 4460 -1 4450 4436 4472 -1 4436 4452 4472 -1 4437 4473 4452 -1 4474 4437 4460 -1 4437 4474 4473 -1 3736 4453 4466 -1 4445 4454 4475 -1 4447 4476 4446 -1 4447 4449 4477 -1 4477 4476 4447 -1 4478 4477 4449 -1 4468 4469 4479 -1 4467 4468 4479 -1 4469 4445 4475 -1 4479 4469 4475 -1 4449 4470 4478 -1 4480 4451 4433 -1 4434 4451 4481 -1 4481 4482 4434 -1 4457 4434 4482 -1 4482 4458 4457 -1 4464 4442 4462 -1 4459 4471 4435 -1 4483 4460 4471 -1 4444 4480 4433 -1 4452 4484 4472 -1 4452 4473 4484 -1 4483 4474 4460 -1 3735 3736 4485 -1 4486 4485 3736 -1 3736 4466 4486 -1 4487 4486 4466 -1 4464 4462 4488 -1 4463 4464 4488 -1 4462 4461 4489 -1 4490 4465 4491 -1 4444 4465 4490 -1 4480 4444 4490 -1 4490 4492 4480 -1 4465 4463 4488 -1 4491 4465 4488 -1 4475 4454 4493 -1 4454 4446 4493 -1 4493 4446 4476 -1 4487 4467 4494 -1 4466 4467 4487 -1 4495 4494 4467 -1 4467 4479 4495 -1 4479 4475 4496 -1 4496 4495 4479 -1 4493 4496 4475 -1 4478 4470 4497 -1 4470 4456 4497 -1 4451 4480 4492 -1 4481 4451 4492 -1 4481 4498 4482 -1 4458 4482 4498 -1 4498 4499 4458 -1 4459 4458 4499 -1 4499 4500 4459 -1 4500 4501 4459 -1 4471 4459 4501 -1 4501 4483 4471 -1 4497 4456 4502 -1 4456 4450 4502 -1 4502 4472 4503 -1 4450 4472 4502 -1 4472 4484 4503 -1 4503 4484 4504 -1 4484 4473 4504 -1 4473 4474 4505 -1 4505 4504 4473 -1 4485 4486 4506 -1 4486 4487 4506 -1 4507 4508 4493 -1 4493 4476 4507 -1 4509 4507 4476 -1 4476 4477 4509 -1 4506 4487 4510 -1 4487 4494 4510 -1 4510 4494 4511 -1 4495 4511 4494 -1 4511 4495 4512 -1 4495 4496 4508 -1 4512 4495 4508 -1 4493 4508 4496 -1 4477 4478 4513 -1 4497 4513 4478 -1 4514 4513 4497 -1 4515 4516 4492 -1 4481 4492 4516 -1 4498 4481 4516 -1 4516 4517 4498 -1 4517 4518 4498 -1 4498 4519 4499 -1 4518 4519 4498 -1 4500 4499 4519 -1 4520 4500 4519 -1 4488 4462 4521 -1 4522 4488 4521 -1 4462 4489 4521 -1 4501 4500 4520 -1 4490 4491 4523 -1 4524 4483 4501 -1 4523 4515 4490 -1 4497 4502 4514 -1 4525 4514 4502 -1 4490 4515 4492 -1 4491 4488 4522 -1 4523 4491 4522 -1 4502 4503 4525 -1 4525 4503 4526 -1 4526 4503 4527 -1 4503 4504 4527 -1 4505 4474 4524 -1 4527 4504 4505 -1 4474 4483 4524 -1 4506 4528 4485 -1 4529 4530 4531 -1 4531 4530 4522 -1 4522 4521 4531 -1 4522 4532 4523 -1 4530 4532 4522 -1 4532 4533 4534 -1 4532 4534 4523 -1 4523 4534 4515 -1 4533 4535 4534 -1 4515 4534 4535 -1 4536 4537 4538 -1 4539 4540 4541 -1 4539 4536 4540 -1 4542 4540 4536 -1 4536 4538 4542 -1 4538 4543 4542 -1 4540 4542 4543 -1 4541 4540 4544 -1 4540 4543 4544 -1 4543 4538 4508 -1 4543 4508 4507 -1 4543 4507 4544 -1 4545 4544 4507 -1 4509 4545 4507 -1 4509 4477 4513 -1 4546 4528 4506 -1 4510 4546 4506 -1 4546 4510 4547 -1 4547 4537 4546 -1 4547 4510 4511 -1 4537 4547 4512 -1 4512 4547 4511 -1 4537 4512 4548 -1 4538 4537 4548 -1 4538 4548 4508 -1 4508 4548 4512 -1 4513 4549 4550 -1 4513 4514 4549 -1 4549 4551 4550 -1 4552 4551 4549 -1 4549 4514 4552 -1 4553 4518 4554 -1 4554 4518 4517 -1 4553 4555 4556 -1 4556 4555 4557 -1 4518 4553 4519 -1 4556 4519 4553 -1 4558 4519 4556 -1 4519 4558 4520 -1 4559 4520 4558 -1 4520 4559 4501 -1 4560 4559 4558 -1 4501 4559 4524 -1 4514 4525 4552 -1 4552 4526 4561 -1 4552 4525 4526 -1 4562 4561 4526 -1 4561 4562 4560 -1 4562 4526 4527 -1 4562 4559 4560 -1 4559 4562 4505 -1 4562 4527 4505 -1 4524 4559 4505 -1 4535 4563 4515 -1 4564 4541 4544 -1 4565 4544 4545 -1 4566 4513 4550 -1 4551 4567 4550 -1 4568 4569 4555 -1 4570 4569 4567 -1 4567 4551 4570 -1 4551 4552 4570 -1 4516 4515 4563 -1 4517 4516 4563 -1 4554 4517 4571 -1 4553 4554 4571 -1 4572 4553 4571 -1 4555 4553 4572 -1 4557 4555 4569 -1 4569 4570 4557 -1 4573 4557 4570 -1 4573 4558 4557 -1 4570 4552 4573 -1 4573 4552 4561 -1 4558 4556 4557 -1 4560 4558 4573 -1 4561 4560 4573 -1 4535 4574 4563 -1 4564 4544 4565 -1 4565 4545 4575 -1 4545 4509 4575 -1 4509 4566 4575 -1 4509 4513 4566 -1 4566 4550 4576 -1 4567 4576 4550 -1 4567 4577 4576 -1 4555 4572 4568 -1 4577 4569 4568 -1 4567 4569 4577 -1 4517 4563 4578 -1 4578 4571 4517 -1 4564 4565 4579 -1 4580 4565 4575 -1 4579 4565 4580 -1 4576 4581 4566 -1 4581 4576 4582 -1 4576 4577 4582 -1 4577 4568 4583 -1 4582 4577 4583 -1 4578 4563 4584 -1 4571 4578 4584 -1 4585 4571 4584 -1 4585 4572 4571 -1 4580 4575 4586 -1 4587 4586 4575 -1 4575 4566 4587 -1 4566 4581 4587 -1 4583 4568 4588 -1 4568 4572 4588 -1 4563 4574 4589 -1 4584 4563 4589 -1 4588 4572 4585 -1 4587 4581 4590 -1 4591 4590 4581 -1 4581 4582 4591 -1 4591 4582 4592 -1 4582 4583 4592 -1 4592 4583 4593 -1 4583 4588 4593 -1 4593 4588 4594 -1 4584 4589 4595 -1 4595 4585 4584 -1 4585 4594 4588 -1 4579 4580 4596 -1 4596 4586 4597 -1 4580 4586 4596 -1 4597 4587 4598 -1 4586 4587 4597 -1 4590 4598 4587 -1 4590 4591 4599 -1 4599 4591 4600 -1 4591 4592 4600 -1 4601 4602 4593 -1 4592 4593 4602 -1 4600 4592 4602 -1 4593 4594 4601 -1 4585 4595 4603 -1 4603 4594 4585 -1 4596 4597 4604 -1 4598 4604 4597 -1 4598 4590 4599 -1 4601 4594 4605 -1 4594 4603 4605 -1 4606 4607 4604 -1 4604 4598 4606 -1 4608 4606 4598 -1 4599 4608 4598 -1 4608 4599 4609 -1 4600 4609 4599 -1 4609 4600 4610 -1 4611 4610 4602 -1 4600 4602 4610 -1 4611 4601 4605 -1 4611 4602 4601 -1 4612 4613 4614 -1 4607 4606 4613 -1 4614 4613 4606 -1 4614 4606 4608 -1 4612 4614 4608 -1 4615 4616 4605 -1 4617 4618 4619 -1 4619 4612 4620 -1 4612 4608 4620 -1 4619 4620 4617 -1 4620 4608 4609 -1 4617 4620 4609 -1 4617 4609 4610 -1 4616 4611 4605 -1 4616 4610 4611 -1 4610 4616 4617 -1 3617 4621 4622 -1 4621 3617 3616 -1 4251 3617 4622 -1 4621 3616 3638 -1 4622 4302 4251 -1 4622 4621 4623 -1 3638 4623 4621 -1 3631 3655 4624 -1 4622 4623 4625 -1 4626 3638 3656 -1 4623 3638 4626 -1 4281 4302 4625 -1 4625 4317 4281 -1 4302 4622 4625 -1 4624 3655 4627 -1 3631 4624 4628 -1 4628 4626 3656 -1 3656 3631 4628 -1 4629 4623 4626 -1 4625 4623 4629 -1 4625 4630 4317 -1 3678 4631 3653 -1 3655 3653 4631 -1 4626 4628 4632 -1 4629 4626 4633 -1 4317 4630 4396 -1 4630 4625 4629 -1 4634 3677 3698 -1 3678 3677 4634 -1 4631 4627 3655 -1 4628 4624 4627 -1 4626 4632 4635 -1 4635 4633 4626 -1 4396 4630 4636 -1 4629 4633 4637 -1 4637 4630 4629 -1 4638 4631 3678 -1 4627 4631 4638 -1 4627 4632 4628 -1 4396 4636 4418 -1 4637 4633 4635 -1 4630 4637 4636 -1 4638 3678 4634 -1 4627 4638 4639 -1 4639 4632 4627 -1 4418 4636 4424 -1 4637 4635 4640 -1 3698 3704 4641 -1 4634 4642 4638 -1 4636 4637 4640 -1 4643 4636 4640 -1 4641 3704 3719 -1 4644 4645 3698 -1 3698 4645 4634 -1 4639 4638 4642 -1 4632 4639 4646 -1 4635 4632 4646 -1 4640 4635 4646 -1 4424 4636 4643 -1 4643 4647 4424 -1 4440 4424 4647 -1 3698 4641 4644 -1 4642 4634 4645 -1 4639 4642 4648 -1 4648 4646 4639 -1 4646 4648 4649 -1 4640 4646 4649 -1 4647 4643 4650 -1 4651 4640 4649 -1 4643 4640 4651 -1 4441 4440 4647 -1 3730 3731 4652 -1 4652 3731 3741 -1 4645 4644 4653 -1 4651 4650 4643 -1 4461 4647 4650 -1 4441 4647 4461 -1 3741 3735 4654 -1 4654 4655 3741 -1 4654 3735 4485 -1 3753 3720 4656 -1 4641 3719 3752 -1 3752 4657 4641 -1 4644 4641 4657 -1 4657 4653 4644 -1 4642 4645 4653 -1 4658 4642 4653 -1 4648 4642 4658 -1 4658 4659 4648 -1 4649 4648 4659 -1 4660 4649 4659 -1 4651 4649 4660 -1 4660 4661 4651 -1 4650 4651 4661 -1 4661 4662 4650 -1 4489 4650 4662 -1 4461 4650 4489 -1 3720 3740 4656 -1 3742 4656 3740 -1 3742 3728 4663 -1 3728 3729 4663 -1 3729 3730 4663 -1 4664 4663 3730 -1 3730 4652 4664 -1 4652 3741 4655 -1 4655 4664 4652 -1 4654 4665 4655 -1 4666 4665 4654 -1 4666 4654 4485 -1 3759 4667 3752 -1 3759 3763 4668 -1 3763 4669 4668 -1 4668 4669 4670 -1 4667 3759 4668 -1 4671 4668 4670 -1 3760 4672 3756 -1 4672 3760 4673 -1 4674 4675 4673 -1 4676 4656 3742 -1 3742 4663 4676 -1 4676 4663 4677 -1 3760 3753 4674 -1 4677 4663 4678 -1 4674 3753 4679 -1 3753 4656 4679 -1 4680 4663 4664 -1 4674 4673 3760 -1 4663 4680 4678 -1 4655 4665 4664 -1 4669 4673 4675 -1 4664 4665 4680 -1 4680 4681 4682 -1 4670 4669 4675 -1 4682 4678 4680 -1 4667 4657 3752 -1 4667 4683 4657 -1 4681 4539 4682 -1 4684 4657 4683 -1 4653 4657 4684 -1 4681 4536 4539 -1 4685 4653 4684 -1 4658 4653 4685 -1 4658 4686 4659 -1 4685 4687 4658 -1 4658 4687 4686 -1 4659 4686 4688 -1 4686 4689 4690 -1 4690 4689 4691 -1 4688 4686 4692 -1 4659 4688 4660 -1 4688 4692 4693 -1 4686 4690 4692 -1 4692 4690 4694 -1 4690 4691 4694 -1 4691 4695 4694 -1 4660 4693 4661 -1 4696 4661 4693 -1 4662 4661 4696 -1 4521 4662 4696 -1 4693 4660 4688 -1 4662 4521 4489 -1 4528 4666 4485 -1 4666 4528 4697 -1 3762 4698 3761 -1 3761 4698 3763 -1 4699 4671 4670 -1 4672 3762 3756 -1 4669 3762 4673 -1 4698 3762 4669 -1 4673 3762 4672 -1 4675 4674 4700 -1 4674 4679 4700 -1 4669 3763 4698 -1 4675 4700 4701 -1 4675 4701 4670 -1 4668 4671 4667 -1 4702 4671 4699 -1 4667 4671 4702 -1 4667 4702 4683 -1 4687 4689 4686 -1 4703 4692 4694 -1 4704 4691 4689 -1 4695 4691 4704 -1 4695 4704 4705 -1 4695 4705 4533 -1 4693 4692 4703 -1 4693 4703 4529 -1 4696 4693 4529 -1 4696 4531 4521 -1 4696 4529 4531 -1 4695 4533 4694 -1 4703 4694 4533 -1 4532 4703 4533 -1 4529 4703 4530 -1 4703 4532 4530 -1 4705 4706 4533 -1 4535 4533 4706 -1 4679 4656 4707 -1 4665 4708 4680 -1 4681 4680 4708 -1 4665 4709 4708 -1 4682 4710 4678 -1 4681 4708 4536 -1 4665 4666 4709 -1 4666 4697 4709 -1 4697 4528 4546 -1 4537 4709 4697 -1 4697 4546 4537 -1 4708 4709 4536 -1 4537 4536 4709 -1 4711 4700 4712 -1 4679 4712 4700 -1 4679 4707 4712 -1 4701 4700 4711 -1 4699 4670 4701 -1 4684 4683 4713 -1 4687 4685 4714 -1 4687 4714 4715 -1 4689 4687 4715 -1 4689 4715 4704 -1 4716 4705 4704 -1 4705 4717 4706 -1 4707 4656 4718 -1 4656 4676 4718 -1 4719 4677 4678 -1 4710 4719 4678 -1 4539 4710 4682 -1 4701 4711 4720 -1 4699 4701 4720 -1 4721 4699 4720 -1 4722 4702 4721 -1 4702 4722 4683 -1 4713 4683 4722 -1 4713 4723 4684 -1 4699 4721 4702 -1 4685 4684 4723 -1 4723 4714 4685 -1 4716 4704 4715 -1 4717 4705 4716 -1 4574 4706 4717 -1 4706 4574 4535 -1 4677 4718 4676 -1 4718 4677 4724 -1 4719 4724 4677 -1 4539 4725 4710 -1 4541 4725 4539 -1 4541 4564 4725 -1 4726 4727 4712 -1 4707 4726 4712 -1 4721 4720 4728 -1 4711 4712 4727 -1 4722 4721 4729 -1 4730 4722 4729 -1 4713 4722 4730 -1 4717 4716 4731 -1 4707 4718 4732 -1 4724 4732 4718 -1 4724 4719 4733 -1 4720 4711 4734 -1 4711 4727 4734 -1 4730 4723 4713 -1 4729 4721 4728 -1 4714 4723 4735 -1 4715 4714 4735 -1 4736 4715 4735 -1 4715 4736 4716 -1 4731 4716 4736 -1 4717 4731 4737 -1 4574 4717 4738 -1 4732 4726 4707 -1 4733 4719 4739 -1 4719 4710 4739 -1 4710 4725 4739 -1 4740 4739 4725 -1 4727 4726 4741 -1 4720 4734 4742 -1 4728 4720 4742 -1 4734 4727 4743 -1 4727 4741 4743 -1 4730 4744 4723 -1 4745 4728 4742 -1 4729 4728 4745 -1 4735 4723 4744 -1 4744 4746 4735 -1 4735 4746 4736 -1 4747 4736 4746 -1 4748 4736 4747 -1 4731 4736 4748 -1 4737 4731 4748 -1 4738 4717 4737 -1 4726 4732 4741 -1 4732 4749 4741 -1 4732 4724 4750 -1 4750 4749 4732 -1 4750 4724 4733 -1 4739 4751 4733 -1 4751 4739 4740 -1 4752 4740 4725 -1 4725 4564 4752 -1 4752 4564 4579 -1 4574 4738 4589 -1 4753 4743 4741 -1 4729 4745 4754 -1 4730 4729 4754 -1 4754 4755 4730 -1 4744 4730 4755 -1 4747 4746 4756 -1 4756 4757 4747 -1 4748 4747 4757 -1 4589 4738 4758 -1 4753 4741 4749 -1 4749 4750 4759 -1 4595 4589 4758 -1 4743 4753 4760 -1 4761 4742 4762 -1 4745 4742 4761 -1 4742 4763 4762 -1 4734 4763 4742 -1 4763 4743 4760 -1 4734 4743 4763 -1 4764 4755 4765 -1 4744 4755 4764 -1 4766 4744 4764 -1 4754 4745 4761 -1 4767 4754 4761 -1 4765 4754 4767 -1 4765 4755 4754 -1 4744 4766 4746 -1 4756 4746 4766 -1 4748 4757 4768 -1 4769 4748 4768 -1 4737 4748 4769 -1 4770 4737 4769 -1 4738 4737 4770 -1 4771 4738 4770 -1 4758 4738 4771 -1 4771 4772 4758 -1 4753 4749 4759 -1 4759 4750 4773 -1 4750 4733 4773 -1 4773 4733 4774 -1 4733 4751 4774 -1 4774 4740 4775 -1 4751 4740 4774 -1 4740 4752 4775 -1 4775 4752 4776 -1 4752 4579 4776 -1 4579 4777 4776 -1 4777 4579 4596 -1 4595 4758 4772 -1 4753 4778 4760 -1 4779 4763 4780 -1 4761 4762 4781 -1 4763 4779 4762 -1 4762 4779 4781 -1 4763 4760 4780 -1 4780 4760 4778 -1 4764 4765 4782 -1 4783 4764 4782 -1 4764 4784 4766 -1 4783 4784 4764 -1 4785 4761 4781 -1 4767 4761 4785 -1 4782 4767 4785 -1 4765 4767 4782 -1 4786 4766 4784 -1 4756 4766 4786 -1 4757 4756 4786 -1 4768 4757 4786 -1 4769 4787 4770 -1 4787 4771 4770 -1 4773 4774 4788 -1 4775 4788 4774 -1 4604 4777 4596 -1 4779 4780 4789 -1 4779 4789 4781 -1 4780 4778 4790 -1 4789 4780 4790 -1 4781 4789 4791 -1 4781 4791 4785 -1 4788 4775 4792 -1 4776 4792 4775 -1 4793 4785 4791 -1 4782 4785 4793 -1 4776 4794 4792 -1 4782 4793 4783 -1 4794 4776 4777 -1 4777 4607 4794 -1 4777 4604 4607 -1 4786 4784 4795 -1 4796 4786 4795 -1 4786 4796 4768 -1 4768 4796 4769 -1 4787 4769 4796 -1 4771 4787 4797 -1 4772 4771 4797 -1 4798 4778 4753 -1 4798 4753 4759 -1 4759 4773 4798 -1 4798 4773 4799 -1 4797 4800 4772 -1 4788 4799 4773 -1 4772 4800 4595 -1 4800 4603 4595 -1 4801 4789 4790 -1 4790 4778 4802 -1 4791 4801 4803 -1 4789 4801 4791 -1 4791 4803 4793 -1 4793 4803 4783 -1 4783 4803 4804 -1 4783 4804 4784 -1 4795 4784 4804 -1 4795 4804 4805 -1 4805 4806 4795 -1 4806 4796 4795 -1 4807 4796 4806 -1 4796 4807 4787 -1 4808 4787 4807 -1 4787 4808 4797 -1 4778 4798 4802 -1 4802 4798 4809 -1 4799 4809 4798 -1 4799 4788 4810 -1 4810 4788 4811 -1 4792 4811 4788 -1 4792 4812 4811 -1 4794 4812 4792 -1 4812 4794 4607 -1 4607 4613 4812 -1 4612 4812 4613 -1 4800 4797 4813 -1 4814 4800 4813 -1 4800 4814 4603 -1 4814 4605 4603 -1 4801 4790 4815 -1 4790 4816 4815 -1 4790 4802 4816 -1 4802 4817 4816 -1 4803 4801 4818 -1 4818 4801 4815 -1 4804 4803 4819 -1 4803 4818 4820 -1 4803 4820 4819 -1 4804 4819 4805 -1 4805 4819 4821 -1 4821 4806 4805 -1 4822 4806 4821 -1 4806 4822 4807 -1 4823 4824 4822 -1 4822 4824 4807 -1 4802 4809 4825 -1 4802 4825 4817 -1 4826 4817 4825 -1 4825 4827 4826 -1 4799 4825 4809 -1 4828 4825 4799 -1 4827 4828 4829 -1 4825 4828 4827 -1 4810 4828 4799 -1 4829 4828 4830 -1 4811 4828 4810 -1 4831 4830 4828 -1 4828 4811 4812 -1 4812 4831 4828 -1 4830 4831 4832 -1 4833 4832 4831 -1 4612 4831 4812 -1 4612 4834 4831 -1 4833 4831 4834 -1 4834 4835 4833 -1 4834 4612 4619 -1 4834 4619 4836 -1 4836 4835 4834 -1 4836 4619 4837 -1 4808 4807 4824 -1 4838 4824 4823 -1 4838 4808 4824 -1 4808 4838 4813 -1 4808 4813 4797 -1 4838 4814 4813 -1 4838 4839 4814 -1 4839 4615 4814 -1 4814 4615 4605 -1 4837 4618 4840 -1 4837 4619 4618 -1 4840 4616 4841 -1 4617 4840 4618 -1 4840 4617 4616 -1 4816 4842 4815 -1 4816 4817 4843 -1 4842 4816 4844 -1 4816 4843 4844 -1 4817 4845 4843 -1 4815 4842 4818 -1 4842 4846 4818 -1 4820 4818 4846 -1 4820 4847 4819 -1 4819 4847 4848 -1 4821 4819 4848 -1 4848 4849 4821 -1 4822 4821 4849 -1 4850 4822 4849 -1 4851 4822 4850 -1 4822 4851 4823 -1 4826 4845 4817 -1 4852 4845 4826 -1 4826 4827 4853 -1 4829 4853 4827 -1 4853 4829 4854 -1 4830 4854 4829 -1 4830 4832 4854 -1 4855 4832 4833 -1 4835 4836 4856 -1 4836 4837 4857 -1 4857 4856 4836 -1 4851 4858 4823 -1 4823 4858 4838 -1 4858 4859 4839 -1 4859 4860 4839 -1 4861 4841 4860 -1 4841 4839 4860 -1 4839 4841 4616 -1 4858 4839 4838 -1 4616 4615 4839 -1 4857 4837 4862 -1 4837 4840 4862 -1 4840 4861 4862 -1 4841 4861 4840 -1 4846 4863 4864 -1 4846 4842 4863 -1 4820 4846 4864 -1 4865 4820 4864 -1 4847 4820 4865 -1 4849 4848 4866 -1 4850 4849 4866 -1 4867 4851 4850 -1 4826 4853 4852 -1 4868 4852 4853 -1 4854 4832 4855 -1 4869 4855 4833 -1 4835 4869 4833 -1 4870 4851 4867 -1 4871 4851 4870 -1 4858 4851 4871 -1 4871 4859 4858 -1 4872 4845 4873 -1 4843 4845 4872 -1 4872 4874 4843 -1 4842 4844 4874 -1 4874 4875 4842 -1 4863 4842 4875 -1 4843 4874 4844 -1 4847 4865 4876 -1 4848 4847 4876 -1 4877 4848 4876 -1 4866 4848 4877 -1 4850 4866 4878 -1 4867 4850 4878 -1 4873 4852 4879 -1 4845 4852 4873 -1 4868 4879 4852 -1 4868 4853 4880 -1 4853 4854 4880 -1 4881 4880 4854 -1 4854 4855 4881 -1 4882 4881 4855 -1 4855 4869 4882 -1 4869 4835 4883 -1 4883 4856 4884 -1 4835 4856 4883 -1 4856 4857 4884 -1 4885 4886 4861 -1 4859 4871 4887 -1 4859 4887 4888 -1 4860 4859 4888 -1 4888 4885 4860 -1 4861 4860 4885 -1 4857 4862 4889 -1 4889 4884 4857 -1 4889 4862 4886 -1 4861 4886 4862 -1 4890 4874 4891 -1 4873 4891 4872 -1 4872 4891 4874 -1 4874 4890 4875 -1 4877 4892 4866 -1 4866 4892 4878 -1 4878 4893 4867 -1 4894 4867 4893 -1 4879 4895 4873 -1 4882 4896 4881 -1 4882 4869 4896 -1 4896 4869 4897 -1 4869 4883 4897 -1 4898 4883 4884 -1 4867 4894 4870 -1 4871 4870 4894 -1 4887 4871 4894 -1 4873 4899 4891 -1 4891 4899 4890 -1 4900 4875 4901 -1 4863 4875 4900 -1 4864 4863 4900 -1 4900 4902 4864 -1 4901 4875 4890 -1 4865 4864 4902 -1 4865 4902 4876 -1 4902 4903 4876 -1 4904 4876 4903 -1 4877 4876 4904 -1 4892 4877 4904 -1 4892 4905 4878 -1 4893 4878 4905 -1 4905 4906 4893 -1 4895 4879 4907 -1 4895 4899 4873 -1 4879 4868 4907 -1 4908 4907 4868 -1 4880 4908 4868 -1 4908 4880 4909 -1 4881 4909 4880 -1 4881 4910 4909 -1 4910 4881 4896 -1 4911 4910 4896 -1 4897 4911 4896 -1 4912 4911 4897 -1 4883 4912 4897 -1 4883 4898 4912 -1 4906 4913 4893 -1 4894 4893 4913 -1 4913 4914 4894 -1 4894 4914 4887 -1 4888 4915 4885 -1 4887 4914 4888 -1 4915 4888 4914 -1 4884 4889 4898 -1 4898 4889 4916 -1 4889 4886 4916 -1 4886 4917 4916 -1 4885 4917 4886 -1 4917 4885 4915 -1 4899 4918 4890 -1 4900 4901 4919 -1 4919 4920 4900 -1 4902 4900 4920 -1 4920 4921 4902 -1 4901 4890 4918 -1 4918 4919 4901 -1 4921 4922 4902 -1 4903 4902 4922 -1 4923 4903 4922 -1 4904 4903 4923 -1 4924 4904 4923 -1 4892 4904 4924 -1 4925 4892 4924 -1 4905 4892 4925 -1 4926 4905 4925 -1 4906 4905 4926 -1 4899 4895 4927 -1 4927 4907 4928 -1 4895 4907 4927 -1 4907 4908 4928 -1 4929 4928 4908 -1 4929 4909 4930 -1 4908 4909 4929 -1 4909 4910 4931 -1 4931 4930 4909 -1 4931 4910 4932 -1 4910 4911 4932 -1 4932 4911 4933 -1 4911 4912 4933 -1 4912 4898 4934 -1 4934 4933 4912 -1 4914 4913 4935 -1 4936 4915 4937 -1 4937 4914 4935 -1 4915 4914 4937 -1 4916 4934 4898 -1 4916 4917 4938 -1 4938 4917 4936 -1 4917 4915 4936 -1 4899 4939 4918 -1 4899 4927 4939 -1 4918 4939 4940 -1 4919 4941 4920 -1 4942 4920 4941 -1 4921 4920 4942 -1 4919 4918 4940 -1 4941 4919 4940 -1 4921 4943 4922 -1 4943 4923 4922 -1 4944 4923 4943 -1 4944 4924 4923 -1 4924 4944 4945 -1 4925 4924 4945 -1 4946 4925 4945 -1 4926 4925 4946 -1 4947 4926 4946 -1 4926 4947 4906 -1 4927 4928 4948 -1 4948 4928 4949 -1 4939 4927 4948 -1 4928 4929 4949 -1 4949 4929 4950 -1 4929 4930 4950 -1 4951 4932 4933 -1 4952 4951 4933 -1 4933 4934 4952 -1 4913 4906 4947 -1 4953 4913 4947 -1 4935 4913 4953 -1 4953 4954 4935 -1 4936 4937 4954 -1 4955 4936 4954 -1 4935 4954 4937 -1 4934 4916 4952 -1 4916 4938 4956 -1 4956 4952 4916 -1 4938 4936 4955 -1 4957 4939 4958 -1 4940 4939 4957 -1 4940 4942 4941 -1 4940 4957 4942 -1 4942 4957 4959 -1 4957 4958 4960 -1 4957 4960 4959 -1 4942 4959 4961 -1 4942 4962 4921 -1 4942 4961 4962 -1 4962 4961 4963 -1 4962 4964 4943 -1 4943 4921 4962 -1 4963 4965 4962 -1 4944 4943 4964 -1 4945 4944 4964 -1 4964 4962 4965 -1 4964 4965 4966 -1 4966 4945 4964 -1 4945 4966 4967 -1 4967 4946 4945 -1 4946 4967 4947 -1 4958 4939 4948 -1 4958 4968 4960 -1 4969 4968 4958 -1 4948 4949 4958 -1 4970 4958 4949 -1 4958 4970 4969 -1 4950 4970 4949 -1 4970 4950 4971 -1 4950 4930 4971 -1 4971 4930 4972 -1 4931 4972 4930 -1 4973 4972 4931 -1 4973 4931 4932 -1 4951 4973 4932 -1 4951 4952 4974 -1 4967 4966 4975 -1 4975 4976 4967 -1 4967 4953 4947 -1 4953 4976 4954 -1 4967 4976 4953 -1 4976 4977 4954 -1 4954 4977 4955 -1 4974 4956 4978 -1 4956 4974 4952 -1 4978 4955 4977 -1 4955 4956 4938 -1 4978 4956 4955 -1 4959 4960 4979 -1 4959 4979 4980 -1 4959 4980 4961 -1 4981 4961 4980 -1 4961 4981 4963 -1 4981 4982 4963 -1 4982 4965 4963 -1 4982 4983 4965 -1 4965 4983 4984 -1 4966 4965 4984 -1 4985 4966 4984 -1 4966 4985 4975 -1 4960 4968 4986 -1 4968 4969 4986 -1 4987 4969 4970 -1 4971 4987 4970 -1 4979 4960 4988 -1 4960 4986 4988 -1 4986 4969 4989 -1 4987 4989 4969 -1 4989 4987 4990 -1 4987 4971 4991 -1 4991 4990 4987 -1 4991 4971 4972 -1 4972 4992 4991 -1 4992 4972 4973 -1 4973 4993 4992 -1 4993 4973 4951 -1 4993 4994 4995 -1 4995 4992 4993 -1 4993 4951 4974 -1 4974 4994 4993 -1 4996 4975 4985 -1 4997 4998 4978 -1 4997 4978 4977 -1 4975 4996 4999 -1 4996 5000 4999 -1 4975 4999 4976 -1 5000 5001 4999 -1 4999 5001 4976 -1 5001 4997 4977 -1 5001 4977 4976 -1 4995 4994 4998 -1 4998 4994 4974 -1 4978 4998 4974 -1 4979 4988 5002 -1 5002 5003 4979 -1 4980 4979 5003 -1 5003 5004 4980 -1 4981 4980 5004 -1 5005 4981 5004 -1 5006 4981 5005 -1 4982 4981 5006 -1 5006 5007 4982 -1 4983 4982 5007 -1 5007 5008 4983 -1 4984 4983 5008 -1 5008 5009 4984 -1 4985 4984 5009 -1 5010 4985 5009 -1 4988 4986 5011 -1 5011 5002 4988 -1 5011 4986 5012 -1 4986 4989 5012 -1 4989 4990 5013 -1 5013 5012 4989 -1 5013 4990 5014 -1 4991 5014 4990 -1 4991 4992 5014 -1 5014 4992 5015 -1 5016 5015 4992 -1 4992 4995 5016 -1 5017 5016 4995 -1 5017 4995 5018 -1 4996 4985 5010 -1 5019 5001 5020 -1 5021 4998 5019 -1 4998 4997 5019 -1 4997 5001 5019 -1 5022 4996 5010 -1 5000 4996 5022 -1 5022 5020 5000 -1 5001 5000 5020 -1 4995 4998 5018 -1 5018 4998 5021 -1 5005 5023 5006 -1 5023 5024 5007 -1 5007 5006 5023 -1 5008 5007 5024 -1 5025 5009 5008 -1 5026 5009 5025 -1 5010 5009 5026 -1 5015 5016 5027 -1 5027 5016 5028 -1 5016 5017 5028 -1 5017 5018 5028 -1 5019 5020 5029 -1 5019 5030 5021 -1 5030 5019 5029 -1 5022 5010 5026 -1 5004 5003 5031 -1 5032 5004 5031 -1 5031 5003 5033 -1 5003 5002 5033 -1 5034 5033 5002 -1 5004 5032 5035 -1 5035 5036 5005 -1 5005 5004 5035 -1 5005 5036 5023 -1 5036 5037 5023 -1 5024 5023 5037 -1 5037 5038 5024 -1 5024 5038 5008 -1 5025 5008 5038 -1 5026 5025 5039 -1 5039 5040 5026 -1 5041 5026 5040 -1 5042 5034 5011 -1 5011 5034 5002 -1 5043 5042 5011 -1 5044 5043 5011 -1 5011 5012 5044 -1 5044 5012 5045 -1 5013 5045 5012 -1 5014 5046 5013 -1 5046 5014 5047 -1 5015 5047 5014 -1 5047 5015 5048 -1 5027 5048 5015 -1 5027 5028 5049 -1 5029 5050 5030 -1 5051 5030 5050 -1 5022 5026 5041 -1 5041 5052 5022 -1 5020 5022 5052 -1 5029 5020 5053 -1 5054 5028 5018 -1 5018 5021 5055 -1 5054 5018 5055 -1 5021 5056 5055 -1 5021 5030 5056 -1 5056 5030 5051 -1 5057 5036 5035 -1 5031 5033 5058 -1 5059 5036 5057 -1 5037 5059 5060 -1 5059 5037 5036 -1 5061 5037 5060 -1 5038 5037 5061 -1 5061 5062 5038 -1 5038 5063 5025 -1 5039 5025 5063 -1 5033 5034 5064 -1 5064 5034 5065 -1 5042 5065 5034 -1 5043 5044 5066 -1 5066 5044 5067 -1 5044 5045 5067 -1 5045 5013 5068 -1 5013 5046 5068 -1 5048 5027 5069 -1 5049 5069 5027 -1 5054 5070 5028 -1 5049 5028 5070 -1 5052 5071 5020 -1 5072 5029 5053 -1 5053 5020 5071 -1 5050 5029 5072 -1 5073 5058 5033 -1 5058 5074 5031 -1 5032 5031 5074 -1 5035 5032 5075 -1 5075 5076 5035 -1 5057 5035 5076 -1 5038 5062 5077 -1 5063 5038 5077 -1 5077 5078 5063 -1 5079 5063 5078 -1 5039 5063 5079 -1 5079 5080 5039 -1 5040 5039 5080 -1 5080 5081 5040 -1 5082 5040 5081 -1 5041 5040 5082 -1 5064 5073 5033 -1 5065 5042 5083 -1 5084 5083 5042 -1 5042 5043 5084 -1 5085 5084 5043 -1 5043 5066 5085 -1 5066 5067 5086 -1 5086 5085 5066 -1 5086 5067 5087 -1 5067 5045 5087 -1 5087 5068 5088 -1 5045 5068 5087 -1 5068 5046 5088 -1 5088 5046 5089 -1 5046 5047 5090 -1 5090 5089 5046 -1 5090 5048 5091 -1 5047 5048 5090 -1 5048 5069 5091 -1 5069 5049 5092 -1 5070 5092 5049 -1 5051 5050 5093 -1 5093 5094 5051 -1 5082 5095 5041 -1 5052 5041 5095 -1 5095 5096 5052 -1 5071 5052 5096 -1 5072 5093 5050 -1 5056 5051 5094 -1 5075 5032 5097 -1 5097 5032 5074 -1 5098 5074 5058 -1 5076 5075 5097 -1 5057 5076 5099 -1 5059 5057 5099 -1 5061 5060 5100 -1 5062 5061 5100 -1 5101 5078 5077 -1 5078 5101 5079 -1 5065 5083 5102 -1 5102 5083 5084 -1 5103 5084 5085 -1 5086 5103 5085 -1 5087 5088 5104 -1 5090 5091 5105 -1 5069 5092 5106 -1 5107 5070 5054 -1 5106 5092 5107 -1 5092 5070 5107 -1 5094 5093 5108 -1 5095 5082 5109 -1 5110 5095 5109 -1 5096 5095 5110 -1 5111 5072 5053 -1 5053 5071 5112 -1 5093 5111 5108 -1 5111 5093 5072 -1 5054 5055 5113 -1 5056 5113 5055 -1 5113 5056 5094 -1 5058 5073 5098 -1 5099 5076 5097 -1 5100 5059 5099 -1 5060 5059 5100 -1 5114 5077 5062 -1 5114 5101 5077 -1 5115 5079 5101 -1 5080 5079 5115 -1 5081 5080 5115 -1 5064 5116 5073 -1 5116 5065 5102 -1 5064 5065 5116 -1 5086 5087 5104 -1 5088 5089 5117 -1 5104 5088 5117 -1 5089 5090 5117 -1 5090 5105 5117 -1 5105 5091 5118 -1 5118 5091 5119 -1 5091 5069 5119 -1 5069 5106 5119 -1 5094 5108 5120 -1 5082 5081 5109 -1 5121 5096 5110 -1 5071 5096 5121 -1 5112 5071 5121 -1 5053 5112 5111 -1 5107 5054 5122 -1 5122 5054 5113 -1 5113 5094 5120 -1 5097 5074 5123 -1 5098 5123 5074 -1 5062 5100 5114 -1 5124 5115 5101 -1 5081 5115 5109 -1 5116 5098 5073 -1 5086 5104 5103 -1 5099 5125 5100 -1 5109 5115 5124 -1 5098 5116 5126 -1 5102 5084 5127 -1 5084 5103 5127 -1 5128 5104 5129 -1 5103 5104 5128 -1 5104 5117 5129 -1 5106 5130 5119 -1 5106 5107 5131 -1 5107 5122 5131 -1 5111 5112 5132 -1 5123 5098 5126 -1 5099 5097 5133 -1 5125 5099 5133 -1 5114 5100 5134 -1 5101 5114 5135 -1 5116 5102 5136 -1 5117 5105 5137 -1 5118 5137 5105 -1 5118 5119 5130 -1 5120 5108 5132 -1 5121 5138 5112 -1 5108 5111 5132 -1 5113 5139 5122 -1 5097 5123 5133 -1 5134 5100 5125 -1 5135 5114 5134 -1 5124 5101 5140 -1 5109 5124 5141 -1 5136 5126 5116 -1 5102 5127 5136 -1 5127 5103 5128 -1 5129 5117 5137 -1 5137 5118 5130 -1 5130 5106 5131 -1 5113 5120 5142 -1 5142 5139 5113 -1 5132 5142 5120 -1 5143 5109 5141 -1 5110 5109 5143 -1 5121 5110 5143 -1 5138 5121 5143 -1 5132 5112 5138 -1 5122 5139 5131 -1 5144 5145 5133 -1 5125 5133 5145 -1 5134 5125 5145 -1 5145 5146 5134 -1 5135 5134 5146 -1 5135 5140 5101 -1 5147 5148 5129 -1 5129 5137 5149 -1 5147 5129 5149 -1 5130 5131 5150 -1 5139 5142 5151 -1 5132 5138 5152 -1 5133 5123 5153 -1 5123 5126 5154 -1 5144 5133 5153 -1 5135 5146 5155 -1 5140 5135 5155 -1 5124 5140 5156 -1 5141 5124 5156 -1 5154 5126 5157 -1 5136 5157 5126 -1 5157 5136 5158 -1 5136 5127 5159 -1 5159 5158 5136 -1 5127 5128 5159 -1 5128 5129 5148 -1 5149 5130 5150 -1 5137 5130 5149 -1 5150 5131 5160 -1 5131 5139 5160 -1 5151 5142 5161 -1 5161 5132 5152 -1 5142 5132 5161 -1 5143 5141 5162 -1 5162 5163 5143 -1 5143 5163 5138 -1 5152 5138 5163 -1 5151 5160 5139 -1 5144 5153 5164 -1 5165 5145 5144 -1 5165 5166 5145 -1 5146 5145 5166 -1 5166 5167 5146 -1 5155 5146 5167 -1 5141 5156 5168 -1 5158 5159 5169 -1 5169 5159 5170 -1 5170 5159 5128 -1 5148 5147 5171 -1 5150 5160 5172 -1 5172 5160 5173 -1 5163 5162 5174 -1 5160 5151 5173 -1 5153 5123 5175 -1 5175 5154 5176 -1 5123 5154 5175 -1 5165 5144 5164 -1 5140 5155 5177 -1 5177 5156 5140 -1 5154 5157 5178 -1 5176 5154 5178 -1 5178 5158 5169 -1 5157 5158 5178 -1 5148 5170 5128 -1 5147 5149 5171 -1 5149 5172 5171 -1 5149 5150 5172 -1 5162 5141 5168 -1 5174 5162 5168 -1 5179 5163 5174 -1 5180 5163 5179 -1 5152 5163 5180 -1 5181 5175 5182 -1 5175 5176 5182 -1 5164 5153 5181 -1 5166 5165 5183 -1 5164 5184 5165 -1 5167 5166 5183 -1 5185 5155 5167 -1 5185 5177 5155 -1 5156 5177 5186 -1 5168 5156 5186 -1 5176 5178 5187 -1 5169 5187 5178 -1 5187 5169 5188 -1 5169 5170 5189 -1 5189 5188 5169 -1 5171 5172 5190 -1 5172 5173 5191 -1 5161 5152 5192 -1 5174 5168 5193 -1 5179 5174 5194 -1 5180 5192 5152 -1 5173 5151 5195 -1 5153 5175 5181 -1 5183 5165 5184 -1 5183 5196 5167 -1 5186 5177 5185 -1 5197 5170 5198 -1 5170 5148 5198 -1 5190 5172 5199 -1 5199 5172 5200 -1 5191 5200 5172 -1 5193 5194 5174 -1 5179 5194 5201 -1 5179 5201 5180 -1 5201 5192 5180 -1 5173 5202 5191 -1 5173 5195 5202 -1 5151 5161 5195 -1 5164 5181 5203 -1 5164 5203 5184 -1 5185 5167 5196 -1 5193 5168 5204 -1 5189 5170 5197 -1 5171 5198 5148 -1 5205 5191 5202 -1 5200 5191 5205 -1 5195 5161 5206 -1 5206 5161 5192 -1 5194 5193 5204 -1 5204 5207 5194 -1 5201 5194 5207 -1 5192 5201 5208 -1 5182 5176 5209 -1 5184 5210 5183 -1 5196 5183 5210 -1 5168 5186 5211 -1 5204 5168 5211 -1 5209 5187 5212 -1 5176 5187 5209 -1 5187 5188 5213 -1 5213 5212 5187 -1 5213 5188 5214 -1 5188 5189 5214 -1 5214 5189 5197 -1 5197 5198 5215 -1 5171 5190 5216 -1 5190 5199 5217 -1 5200 5205 5218 -1 5205 5202 5218 -1 5211 5219 5204 -1 5207 5204 5219 -1 5208 5220 5192 -1 5195 5221 5202 -1 5222 5203 5181 -1 5210 5184 5223 -1 5185 5196 5224 -1 5186 5185 5224 -1 5198 5171 5216 -1 5216 5215 5198 -1 5190 5217 5225 -1 5226 5217 5199 -1 5199 5200 5226 -1 5218 5226 5200 -1 5219 5227 5207 -1 5207 5227 5228 -1 5201 5207 5228 -1 5220 5229 5192 -1 5182 5209 5230 -1 5209 5212 5230 -1 5182 5231 5181 -1 5222 5181 5231 -1 5232 5184 5203 -1 5223 5184 5232 -1 5232 5233 5223 -1 5234 5223 5233 -1 5210 5223 5234 -1 5234 5235 5210 -1 5210 5235 5196 -1 5224 5196 5235 -1 5236 5224 5235 -1 5211 5186 5237 -1 5238 5211 5237 -1 5212 5213 5239 -1 5213 5214 5240 -1 5215 5216 5241 -1 5242 5216 5225 -1 5190 5225 5216 -1 5243 5225 5217 -1 5217 5226 5243 -1 5244 5226 5218 -1 5244 5218 5245 -1 5206 5192 5229 -1 5219 5211 5238 -1 5227 5219 5238 -1 5228 5246 5201 -1 5208 5201 5246 -1 5208 5246 5220 -1 5218 5202 5245 -1 5245 5202 5221 -1 5247 5195 5206 -1 5221 5195 5247 -1 5230 5212 5239 -1 5239 5248 5230 -1 5231 5182 5230 -1 5232 5203 5222 -1 5233 5249 5234 -1 5250 5234 5249 -1 5235 5234 5250 -1 5250 5236 5235 -1 5237 5186 5251 -1 5239 5213 5252 -1 5252 5213 5253 -1 5213 5240 5253 -1 5254 5240 5214 -1 5214 5197 5254 -1 5215 5254 5197 -1 5241 5216 5242 -1 5243 5226 5255 -1 5244 5255 5226 -1 5244 5245 5256 -1 5227 5257 5258 -1 5238 5257 5227 -1 5259 5227 5258 -1 5228 5227 5259 -1 5229 5220 5246 -1 5221 5247 5245 -1 5233 5260 5249 -1 5261 5249 5260 -1 5233 5232 5262 -1 5263 5250 5249 -1 5263 5236 5250 -1 5186 5224 5251 -1 5238 5237 5257 -1 5253 5240 5264 -1 5241 5242 5265 -1 5225 5243 5242 -1 5266 5242 5243 -1 5243 5255 5266 -1 5266 5255 5267 -1 5244 5267 5255 -1 5256 5268 5244 -1 5258 5269 5259 -1 5228 5259 5270 -1 5248 5239 5271 -1 5232 5222 5262 -1 5249 5261 5263 -1 5236 5251 5224 -1 5252 5253 5272 -1 5253 5273 5272 -1 5253 5264 5273 -1 5273 5264 5274 -1 5264 5240 5275 -1 5275 5274 5264 -1 5239 5252 5271 -1 5240 5254 5275 -1 5254 5215 5241 -1 5267 5244 5276 -1 5244 5268 5276 -1 5229 5246 5277 -1 5259 5269 5278 -1 5279 5259 5278 -1 5270 5259 5279 -1 5246 5228 5280 -1 5228 5270 5280 -1 5230 5248 5231 -1 5262 5281 5260 -1 5260 5233 5262 -1 5261 5260 5281 -1 5263 5261 5282 -1 5237 5251 5283 -1 5237 5283 5257 -1 5284 5252 5272 -1 5271 5252 5284 -1 5265 5242 5285 -1 5266 5285 5242 -1 5286 5266 5267 -1 5247 5206 5287 -1 5206 5229 5277 -1 5277 5287 5206 -1 5288 5270 5279 -1 5280 5270 5288 -1 5280 5277 5246 -1 5248 5271 5289 -1 5289 5290 5248 -1 5231 5248 5291 -1 5222 5231 5291 -1 5222 5292 5262 -1 5293 5262 5292 -1 5261 5281 5294 -1 5282 5261 5294 -1 5295 5263 5282 -1 5236 5263 5295 -1 5295 5296 5236 -1 5283 5251 5297 -1 5283 5298 5257 -1 5299 5257 5298 -1 5273 5300 5272 -1 5300 5284 5272 -1 5289 5271 5301 -1 5275 5254 5302 -1 5254 5241 5302 -1 5266 5286 5303 -1 5256 5304 5268 -1 5267 5276 5305 -1 5304 5305 5276 -1 5276 5268 5304 -1 5258 5306 5269 -1 5306 5307 5269 -1 5278 5269 5307 -1 5279 5308 5288 -1 5278 5308 5279 -1 5307 5308 5278 -1 5256 5245 5309 -1 5245 5247 5309 -1 5247 5287 5309 -1 5291 5248 5290 -1 5292 5222 5291 -1 5262 5293 5310 -1 5294 5281 5310 -1 5294 5311 5282 -1 5281 5262 5310 -1 5282 5311 5295 -1 5251 5236 5296 -1 5297 5298 5283 -1 5271 5284 5301 -1 5273 5312 5300 -1 5274 5312 5273 -1 5275 5312 5274 -1 5302 5241 5313 -1 5241 5265 5313 -1 5285 5266 5303 -1 5267 5305 5286 -1 5305 5304 5314 -1 5258 5257 5299 -1 5310 5315 5294 -1 5311 5294 5315 -1 5296 5295 5311 -1 5296 5316 5251 -1 5297 5251 5316 -1 5300 5317 5284 -1 5284 5317 5301 -1 5312 5317 5300 -1 5302 5312 5275 -1 5265 5285 5313 -1 5305 5314 5286 -1 5314 5304 5318 -1 5304 5256 5318 -1 5287 5277 5319 -1 5258 5299 5306 -1 5320 5280 5288 -1 5307 5321 5308 -1 5288 5308 5321 -1 5320 5277 5280 -1 5256 5309 5318 -1 5291 5290 5292 -1 5290 5289 5322 -1 5296 5311 5323 -1 5316 5296 5323 -1 5297 5316 5324 -1 5297 5324 5298 -1 5289 5301 5322 -1 5302 5325 5312 -1 5313 5285 5326 -1 5285 5303 5326 -1 5326 5303 5327 -1 5303 5286 5327 -1 5286 5314 5327 -1 5327 5314 5328 -1 5314 5318 5328 -1 5309 5287 5319 -1 5319 5277 5329 -1 5321 5306 5330 -1 5307 5306 5321 -1 5320 5288 5321 -1 5317 5312 5325 -1 5327 5328 5331 -1 5319 5332 5309 -1 5299 5330 5306 -1 5329 5277 5320 -1 5318 5309 5332 -1 5332 5328 5318 -1 5310 5293 5333 -1 5334 5315 5310 -1 5323 5315 5334 -1 5311 5315 5323 -1 5323 5335 5316 -1 5324 5316 5335 -1 5298 5324 5336 -1 5299 5298 5336 -1 5322 5301 5337 -1 5301 5317 5337 -1 5317 5325 5337 -1 5325 5302 5313 -1 5338 5326 5339 -1 5313 5326 5338 -1 5326 5327 5339 -1 5331 5339 5327 -1 5331 5328 5340 -1 5330 5299 5341 -1 5321 5330 5342 -1 5320 5321 5342 -1 5328 5332 5340 -1 5310 5333 5334 -1 5336 5324 5335 -1 5299 5336 5341 -1 5325 5313 5338 -1 5343 5338 5339 -1 5319 5329 5344 -1 5342 5329 5320 -1 5345 5322 5346 -1 5290 5322 5345 -1 5292 5290 5345 -1 5293 5292 5345 -1 5345 5347 5293 -1 5333 5293 5347 -1 5323 5334 5348 -1 5335 5323 5349 -1 5349 5350 5335 -1 5336 5335 5350 -1 5337 5325 5351 -1 5322 5337 5352 -1 5353 5351 5325 -1 5325 5338 5353 -1 5339 5331 5354 -1 5331 5340 5355 -1 5341 5356 5330 -1 5342 5330 5356 -1 5329 5342 5357 -1 5319 5340 5332 -1 5333 5358 5334 -1 5358 5348 5334 -1 5348 5349 5323 -1 5341 5336 5350 -1 5352 5337 5359 -1 5351 5359 5337 -1 5353 5338 5343 -1 5343 5339 5354 -1 5354 5331 5355 -1 5344 5340 5319 -1 5357 5342 5356 -1 5322 5352 5346 -1 5345 5346 5360 -1 5333 5347 5361 -1 5350 5349 5362 -1 5362 5363 5350 -1 5341 5350 5363 -1 5364 5351 5365 -1 5359 5351 5364 -1 5351 5353 5366 -1 5353 5343 5367 -1 5343 5354 5368 -1 5369 5344 5370 -1 5340 5344 5369 -1 5356 5341 5371 -1 5355 5340 5372 -1 5345 5360 5347 -1 5333 5361 5358 -1 5358 5361 5373 -1 5348 5358 5373 -1 5373 5374 5348 -1 5374 5375 5348 -1 5348 5375 5349 -1 5362 5349 5375 -1 5351 5366 5365 -1 5376 5366 5353 -1 5353 5367 5376 -1 5367 5343 5377 -1 5378 5377 5343 -1 5343 5368 5378 -1 5379 5368 5354 -1 5354 5355 5379 -1 5380 5379 5355 -1 5380 5355 5381 -1 5381 5355 5372 -1 5371 5341 5363 -1 5370 5344 5382 -1 5344 5329 5382 -1 5383 5356 5371 -1 5357 5356 5383 -1 5383 5384 5357 -1 5382 5357 5384 -1 5329 5357 5382 -1 5372 5340 5369 -1 5346 5352 5385 -1 5361 5347 5386 -1 5352 5359 5385 -1 5387 5385 5359 -1 5359 5364 5387 -1 5365 5366 5388 -1 5382 5384 5389 -1 5389 5390 5382 -1 5370 5382 5390 -1 5391 5372 5392 -1 5381 5372 5391 -1 5372 5369 5393 -1 5392 5372 5393 -1 5360 5386 5347 -1 5360 5346 5385 -1 5394 5395 5373 -1 5374 5373 5395 -1 5375 5374 5396 -1 5366 5376 5397 -1 5378 5368 5398 -1 5380 5381 5399 -1 5373 5361 5400 -1 5400 5394 5373 -1 5362 5375 5401 -1 5365 5402 5364 -1 5366 5397 5403 -1 5371 5404 5383 -1 5389 5384 5405 -1 5404 5406 5383 -1 5384 5383 5406 -1 5407 5386 5360 -1 5394 5408 5395 -1 5409 5395 5408 -1 5374 5395 5409 -1 5396 5401 5375 -1 5410 5362 5411 -1 5363 5362 5410 -1 5371 5363 5410 -1 5364 5412 5387 -1 5365 5388 5413 -1 5388 5366 5413 -1 5367 5377 5414 -1 5379 5415 5368 -1 5379 5380 5416 -1 5370 5390 5417 -1 5370 5417 5369 -1 5405 5384 5406 -1 5386 5418 5361 -1 5362 5401 5419 -1 5402 5365 5420 -1 5365 5413 5420 -1 5413 5366 5403 -1 5415 5379 5421 -1 5416 5380 5399 -1 5393 5369 5422 -1 5369 5417 5422 -1 5407 5418 5386 -1 5394 5400 5423 -1 5408 5394 5423 -1 5396 5374 5409 -1 5397 5376 5424 -1 5367 5424 5376 -1 5378 5414 5377 -1 5404 5371 5410 -1 5425 5406 5404 -1 5400 5361 5418 -1 5418 5423 5400 -1 5409 5408 5426 -1 5364 5402 5412 -1 5378 5427 5414 -1 5378 5398 5428 -1 5398 5368 5415 -1 5415 5428 5398 -1 5405 5406 5425 -1 5390 5389 5429 -1 5417 5390 5430 -1 5431 5418 5432 -1 5423 5418 5431 -1 5408 5423 5426 -1 5396 5409 5426 -1 5411 5433 5410 -1 5385 5387 5434 -1 5367 5414 5424 -1 5378 5428 5427 -1 5404 5410 5435 -1 5405 5429 5389 -1 5407 5432 5418 -1 5423 5431 5436 -1 5420 5413 5437 -1 5403 5437 5413 -1 5397 5424 5438 -1 5433 5435 5410 -1 5405 5425 5439 -1 5440 5396 5426 -1 5401 5396 5440 -1 5419 5401 5440 -1 5402 5441 5412 -1 5437 5403 5442 -1 5442 5397 5443 -1 5403 5397 5442 -1 5438 5443 5397 -1 5424 5414 5444 -1 5444 5438 5424 -1 5444 5414 5427 -1 5399 5381 5445 -1 5391 5445 5381 -1 5425 5404 5435 -1 5390 5429 5446 -1 5430 5390 5446 -1 5430 5447 5417 -1 5426 5423 5436 -1 5433 5448 5435 -1 5432 5449 5431 -1 5436 5431 5449 -1 5450 5426 5436 -1 5440 5426 5450 -1 5437 5442 5451 -1 5392 5393 5452 -1 5393 5422 5453 -1 5453 5452 5393 -1 5422 5417 5447 -1 5447 5453 5422 -1 5454 5420 5437 -1 5437 5451 5454 -1 5419 5455 5362 -1 5411 5362 5455 -1 5456 5434 5387 -1 5412 5456 5387 -1 5421 5379 5457 -1 5416 5457 5379 -1 5385 5434 5458 -1 5360 5385 5458 -1 5458 5407 5360 -1 5411 5455 5433 -1 5439 5459 5405 -1 5429 5405 5459 -1 5457 5416 5460 -1 5416 5399 5460 -1 5448 5461 5435 -1 5425 5435 5461 -1 5439 5425 5461 -1 5430 5446 5462 -1 5447 5430 5462 -1 5451 5442 5463 -1 5442 5443 5463 -1 5449 5432 5464 -1 5450 5465 5440 -1 5433 5455 5466 -1 5441 5402 5467 -1 5420 5467 5402 -1 5429 5459 5468 -1 5407 5458 5469 -1 5432 5407 5464 -1 5449 5470 5436 -1 5470 5450 5436 -1 5465 5450 5471 -1 5419 5440 5465 -1 5466 5472 5433 -1 5448 5433 5472 -1 5438 5444 5473 -1 5427 5473 5444 -1 5460 5399 5474 -1 5445 5391 5475 -1 5461 5448 5476 -1 5392 5452 5475 -1 5446 5429 5468 -1 5391 5392 5475 -1 5458 5434 5477 -1 5469 5458 5477 -1 5455 5419 5465 -1 5466 5455 5465 -1 5473 5478 5438 -1 5479 5473 5427 -1 5428 5479 5427 -1 5399 5445 5474 -1 5445 5475 5474 -1 5446 5468 5480 -1 5481 5446 5480 -1 5462 5446 5481 -1 5447 5462 5481 -1 5482 5439 5461 -1 5459 5439 5482 -1 5407 5469 5464 -1 5412 5441 5456 -1 5443 5438 5478 -1 5479 5428 5483 -1 5428 5415 5483 -1 5461 5476 5482 -1 5468 5459 5482 -1 5470 5471 5450 -1 5471 5484 5465 -1 5456 5441 5485 -1 5467 5485 5441 -1 5468 5482 5480 -1 5453 5447 5486 -1 5481 5486 5447 -1 5469 5487 5464 -1 5470 5449 5464 -1 5471 5470 5488 -1 5484 5489 5465 -1 5434 5456 5477 -1 5415 5490 5483 -1 5415 5421 5490 -1 5463 5443 5491 -1 5478 5491 5443 -1 5482 5476 5492 -1 5466 5465 5489 -1 5421 5457 5493 -1 5457 5460 5493 -1 5480 5482 5492 -1 5492 5494 5480 -1 5480 5494 5495 -1 5481 5480 5495 -1 5472 5466 5496 -1 5477 5456 5497 -1 5456 5485 5497 -1 5467 5420 5498 -1 5454 5498 5420 -1 5460 5474 5499 -1 5499 5474 5500 -1 5474 5475 5500 -1 5448 5472 5501 -1 5476 5448 5501 -1 5492 5476 5502 -1 5452 5500 5475 -1 5452 5453 5486 -1 5477 5503 5469 -1 5470 5464 5504 -1 5488 5470 5504 -1 5471 5488 5505 -1 5489 5484 5506 -1 5466 5489 5507 -1 5466 5507 5496 -1 5490 5421 5493 -1 5493 5460 5508 -1 5499 5508 5460 -1 5502 5476 5501 -1 5509 5492 5502 -1 5486 5481 5510 -1 5481 5495 5510 -1 5469 5503 5511 -1 5487 5504 5464 -1 5484 5471 5505 -1 5477 5497 5503 -1 5451 5463 5512 -1 5491 5512 5463 -1 5478 5473 5513 -1 5473 5479 5513 -1 5483 5490 5514 -1 5514 5490 5515 -1 5490 5493 5515 -1 5508 5515 5493 -1 5501 5472 5496 -1 5494 5492 5509 -1 5495 5494 5516 -1 5507 5489 5506 -1 5513 5479 5517 -1 5483 5517 5479 -1 5502 5501 5518 -1 5519 5520 5500 -1 5500 5452 5519 -1 5452 5486 5521 -1 5521 5519 5452 -1 5486 5510 5521 -1 5510 5495 5522 -1 5516 5494 5509 -1 5495 5516 5522 -1 5487 5469 5511 -1 5507 5523 5496 -1 5514 5517 5483 -1 5499 5500 5520 -1 5501 5496 5524 -1 5484 5505 5506 -1 5507 5506 5525 -1 5503 5497 5526 -1 5526 5485 5527 -1 5497 5485 5526 -1 5467 5527 5485 -1 5454 5451 5512 -1 5511 5503 5528 -1 5487 5511 5529 -1 5527 5467 5498 -1 5515 5508 5530 -1 5524 5531 5501 -1 5518 5501 5531 -1 5502 5518 5532 -1 5509 5502 5532 -1 5519 5521 5533 -1 5534 5521 5510 -1 5487 5529 5504 -1 5488 5504 5535 -1 5505 5488 5535 -1 5536 5496 5523 -1 5526 5528 5503 -1 5454 5537 5498 -1 5514 5515 5538 -1 5530 5508 5539 -1 5499 5539 5508 -1 5524 5496 5536 -1 5532 5540 5509 -1 5520 5519 5541 -1 5519 5533 5541 -1 5533 5521 5534 -1 5516 5509 5540 -1 5522 5534 5510 -1 5529 5511 5542 -1 5542 5511 5528 -1 5504 5529 5543 -1 5536 5523 5544 -1 5528 5526 5545 -1 5527 5545 5526 -1 5527 5498 5537 -1 5537 5454 5512 -1 5517 5514 5546 -1 5514 5538 5546 -1 5530 5538 5515 -1 5530 5539 5547 -1 5539 5499 5548 -1 5548 5547 5539 -1 5499 5520 5548 -1 5531 5524 5536 -1 5531 5549 5518 -1 5532 5518 5549 -1 5541 5533 5550 -1 5534 5550 5533 -1 5522 5516 5540 -1 5543 5551 5504 -1 5535 5504 5551 -1 5552 5505 5535 -1 5506 5505 5552 -1 5552 5525 5506 -1 5523 5525 5544 -1 5507 5525 5523 -1 5491 5478 5553 -1 5513 5553 5478 -1 5520 5541 5554 -1 5548 5520 5554 -1 5540 5532 5555 -1 5542 5528 5556 -1 5517 5546 5557 -1 5558 5557 5546 -1 5546 5538 5558 -1 5530 5558 5538 -1 5531 5536 5559 -1 5560 5561 5534 -1 5550 5534 5561 -1 5562 5540 5555 -1 5522 5540 5562 -1 5534 5522 5560 -1 5537 5512 5563 -1 5512 5491 5564 -1 5529 5542 5543 -1 5552 5535 5565 -1 5565 5566 5552 -1 5567 5552 5566 -1 5525 5552 5567 -1 5544 5525 5567 -1 5536 5544 5568 -1 5545 5527 5569 -1 5563 5512 5570 -1 5564 5570 5512 -1 5553 5564 5491 -1 5559 5536 5568 -1 5549 5531 5559 -1 5532 5549 5571 -1 5555 5532 5571 -1 5560 5522 5562 -1 5543 5572 5551 -1 5535 5551 5565 -1 5528 5545 5569 -1 5553 5513 5573 -1 5573 5517 5557 -1 5513 5517 5573 -1 5558 5574 5557 -1 5558 5530 5575 -1 5547 5575 5530 -1 5547 5548 5576 -1 5548 5554 5576 -1 5560 5562 5577 -1 5543 5542 5578 -1 5579 5572 5580 -1 5551 5572 5579 -1 5551 5579 5565 -1 5544 5567 5581 -1 5568 5544 5581 -1 5527 5537 5582 -1 5563 5582 5537 -1 5573 5583 5553 -1 5554 5541 5584 -1 5550 5584 5541 -1 5578 5542 5585 -1 5585 5586 5578 -1 5542 5556 5585 -1 5579 5587 5565 -1 5566 5565 5587 -1 5581 5567 5588 -1 5556 5528 5569 -1 5583 5564 5553 -1 5573 5557 5589 -1 5574 5589 5557 -1 5590 5574 5558 -1 5554 5584 5591 -1 5575 5590 5558 -1 5575 5547 5592 -1 5576 5592 5547 -1 5576 5554 5591 -1 5559 5568 5593 -1 5594 5559 5593 -1 5549 5559 5594 -1 5571 5549 5594 -1 5555 5571 5595 -1 5584 5550 5596 -1 5550 5561 5596 -1 5577 5597 5560 -1 5577 5555 5595 -1 5562 5555 5577 -1 5561 5560 5597 -1 5572 5543 5578 -1 5578 5580 5572 -1 5567 5566 5588 -1 5581 5588 5598 -1 5589 5574 5599 -1 5599 5590 5600 -1 5574 5590 5599 -1 5575 5592 5590 -1 5571 5594 5601 -1 5595 5571 5601 -1 5587 5579 5602 -1 5566 5587 5602 -1 5568 5581 5598 -1 5582 5563 5570 -1 5592 5576 5591 -1 5593 5568 5598 -1 5603 5594 5593 -1 5594 5603 5601 -1 5577 5595 5604 -1 5604 5597 5577 -1 5586 5605 5578 -1 5580 5578 5605 -1 5588 5566 5606 -1 5607 5598 5588 -1 5569 5527 5608 -1 5582 5608 5527 -1 5570 5564 5609 -1 5564 5583 5609 -1 5610 5609 5583 -1 5583 5573 5610 -1 5573 5589 5610 -1 5611 5589 5599 -1 5600 5590 5592 -1 5593 5598 5612 -1 5595 5601 5603 -1 5591 5584 5613 -1 5596 5561 5614 -1 5584 5596 5613 -1 5561 5597 5614 -1 5586 5585 5615 -1 5615 5585 5616 -1 5585 5556 5616 -1 5598 5607 5612 -1 5608 5582 5570 -1 5610 5589 5617 -1 5611 5617 5589 -1 5603 5593 5618 -1 5604 5595 5619 -1 5603 5619 5595 -1 5620 5621 5614 -1 5597 5604 5620 -1 5614 5597 5620 -1 5602 5579 5622 -1 5606 5566 5602 -1 5623 5588 5606 -1 5623 5607 5588 -1 5616 5556 5624 -1 5569 5624 5556 -1 5569 5608 5625 -1 5570 5609 5626 -1 5627 5599 5600 -1 5591 5613 5628 -1 5600 5592 5627 -1 5618 5593 5612 -1 5619 5603 5618 -1 5614 5621 5629 -1 5630 5614 5629 -1 5596 5614 5630 -1 5613 5596 5630 -1 5620 5631 5621 -1 5620 5604 5631 -1 5580 5605 5632 -1 5580 5622 5579 -1 5623 5633 5607 -1 5612 5607 5633 -1 5608 5570 5626 -1 5629 5634 5630 -1 5613 5630 5634 -1 5631 5604 5635 -1 5616 5636 5615 -1 5632 5605 5637 -1 5605 5586 5637 -1 5637 5586 5615 -1 5622 5580 5632 -1 5622 5638 5602 -1 5606 5602 5638 -1 5638 5623 5606 -1 5639 5592 5591 -1 5627 5592 5639 -1 5633 5640 5612 -1 5619 5618 5641 -1 5621 5631 5629 -1 5635 5604 5619 -1 5632 5642 5622 -1 5623 5638 5643 -1 5644 5623 5643 -1 5633 5623 5645 -1 5624 5569 5625 -1 5625 5608 5646 -1 5609 5610 5617 -1 5617 5611 5647 -1 5611 5599 5647 -1 5647 5599 5627 -1 5591 5628 5639 -1 5618 5612 5640 -1 5629 5631 5648 -1 5635 5619 5641 -1 5637 5615 5649 -1 5632 5637 5650 -1 5642 5632 5650 -1 5638 5622 5642 -1 5643 5638 5642 -1 5645 5623 5644 -1 5624 5636 5616 -1 5608 5626 5651 -1 5626 5609 5651 -1 5627 5652 5647 -1 5640 5633 5653 -1 5654 5640 5653 -1 5618 5640 5654 -1 5628 5613 5634 -1 5634 5629 5655 -1 5648 5655 5629 -1 5635 5656 5631 -1 5648 5631 5656 -1 5615 5636 5657 -1 5649 5615 5657 -1 5650 5637 5649 -1 5650 5658 5642 -1 5643 5642 5658 -1 5644 5643 5658 -1 5653 5633 5645 -1 5659 5624 5625 -1 5625 5646 5659 -1 5608 5651 5646 -1 5651 5609 5660 -1 5609 5617 5660 -1 5639 5652 5627 -1 5641 5618 5654 -1 5648 5661 5655 -1 5634 5662 5663 -1 5628 5634 5663 -1 5662 5634 5655 -1 5656 5635 5664 -1 5664 5661 5656 -1 5635 5641 5664 -1 5648 5656 5661 -1 5657 5636 5665 -1 5666 5650 5649 -1 5666 5667 5658 -1 5658 5650 5666 -1 5644 5658 5667 -1 5668 5644 5667 -1 5644 5668 5645 -1 5653 5645 5668 -1 5665 5624 5659 -1 5636 5624 5665 -1 5646 5651 5669 -1 5651 5660 5669 -1 5660 5617 5670 -1 5670 5617 5647 -1 5647 5652 5670 -1 5652 5639 5671 -1 5639 5628 5663 -1 5671 5639 5663 -1 5672 5641 5654 -1 5662 5655 5673 -1 5661 5673 5655 -1 5672 5673 5664 -1 5661 5664 5673 -1 5664 5641 5672 -1 5649 5657 5674 -1 5674 5657 5665 -1 5666 5649 5674 -1 5675 5666 5674 -1 5667 5675 5676 -1 5666 5675 5667 -1 5676 5668 5667 -1 5677 5668 5676 -1 5677 5653 5668 -1 5678 5665 5659 -1 5659 5646 5678 -1 5678 5646 5669 -1 5665 5678 5679 -1 5674 5665 5679 -1 5678 5669 5680 -1 5681 5669 5660 -1 5680 5669 5681 -1 5681 5660 5670 -1 5680 5681 5682 -1 5681 5670 5682 -1 5683 5682 5670 -1 5670 5652 5683 -1 5683 5652 5671 -1 5671 5684 5683 -1 5685 5686 5687 -1 5684 5686 5685 -1 5686 5671 5663 -1 5684 5671 5686 -1 5687 5688 5689 -1 5689 5654 5653 -1 5677 5689 5653 -1 5654 5689 5672 -1 5689 5688 5672 -1 5688 5686 5662 -1 5687 5686 5688 -1 5662 5673 5688 -1 5686 5663 5662 -1 5673 5672 5688 -1 5674 5690 5675 -1 5690 5676 5675 -1 5679 5691 5674 -1 5679 5678 5691 -1 5678 5680 5692 -1 5692 5691 5678 -1 5692 5680 5682 -1 5674 5691 5690 -1 5690 5691 5693 -1 5692 5682 5694 -1 5693 5692 5685 -1 5691 5692 5693 -1 5694 5685 5692 -1 5695 5676 5690 -1 5693 5695 5690 -1 5695 5693 5696 -1 5696 5685 5687 -1 5693 5685 5696 -1 5694 5682 5683 -1 5683 5684 5694 -1 5685 5694 5684 -1 5676 5695 5677 -1 5696 5677 5695 -1 5677 5696 5689 -1 5696 5687 5689 -1" texCoordIndex="0 1 2 -1 2 3 0 -1 0 3 4 -1 0 4 5 -1 5 4 6 -1 5 6 7 -1 7 6 8 -1 9 7 8 -1 10 9 8 -1 11 9 10 -1 10 12 11 -1 13 11 12 -1 14 13 12 -1 15 13 14 -1 14 16 15 -1 17 15 16 -1 16 18 17 -1 19 17 18 -1 18 20 19 -1 19 20 21 -1 22 19 21 -1 23 22 21 -1 24 22 23 -1 25 24 23 -1 26 25 23 -1 27 25 26 -1 28 27 26 -1 29 25 27 -1 30 27 28 -1 31 27 30 -1 29 27 31 -1 32 31 30 -1 30 33 32 -1 34 32 33 -1 35 3 2 -1 4 3 36 -1 3 35 37 -1 36 3 37 -1 4 36 38 -1 6 4 38 -1 39 6 38 -1 8 6 39 -1 40 8 39 -1 8 40 10 -1 10 40 41 -1 10 41 12 -1 42 12 41 -1 14 12 42 -1 42 43 14 -1 16 14 43 -1 18 16 44 -1 44 16 43 -1 18 45 20 -1 44 45 18 -1 20 45 46 -1 20 46 21 -1 21 46 47 -1 21 47 23 -1 23 47 48 -1 23 48 26 -1 26 48 49 -1 26 49 28 -1 28 49 50 -1 50 51 28 -1 28 51 30 -1 51 52 30 -1 30 52 33 -1 52 53 33 -1 36 37 54 -1 55 56 37 -1 37 56 54 -1 39 38 57 -1 58 39 57 -1 36 54 38 -1 54 59 38 -1 38 59 57 -1 60 61 42 -1 43 42 61 -1 61 62 43 -1 44 43 62 -1 62 63 44 -1 45 44 63 -1 46 45 63 -1 64 46 63 -1 47 46 64 -1 48 47 64 -1 64 65 48 -1 49 48 65 -1 65 66 49 -1 50 49 66 -1 67 50 66 -1 68 50 67 -1 69 50 68 -1 51 50 69 -1 69 70 52 -1 52 51 69 -1 39 58 40 -1 53 52 70 -1 58 71 41 -1 41 40 58 -1 72 41 71 -1 42 41 72 -1 60 42 72 -1 59 54 56 -1 73 57 59 -1 57 74 75 -1 76 74 73 -1 76 77 74 -1 55 78 79 -1 55 79 56 -1 75 74 77 -1 56 79 59 -1 59 79 73 -1 80 75 77 -1 73 74 57 -1 73 79 76 -1 81 79 78 -1 79 81 76 -1 82 76 81 -1 82 83 76 -1 58 57 75 -1 58 75 71 -1 75 80 71 -1 71 80 72 -1 72 80 84 -1 60 72 84 -1 60 85 61 -1 85 60 84 -1 85 86 61 -1 62 61 86 -1 86 87 62 -1 63 62 87 -1 88 63 87 -1 64 63 88 -1 88 89 64 -1 65 64 89 -1 90 65 89 -1 65 90 66 -1 66 90 91 -1 66 91 67 -1 68 92 69 -1 93 69 92 -1 69 93 70 -1 94 82 81 -1 94 95 96 -1 97 96 95 -1 96 82 94 -1 83 96 98 -1 82 96 83 -1 83 98 99 -1 100 96 97 -1 101 102 103 -1 98 96 100 -1 104 99 98 -1 101 105 106 -1 102 101 107 -1 84 103 85 -1 85 103 102 -1 86 102 108 -1 85 102 86 -1 86 108 87 -1 109 87 108 -1 88 87 109 -1 109 110 88 -1 89 88 110 -1 89 110 111 -1 89 111 90 -1 112 77 76 -1 111 113 90 -1 91 90 113 -1 67 91 113 -1 114 67 113 -1 68 114 92 -1 114 115 92 -1 116 92 115 -1 92 116 93 -1 112 76 83 -1 83 99 117 -1 83 117 112 -1 99 104 118 -1 99 118 119 -1 119 117 99 -1 117 119 120 -1 77 112 121 -1 112 117 122 -1 112 122 121 -1 120 122 117 -1 122 120 123 -1 77 103 80 -1 103 77 101 -1 80 103 84 -1 77 105 101 -1 121 105 77 -1 105 121 124 -1 124 121 125 -1 121 122 126 -1 122 123 126 -1 121 126 127 -1 125 121 127 -1 105 128 129 -1 124 128 105 -1 94 130 95 -1 131 130 94 -1 132 95 130 -1 132 133 97 -1 97 95 132 -1 133 134 97 -1 98 100 135 -1 98 135 104 -1 118 104 136 -1 119 118 137 -1 137 138 119 -1 119 138 120 -1 125 139 124 -1 140 124 139 -1 126 123 141 -1 127 126 141 -1 127 141 142 -1 128 124 140 -1 128 140 143 -1 143 129 128 -1 129 143 144 -1 105 129 145 -1 129 144 146 -1 106 107 101 -1 102 107 108 -1 105 145 106 -1 129 146 145 -1 147 145 146 -1 148 106 145 -1 106 148 149 -1 149 148 150 -1 149 107 106 -1 107 149 151 -1 151 152 107 -1 151 149 153 -1 151 153 154 -1 149 150 155 -1 155 153 149 -1 152 108 107 -1 156 108 152 -1 109 108 156 -1 157 109 156 -1 158 152 151 -1 152 158 156 -1 154 158 151 -1 158 154 159 -1 154 153 160 -1 161 154 160 -1 161 159 154 -1 156 158 159 -1 159 157 156 -1 157 159 162 -1 163 162 159 -1 159 161 164 -1 165 164 161 -1 164 165 166 -1 159 164 163 -1 166 163 164 -1 109 157 167 -1 109 167 110 -1 110 167 168 -1 168 111 110 -1 111 168 169 -1 157 162 167 -1 167 162 170 -1 170 168 167 -1 170 115 168 -1 115 169 168 -1 169 113 111 -1 113 169 114 -1 115 114 169 -1 68 67 114 -1 130 131 171 -1 134 132 172 -1 133 132 134 -1 97 173 100 -1 173 97 134 -1 135 100 173 -1 104 135 174 -1 136 104 174 -1 175 136 174 -1 136 137 118 -1 138 137 176 -1 138 177 120 -1 177 138 176 -1 120 177 123 -1 123 177 178 -1 179 123 178 -1 141 123 179 -1 180 125 181 -1 139 125 180 -1 140 139 180 -1 179 182 141 -1 142 141 182 -1 125 127 181 -1 142 181 127 -1 143 140 183 -1 144 143 183 -1 184 144 183 -1 185 144 184 -1 146 144 185 -1 186 146 185 -1 187 146 186 -1 147 146 187 -1 148 145 147 -1 148 147 188 -1 189 148 188 -1 150 148 189 -1 150 190 155 -1 155 191 153 -1 155 192 191 -1 192 155 190 -1 193 153 191 -1 160 153 193 -1 161 160 194 -1 195 161 194 -1 161 195 165 -1 165 195 196 -1 165 196 166 -1 166 196 197 -1 198 190 189 -1 192 190 198 -1 191 192 199 -1 194 160 193 -1 200 194 193 -1 192 198 199 -1 194 200 195 -1 195 200 201 -1 201 196 195 -1 202 134 172 -1 203 134 202 -1 173 134 203 -1 175 137 136 -1 176 137 204 -1 180 181 205 -1 180 206 140 -1 142 182 207 -1 181 142 205 -1 207 205 142 -1 140 206 183 -1 187 186 208 -1 209 187 208 -1 147 187 209 -1 209 188 147 -1 190 150 189 -1 202 210 203 -1 174 135 173 -1 173 203 174 -1 175 174 211 -1 204 137 212 -1 176 204 213 -1 177 176 213 -1 178 177 213 -1 213 214 178 -1 214 179 178 -1 214 215 179 -1 182 179 215 -1 207 182 215 -1 183 206 216 -1 217 183 216 -1 184 183 217 -1 185 184 217 -1 218 186 185 -1 186 218 208 -1 219 209 208 -1 188 209 219 -1 189 188 219 -1 219 220 189 -1 198 189 220 -1 191 221 193 -1 221 191 199 -1 193 221 222 -1 200 193 222 -1 201 200 222 -1 199 198 220 -1 196 201 223 -1 174 203 210 -1 210 224 174 -1 211 174 224 -1 212 137 175 -1 213 204 212 -1 180 205 225 -1 206 225 216 -1 180 225 206 -1 205 207 226 -1 217 227 185 -1 218 185 227 -1 228 218 227 -1 208 218 228 -1 219 208 228 -1 229 220 219 -1 229 230 220 -1 221 199 230 -1 201 222 231 -1 199 220 230 -1 223 201 231 -1 210 202 232 -1 175 211 212 -1 213 212 233 -1 213 233 234 -1 234 214 213 -1 205 235 225 -1 236 225 235 -1 216 225 236 -1 215 234 237 -1 207 215 237 -1 214 234 215 -1 226 235 205 -1 227 238 228 -1 228 238 219 -1 217 216 239 -1 238 229 219 -1 240 221 241 -1 230 241 221 -1 222 240 242 -1 222 221 240 -1 222 243 231 -1 231 244 223 -1 210 232 245 -1 246 238 227 -1 224 210 245 -1 211 224 245 -1 238 247 229 -1 243 222 242 -1 233 212 248 -1 233 249 234 -1 235 250 236 -1 237 234 249 -1 226 207 237 -1 239 216 236 -1 217 239 251 -1 227 217 251 -1 252 253 239 -1 251 239 253 -1 227 251 246 -1 246 247 238 -1 229 247 254 -1 254 255 229 -1 241 230 255 -1 230 229 255 -1 240 256 242 -1 241 256 240 -1 248 249 233 -1 250 257 258 -1 250 235 257 -1 236 250 259 -1 239 236 259 -1 252 239 259 -1 251 253 260 -1 246 251 260 -1 261 246 260 -1 255 256 241 -1 242 256 262 -1 245 263 211 -1 212 211 263 -1 249 248 264 -1 265 258 257 -1 265 266 258 -1 257 235 267 -1 235 226 267 -1 250 258 266 -1 268 237 249 -1 267 237 268 -1 237 267 226 -1 259 250 266 -1 212 263 269 -1 248 212 269 -1 264 248 270 -1 268 249 264 -1 268 271 267 -1 272 267 273 -1 257 267 272 -1 259 266 274 -1 274 252 259 -1 253 252 275 -1 276 260 253 -1 276 261 260 -1 246 261 247 -1 256 255 277 -1 254 278 255 -1 262 256 277 -1 269 263 279 -1 269 270 248 -1 271 268 280 -1 271 273 267 -1 265 257 272 -1 274 266 265 -1 255 278 277 -1 254 247 278 -1 278 247 281 -1 281 282 278 -1 277 278 282 -1 283 284 270 -1 270 269 283 -1 270 284 264 -1 284 280 264 -1 264 280 268 -1 285 271 280 -1 273 271 286 -1 272 273 287 -1 288 272 287 -1 265 272 288 -1 274 265 288 -1 275 252 274 -1 275 276 253 -1 276 281 261 -1 247 261 281 -1 269 279 289 -1 283 269 289 -1 285 290 271 -1 286 290 291 -1 290 286 271 -1 287 286 291 -1 273 286 287 -1 274 292 275 -1 293 275 292 -1 276 275 293 -1 282 281 294 -1 284 283 295 -1 280 284 295 -1 285 280 295 -1 296 290 297 -1 290 285 297 -1 296 291 290 -1 298 287 291 -1 288 287 298 -1 274 288 292 -1 294 276 293 -1 281 276 294 -1 299 297 295 -1 285 295 297 -1 298 291 300 -1 288 298 301 -1 292 288 301 -1 302 303 299 -1 297 299 303 -1 304 291 296 -1 304 300 291 -1 296 297 303 -1 292 301 305 -1 293 292 305 -1 294 293 305 -1 306 294 305 -1 298 300 301 -1 306 305 307 -1 303 302 308 -1 309 303 308 -1 296 303 309 -1 310 300 304 -1 301 300 310 -1 305 301 311 -1 307 305 312 -1 313 309 308 -1 296 309 314 -1 296 315 304 -1 315 296 314 -1 310 304 315 -1 301 310 316 -1 311 301 316 -1 312 305 311 -1 317 307 312 -1 309 313 318 -1 314 309 318 -1 310 315 314 -1 319 311 316 -1 311 319 312 -1 312 320 317 -1 321 322 318 -1 322 321 323 -1 314 318 322 -1 310 314 324 -1 324 325 310 -1 316 310 325 -1 324 314 322 -1 319 320 312 -1 326 323 321 -1 325 324 327 -1 316 325 328 -1 324 329 327 -1 322 329 324 -1 322 323 329 -1 330 316 328 -1 328 329 330 -1 316 330 319 -1 330 331 319 -1 330 332 331 -1 320 319 331 -1 326 333 323 -1 333 334 335 -1 333 336 323 -1 335 336 333 -1 325 327 337 -1 328 325 337 -1 327 329 337 -1 323 336 329 -1 329 328 337 -1 329 336 330 -1 332 330 336 -1 335 332 336 -1 332 335 338 -1 332 339 331 -1 332 338 339 -1 340 341 334 -1 335 334 341 -1 342 335 341 -1 338 335 342 -1 343 344 345 -1 346 347 348 -1 347 349 350 -1 350 348 347 -1 349 351 352 -1 352 350 349 -1 353 354 351 -1 351 354 352 -1 353 355 354 -1 356 357 353 -1 353 357 355 -1 358 357 356 -1 359 358 356 -1 360 358 359 -1 361 360 359 -1 361 362 360 -1 363 362 361 -1 364 363 361 -1 364 365 363 -1 352 354 366 -1 367 357 358 -1 360 368 358 -1 362 369 360 -1 362 363 370 -1 363 365 370 -1 366 354 371 -1 354 355 371 -1 355 357 367 -1 367 358 372 -1 372 358 368 -1 373 368 360 -1 360 369 373 -1 362 370 374 -1 374 369 362 -1 375 374 370 -1 344 343 376 -1 348 377 346 -1 348 350 378 -1 378 350 379 -1 350 352 380 -1 380 379 350 -1 352 366 380 -1 381 343 382 -1 382 343 345 -1 376 343 381 -1 382 383 384 -1 384 381 382 -1 384 385 386 -1 383 385 384 -1 386 387 388 -1 385 387 386 -1 387 389 390 -1 390 388 387 -1 389 346 390 -1 390 346 377 -1 367 391 355 -1 355 391 371 -1 391 367 372 -1 368 373 392 -1 393 373 369 -1 394 393 369 -1 369 374 395 -1 396 397 374 -1 375 396 374 -1 391 372 398 -1 372 368 399 -1 392 373 393 -1 394 369 400 -1 369 395 400 -1 395 374 397 -1 398 372 399 -1 368 392 399 -1 401 366 402 -1 366 371 402 -1 377 348 403 -1 378 403 348 -1 366 401 380 -1 380 401 379 -1 391 404 371 -1 391 398 405 -1 406 398 399 -1 392 393 407 -1 394 407 393 -1 394 400 408 -1 409 408 400 -1 400 395 409 -1 395 397 409 -1 396 409 397 -1 410 371 404 -1 404 391 411 -1 405 411 391 -1 406 405 398 -1 406 399 412 -1 413 412 399 -1 399 392 413 -1 392 407 413 -1 414 413 407 -1 407 394 414 -1 408 414 394 -1 415 408 409 -1 409 396 415 -1 402 371 410 -1 411 405 416 -1 416 405 406 -1 417 416 418 -1 406 418 416 -1 418 406 412 -1 417 418 419 -1 419 418 420 -1 420 421 419 -1 418 412 420 -1 420 412 413 -1 422 421 420 -1 413 422 420 -1 422 413 423 -1 413 414 423 -1 422 423 424 -1 424 423 425 -1 425 426 424 -1 425 423 414 -1 427 425 428 -1 426 425 427 -1 408 425 414 -1 428 425 408 -1 428 429 427 -1 408 415 428 -1 430 428 415 -1 431 432 416 -1 411 416 432 -1 416 417 431 -1 431 417 433 -1 410 404 434 -1 434 435 410 -1 411 432 434 -1 404 411 434 -1 417 419 433 -1 433 421 436 -1 419 421 433 -1 421 422 436 -1 437 436 422 -1 422 424 437 -1 424 426 438 -1 438 437 424 -1 439 438 426 -1 426 427 439 -1 440 439 427 -1 427 429 440 -1 429 441 440 -1 429 428 442 -1 428 430 442 -1 401 402 443 -1 435 443 402 -1 402 410 435 -1 377 403 444 -1 403 378 445 -1 445 444 403 -1 445 379 446 -1 378 379 445 -1 401 447 379 -1 379 447 446 -1 448 376 381 -1 449 376 448 -1 384 450 381 -1 381 450 448 -1 386 451 384 -1 384 451 450 -1 452 453 388 -1 388 453 386 -1 386 453 451 -1 390 452 388 -1 444 454 377 -1 377 454 390 -1 390 454 452 -1 431 433 455 -1 433 436 456 -1 456 455 433 -1 457 456 436 -1 436 437 457 -1 458 457 437 -1 437 438 458 -1 438 439 458 -1 458 439 459 -1 439 440 459 -1 460 459 440 -1 440 441 460 -1 431 461 432 -1 455 461 431 -1 457 458 462 -1 463 462 458 -1 459 463 458 -1 447 401 464 -1 401 443 464 -1 435 434 465 -1 432 465 434 -1 455 456 466 -1 456 457 466 -1 457 462 466 -1 462 463 467 -1 468 467 463 -1 468 463 469 -1 463 459 469 -1 455 470 461 -1 470 455 471 -1 465 432 461 -1 455 466 471 -1 466 462 472 -1 473 472 462 -1 467 473 462 -1 446 447 474 -1 475 446 474 -1 447 464 474 -1 464 443 476 -1 435 465 443 -1 443 465 476 -1 477 448 450 -1 478 477 450 -1 479 448 480 -1 449 448 479 -1 448 477 480 -1 450 451 478 -1 481 478 451 -1 453 481 451 -1 453 452 482 -1 481 453 482 -1 452 454 482 -1 482 444 483 -1 454 444 482 -1 444 445 484 -1 483 444 484 -1 484 446 475 -1 445 446 484 -1 485 465 461 -1 471 466 472 -1 486 473 467 -1 468 486 467 -1 470 485 461 -1 474 464 487 -1 464 476 487 -1 465 485 476 -1 476 485 488 -1 471 472 489 -1 471 489 490 -1 491 489 472 -1 472 473 491 -1 492 491 473 -1 473 486 492 -1 493 492 486 -1 468 493 486 -1 492 493 494 -1 468 469 493 -1 485 495 488 -1 470 495 485 -1 490 495 470 -1 470 471 490 -1 490 489 496 -1 489 491 496 -1 492 496 491 -1 497 496 492 -1 494 497 492 -1 474 487 498 -1 476 488 487 -1 487 488 498 -1 499 479 500 -1 479 480 501 -1 501 500 479 -1 480 477 502 -1 502 501 480 -1 477 478 502 -1 502 478 503 -1 478 481 503 -1 503 482 504 -1 481 482 503 -1 504 482 505 -1 482 483 505 -1 505 483 506 -1 506 484 507 -1 483 484 506 -1 507 475 508 -1 484 475 507 -1 498 488 509 -1 495 509 488 -1 495 490 510 -1 490 496 510 -1 511 510 496 -1 496 497 511 -1 512 511 497 -1 497 494 512 -1 498 509 513 -1 509 495 514 -1 495 510 514 -1 515 514 510 -1 510 511 515 -1 508 475 516 -1 475 474 516 -1 516 474 517 -1 498 517 474 -1 517 498 518 -1 498 513 518 -1 519 515 511 -1 511 512 519 -1 517 518 520 -1 513 514 521 -1 509 514 513 -1 514 515 521 -1 521 515 522 -1 515 519 522 -1 523 516 520 -1 508 516 523 -1 516 517 520 -1 524 525 501 -1 501 525 500 -1 524 501 502 -1 526 524 502 -1 502 503 526 -1 527 526 503 -1 504 527 503 -1 504 505 528 -1 527 504 528 -1 529 528 506 -1 506 528 505 -1 507 529 506 -1 523 530 508 -1 508 530 507 -1 507 530 529 -1 529 530 523 -1 521 522 531 -1 520 518 532 -1 532 518 533 -1 518 513 533 -1 534 533 513 -1 513 521 534 -1 534 521 535 -1 521 531 535 -1 525 524 536 -1 524 537 536 -1 526 537 524 -1 538 537 526 -1 526 527 538 -1 539 538 527 -1 539 528 540 -1 527 528 539 -1 528 529 540 -1 541 540 529 -1 523 541 529 -1 541 523 542 -1 523 520 542 -1 532 542 520 -1 535 531 543 -1 533 544 545 -1 544 533 534 -1 534 535 544 -1 546 544 535 -1 546 535 543 -1 547 546 543 -1 537 538 548 -1 536 537 549 -1 549 537 548 -1 548 538 550 -1 538 551 550 -1 539 551 538 -1 539 540 552 -1 551 539 552 -1 552 540 553 -1 540 541 553 -1 553 541 554 -1 541 542 554 -1 554 542 532 -1 555 556 549 -1 557 550 558 -1 559 558 550 -1 560 561 552 -1 560 553 562 -1 554 532 545 -1 533 545 532 -1 563 545 544 -1 544 546 563 -1 564 563 546 -1 565 556 555 -1 556 565 566 -1 567 565 555 -1 567 557 568 -1 555 557 567 -1 567 568 569 -1 570 571 569 -1 565 567 569 -1 571 565 569 -1 569 572 570 -1 557 558 573 -1 573 568 557 -1 574 559 575 -1 558 559 573 -1 573 559 576 -1 577 578 579 -1 579 564 580 -1 580 577 579 -1 574 576 559 -1 574 581 582 -1 582 576 574 -1 581 574 575 -1 581 575 561 -1 580 583 577 -1 581 561 584 -1 584 561 585 -1 560 585 561 -1 560 562 586 -1 560 586 585 -1 568 572 569 -1 568 573 572 -1 573 576 572 -1 582 572 576 -1 572 582 587 -1 572 587 570 -1 587 588 570 -1 587 582 589 -1 587 589 590 -1 581 584 582 -1 582 584 591 -1 585 591 584 -1 591 589 582 -1 585 586 591 -1 587 590 592 -1 593 586 562 -1 554 593 562 -1 545 593 554 -1 591 586 594 -1 595 594 586 -1 593 595 586 -1 579 595 593 -1 593 545 563 -1 563 579 593 -1 579 578 595 -1 579 563 564 -1 555 549 548 -1 557 555 548 -1 550 557 548 -1 559 550 575 -1 575 550 551 -1 575 551 552 -1 561 575 552 -1 560 552 553 -1 553 554 562 -1 596 578 577 -1 577 583 596 -1 594 590 589 -1 594 589 591 -1 578 594 595 -1 592 588 587 -1 597 598 599 -1 599 598 600 -1 601 599 600 -1 600 602 601 -1 601 602 603 -1 603 602 604 -1 603 604 605 -1 606 607 605 -1 605 607 603 -1 597 608 598 -1 598 608 609 -1 610 611 612 -1 606 613 607 -1 607 613 614 -1 615 614 613 -1 614 615 616 -1 615 617 616 -1 616 617 618 -1 619 617 620 -1 618 617 619 -1 619 620 621 -1 621 620 622 -1 621 623 624 -1 622 623 621 -1 625 624 623 -1 626 598 609 -1 598 627 600 -1 602 600 627 -1 604 628 605 -1 628 629 605 -1 606 605 629 -1 630 606 629 -1 609 608 631 -1 613 606 632 -1 632 633 613 -1 615 613 633 -1 634 615 633 -1 615 634 617 -1 634 635 617 -1 634 636 635 -1 622 620 637 -1 638 617 635 -1 620 617 638 -1 637 620 638 -1 622 637 639 -1 640 622 639 -1 623 622 640 -1 641 623 640 -1 625 623 641 -1 627 598 626 -1 602 627 642 -1 602 643 604 -1 643 644 604 -1 628 604 644 -1 645 628 644 -1 629 628 645 -1 645 630 629 -1 606 630 646 -1 646 632 606 -1 632 647 633 -1 647 648 633 -1 649 633 648 -1 634 633 649 -1 650 634 649 -1 636 634 650 -1 651 635 636 -1 638 635 651 -1 651 652 638 -1 638 653 637 -1 653 638 652 -1 639 654 640 -1 655 640 654 -1 640 655 641 -1 656 641 655 -1 608 610 657 -1 657 631 608 -1 610 612 657 -1 626 642 627 -1 642 658 602 -1 658 643 602 -1 659 643 658 -1 643 660 644 -1 661 644 660 -1 661 645 644 -1 645 661 662 -1 645 663 630 -1 662 663 645 -1 630 663 664 -1 665 630 664 -1 646 630 665 -1 665 666 646 -1 632 667 668 -1 632 668 647 -1 647 668 669 -1 670 671 669 -1 669 671 647 -1 647 671 648 -1 672 673 648 -1 648 673 649 -1 637 653 674 -1 637 674 639 -1 639 674 675 -1 639 675 654 -1 654 675 676 -1 655 654 677 -1 677 654 676 -1 678 656 655 -1 655 677 679 -1 678 655 679 -1 659 660 643 -1 667 646 666 -1 632 646 667 -1 668 667 680 -1 669 668 680 -1 672 648 671 -1 672 681 673 -1 673 682 649 -1 682 650 649 -1 683 636 650 -1 651 684 652 -1 651 683 685 -1 684 651 685 -1 686 652 684 -1 653 652 686 -1 674 653 687 -1 687 653 686 -1 675 688 689 -1 675 689 676 -1 690 676 689 -1 659 658 691 -1 660 692 661 -1 663 693 664 -1 665 664 694 -1 662 661 692 -1 663 662 693 -1 666 665 695 -1 667 666 696 -1 696 697 667 -1 680 667 697 -1 669 680 698 -1 699 672 671 -1 681 672 699 -1 682 683 650 -1 682 700 683 -1 701 683 700 -1 685 683 701 -1 685 702 703 -1 703 684 685 -1 674 687 704 -1 675 674 704 -1 686 684 705 -1 684 703 705 -1 675 704 688 -1 706 689 688 -1 689 706 707 -1 690 707 708 -1 689 707 690 -1 677 690 709 -1 690 708 709 -1 710 679 677 -1 709 711 677 -1 677 711 710 -1 712 609 713 -1 626 609 712 -1 713 631 714 -1 609 631 713 -1 636 683 651 -1 677 676 690 -1 612 715 716 -1 631 657 717 -1 717 714 631 -1 657 612 716 -1 717 657 716 -1 642 626 718 -1 719 659 691 -1 660 659 719 -1 719 720 660 -1 692 660 720 -1 693 694 664 -1 662 692 721 -1 693 662 721 -1 695 665 694 -1 696 666 695 -1 680 697 722 -1 670 669 698 -1 723 681 699 -1 682 673 681 -1 681 724 682 -1 682 724 700 -1 701 700 725 -1 685 701 725 -1 726 700 724 -1 727 700 726 -1 725 700 727 -1 725 702 685 -1 686 728 687 -1 687 728 704 -1 688 704 728 -1 686 729 728 -1 728 706 688 -1 686 705 729 -1 729 705 730 -1 731 706 729 -1 731 707 706 -1 731 732 707 -1 707 733 708 -1 733 707 732 -1 711 709 734 -1 735 711 736 -1 711 737 710 -1 737 711 735 -1 734 709 738 -1 709 708 738 -1 738 708 739 -1 739 708 733 -1 740 702 741 -1 703 702 740 -1 705 703 730 -1 730 703 740 -1 658 642 718 -1 742 658 718 -1 742 691 658 -1 721 692 720 -1 693 721 743 -1 744 693 743 -1 744 745 693 -1 694 693 745 -1 695 746 696 -1 746 722 697 -1 697 696 746 -1 670 699 671 -1 747 699 670 -1 699 747 723 -1 695 694 748 -1 746 695 749 -1 750 680 722 -1 670 698 751 -1 698 680 750 -1 751 698 750 -1 723 747 752 -1 752 753 754 -1 752 681 723 -1 681 752 724 -1 724 752 755 -1 754 755 752 -1 754 753 756 -1 755 754 757 -1 757 754 756 -1 725 727 758 -1 725 759 702 -1 728 729 706 -1 729 760 731 -1 739 733 761 -1 761 733 732 -1 711 734 762 -1 762 736 711 -1 741 702 759 -1 712 718 626 -1 719 691 763 -1 744 764 745 -1 765 745 764 -1 722 746 766 -1 748 745 765 -1 694 745 748 -1 767 748 765 -1 767 749 695 -1 748 767 695 -1 768 749 767 -1 746 749 766 -1 768 766 749 -1 769 722 766 -1 750 722 769 -1 770 750 769 -1 751 750 771 -1 751 771 772 -1 772 771 773 -1 747 670 751 -1 747 751 772 -1 772 753 747 -1 753 772 773 -1 773 774 753 -1 747 753 752 -1 756 753 774 -1 726 755 775 -1 724 755 726 -1 757 775 755 -1 776 726 775 -1 758 727 776 -1 727 726 776 -1 757 756 777 -1 759 725 758 -1 729 730 778 -1 760 729 779 -1 732 731 760 -1 761 780 738 -1 738 739 761 -1 761 732 781 -1 762 734 782 -1 736 783 735 -1 736 762 783 -1 782 738 780 -1 738 782 734 -1 784 785 786 -1 784 786 787 -1 786 788 787 -1 789 788 786 -1 741 759 790 -1 740 741 791 -1 730 740 778 -1 742 792 691 -1 691 792 763 -1 763 793 720 -1 720 719 763 -1 721 720 793 -1 743 721 794 -1 795 743 794 -1 744 743 795 -1 764 744 795 -1 765 764 796 -1 767 765 796 -1 796 797 767 -1 768 767 797 -1 769 766 768 -1 771 750 770 -1 774 773 798 -1 777 774 798 -1 756 774 777 -1 799 775 800 -1 775 757 800 -1 776 775 799 -1 800 777 801 -1 757 777 800 -1 759 758 802 -1 779 729 778 -1 761 803 780 -1 804 803 761 -1 781 732 760 -1 804 761 781 -1 782 805 762 -1 783 762 805 -1 782 780 803 -1 803 804 806 -1 802 790 759 -1 741 790 807 -1 778 740 791 -1 712 713 808 -1 808 718 712 -1 713 714 809 -1 809 714 810 -1 809 808 713 -1 715 811 716 -1 810 717 812 -1 714 717 810 -1 717 716 813 -1 813 812 717 -1 716 811 813 -1 814 763 792 -1 793 763 814 -1 721 793 815 -1 794 721 815 -1 795 794 816 -1 817 795 816 -1 795 817 764 -1 817 818 796 -1 796 764 817 -1 797 796 818 -1 797 819 768 -1 769 768 820 -1 819 820 768 -1 821 769 820 -1 770 769 821 -1 822 770 821 -1 771 770 822 -1 798 773 823 -1 777 798 824 -1 824 801 777 -1 790 802 825 -1 760 779 826 -1 781 760 826 -1 804 781 827 -1 782 828 805 -1 803 828 782 -1 783 805 829 -1 828 785 829 -1 829 805 828 -1 784 783 829 -1 785 784 829 -1 806 828 803 -1 828 806 785 -1 830 785 806 -1 786 785 830 -1 789 786 830 -1 806 804 827 -1 788 789 831 -1 831 832 788 -1 791 741 807 -1 833 742 718 -1 792 742 833 -1 834 792 833 -1 814 792 834 -1 835 814 834 -1 793 814 835 -1 835 815 793 -1 794 815 836 -1 816 794 836 -1 818 817 837 -1 819 797 818 -1 773 771 822 -1 823 773 822 -1 822 838 823 -1 798 823 824 -1 799 800 801 -1 839 799 801 -1 840 776 839 -1 776 799 839 -1 758 776 840 -1 840 802 758 -1 841 779 778 -1 826 842 781 -1 827 781 842 -1 830 806 827 -1 789 830 831 -1 831 843 832 -1 778 791 844 -1 778 844 841 -1 845 718 808 -1 718 845 833 -1 835 834 846 -1 847 835 846 -1 836 815 848 -1 837 817 816 -1 825 802 849 -1 818 837 819 -1 820 819 850 -1 821 820 850 -1 851 822 821 -1 838 822 851 -1 824 823 852 -1 840 849 802 -1 825 853 790 -1 790 853 807 -1 826 779 854 -1 779 841 854 -1 842 855 827 -1 830 827 855 -1 855 856 830 -1 831 830 856 -1 857 807 853 -1 791 807 857 -1 848 858 836 -1 858 816 836 -1 859 825 849 -1 837 816 860 -1 850 837 860 -1 850 819 837 -1 861 850 860 -1 850 851 821 -1 852 823 838 -1 852 839 824 -1 824 839 801 -1 825 859 853 -1 854 841 862 -1 854 863 826 -1 863 842 826 -1 864 842 863 -1 843 831 856 -1 844 791 857 -1 857 865 844 -1 841 844 865 -1 862 841 865 -1 808 809 866 -1 809 810 866 -1 845 808 866 -1 835 847 848 -1 848 815 835 -1 813 811 867 -1 858 848 868 -1 858 869 816 -1 869 860 816 -1 860 869 870 -1 860 870 861 -1 851 850 861 -1 871 852 838 -1 871 872 852 -1 839 852 872 -1 840 839 872 -1 873 853 859 -1 874 854 862 -1 863 854 874 -1 875 842 864 -1 855 842 875 -1 857 853 873 -1 868 876 858 -1 858 876 869 -1 872 877 840 -1 877 878 849 -1 849 840 877 -1 878 879 849 -1 859 849 879 -1 861 880 851 -1 838 851 880 -1 880 871 838 -1 856 855 881 -1 882 873 859 -1 857 873 882 -1 883 857 882 -1 865 857 883 -1 883 884 865 -1 862 865 884 -1 848 847 868 -1 866 810 885 -1 886 866 885 -1 810 812 887 -1 887 885 810 -1 888 866 886 -1 845 866 888 -1 888 833 845 -1 888 834 833 -1 889 834 888 -1 889 846 834 -1 869 876 890 -1 890 891 869 -1 892 869 891 -1 892 870 869 -1 870 892 861 -1 892 893 861 -1 878 894 879 -1 893 880 861 -1 895 879 894 -1 879 895 859 -1 862 884 896 -1 874 862 896 -1 874 864 863 -1 881 855 897 -1 875 897 855 -1 898 875 864 -1 856 881 899 -1 843 856 899 -1 900 843 899 -1 901 900 899 -1 882 859 895 -1 883 902 884 -1 903 890 876 -1 892 891 904 -1 905 892 904 -1 893 892 905 -1 893 906 880 -1 871 880 906 -1 878 877 907 -1 894 878 907 -1 874 896 898 -1 864 874 898 -1 908 897 909 -1 881 897 910 -1 897 875 898 -1 909 897 898 -1 911 881 912 -1 899 881 911 -1 899 913 901 -1 882 914 883 -1 895 914 882 -1 914 902 883 -1 847 846 915 -1 868 847 915 -1 876 915 903 -1 915 876 868 -1 916 888 886 -1 889 888 916 -1 813 917 812 -1 813 867 917 -1 917 887 812 -1 918 891 890 -1 919 893 905 -1 872 920 877 -1 907 877 920 -1 894 907 921 -1 922 894 921 -1 895 894 922 -1 922 914 895 -1 923 902 914 -1 884 923 896 -1 884 902 923 -1 910 912 881 -1 910 897 924 -1 924 897 908 -1 899 911 913 -1 903 918 890 -1 918 925 891 -1 904 891 925 -1 906 893 919 -1 923 914 926 -1 927 924 928 -1 924 927 910 -1 908 928 924 -1 923 898 896 -1 911 912 929 -1 911 929 930 -1 913 911 930 -1 930 931 913 -1 932 916 933 -1 889 916 932 -1 846 889 932 -1 915 846 932 -1 932 934 915 -1 934 903 915 -1 886 885 935 -1 916 886 935 -1 903 934 936 -1 904 925 937 -1 905 904 937 -1 937 919 905 -1 920 906 919 -1 871 906 920 -1 872 871 920 -1 921 907 938 -1 938 939 921 -1 921 939 940 -1 922 921 940 -1 940 941 922 -1 914 922 941 -1 926 914 941 -1 927 928 942 -1 910 927 943 -1 912 910 943 -1 929 912 943 -1 942 928 944 -1 928 908 944 -1 944 908 909 -1 909 898 945 -1 946 930 929 -1 931 930 946 -1 947 931 946 -1 948 947 946 -1 934 932 949 -1 918 903 936 -1 950 925 918 -1 937 925 950 -1 950 951 937 -1 919 937 951 -1 919 951 952 -1 920 919 952 -1 920 938 907 -1 923 926 953 -1 943 927 942 -1 945 923 953 -1 898 923 945 -1 943 954 929 -1 946 929 954 -1 946 954 955 -1 948 946 955 -1 916 956 933 -1 949 932 933 -1 887 957 885 -1 957 887 958 -1 935 885 957 -1 957 956 935 -1 916 935 956 -1 958 887 917 -1 959 960 917 -1 917 960 958 -1 960 959 961 -1 933 956 962 -1 963 918 936 -1 964 920 952 -1 938 920 964 -1 939 938 965 -1 965 940 939 -1 942 944 966 -1 944 909 966 -1 909 945 967 -1 954 943 968 -1 968 969 954 -1 955 954 969 -1 969 970 955 -1 962 956 971 -1 949 933 962 -1 934 949 972 -1 936 934 972 -1 963 936 972 -1 950 918 963 -1 963 973 950 -1 951 950 973 -1 952 951 973 -1 964 952 974 -1 938 964 965 -1 940 965 975 -1 941 940 975 -1 975 976 941 -1 926 941 976 -1 953 926 976 -1 943 942 977 -1 977 978 943 -1 968 943 978 -1 966 909 967 -1 971 956 957 -1 957 958 979 -1 958 960 979 -1 960 961 980 -1 980 961 981 -1 962 982 949 -1 972 949 982 -1 963 972 983 -1 984 963 983 -1 973 963 984 -1 985 973 984 -1 952 973 985 -1 974 952 985 -1 964 975 965 -1 942 966 977 -1 986 968 978 -1 967 945 953 -1 969 968 986 -1 986 987 969 -1 970 969 987 -1 971 988 962 -1 982 962 988 -1 989 982 988 -1 982 990 972 -1 990 991 972 -1 983 972 991 -1 991 992 983 -1 984 983 992 -1 985 984 992 -1 993 985 992 -1 974 985 993 -1 993 994 974 -1 995 974 994 -1 964 974 995 -1 975 964 995 -1 978 977 996 -1 997 996 977 -1 997 966 998 -1 977 966 997 -1 978 999 986 -1 998 966 967 -1 987 986 999 -1 999 1000 987 -1 957 979 971 -1 971 979 1001 -1 1002 1003 979 -1 979 960 1002 -1 960 980 1002 -1 1004 1002 980 -1 980 981 1005 -1 1004 980 1005 -1 1001 988 971 -1 989 990 982 -1 991 990 1006 -1 1006 1007 991 -1 992 991 1007 -1 1001 979 1003 -1 989 988 1001 -1 1002 1004 1008 -1 1009 1004 1005 -1 1004 1009 1008 -1 993 992 1007 -1 1007 1010 993 -1 994 993 1010 -1 995 994 1011 -1 1012 975 995 -1 976 975 1012 -1 953 976 1012 -1 996 997 998 -1 978 996 1013 -1 999 978 1013 -1 1013 1014 999 -1 1015 998 967 -1 1016 953 1012 -1 967 953 1016 -1 1015 967 1016 -1 1000 999 1014 -1 1017 1000 1014 -1 989 1006 990 -1 1001 1003 1018 -1 1001 1019 989 -1 1019 1001 1018 -1 1018 1003 1020 -1 1021 1018 1020 -1 1002 1020 1003 -1 1020 1002 1022 -1 1023 1020 1022 -1 1008 1022 1002 -1 989 1019 1006 -1 1019 1018 1021 -1 1006 1019 1024 -1 1024 1007 1006 -1 1025 1024 1019 -1 1021 1025 1019 -1 1020 1023 1021 -1 1021 1023 1026 -1 1022 1008 1027 -1 1027 1023 1022 -1 1026 1028 1021 -1 1026 1023 1027 -1 1021 1028 1025 -1 1028 1026 1029 -1 1028 1029 1030 -1 1008 1009 1031 -1 1008 1031 1027 -1 1027 1031 1032 -1 1031 1033 1032 -1 1027 1032 1026 -1 1026 1032 1029 -1 1029 1032 1034 -1 1029 1034 1035 -1 1036 1037 1007 -1 1037 1010 1007 -1 1010 1037 1038 -1 1038 994 1010 -1 1038 1011 994 -1 1007 1024 1036 -1 1024 1025 1036 -1 1025 1028 1030 -1 1035 1030 1029 -1 1012 995 1011 -1 1011 1039 1012 -1 996 1040 1013 -1 996 998 1041 -1 1040 996 1041 -1 1013 1042 1014 -1 1040 1042 1013 -1 1016 1012 1039 -1 1015 1016 1043 -1 1041 998 1044 -1 998 1015 1044 -1 1015 1043 1044 -1 1042 1045 1014 -1 1045 1046 1014 -1 1014 1046 1017 -1 1038 1047 1011 -1 1025 1030 1036 -1 1036 1030 1048 -1 1048 1030 1049 -1 1036 1048 1037 -1 1049 1050 1048 -1 1030 1035 1049 -1 1051 1035 1034 -1 1049 1052 1050 -1 1037 1048 1050 -1 1050 1038 1037 -1 1046 1045 1053 -1 1050 1052 1054 -1 1055 1054 1052 -1 1056 1054 1055 -1 1011 1047 1057 -1 1011 1057 1039 -1 1058 1040 1041 -1 1040 1059 1042 -1 1045 1042 1059 -1 1039 1043 1016 -1 1043 1039 1057 -1 1041 1044 1058 -1 1044 1043 1057 -1 1059 1060 1045 -1 1060 1053 1045 -1 1061 1047 1038 -1 1038 1050 1061 -1 1050 1054 1062 -1 1062 1061 1050 -1 1062 1054 1056 -1 1047 1061 1063 -1 1064 1061 1065 -1 1065 1061 1062 -1 1062 1056 1065 -1 1065 1056 1066 -1 1047 1063 1057 -1 1057 1063 1067 -1 1040 1058 1059 -1 1058 1068 1069 -1 1058 1044 1068 -1 1057 1067 1044 -1 1044 1067 1068 -1 1059 1058 1070 -1 1059 1071 1060 -1 1059 1070 1071 -1 1060 1071 1072 -1 1060 1073 1053 -1 1060 1072 1073 -1 1058 1069 1070 -1 1069 1068 1074 -1 1071 1070 1072 -1 1063 1061 1064 -1 1067 1064 1075 -1 1063 1064 1067 -1 1067 1075 1068 -1 1076 1075 1064 -1 1068 1075 1074 -1 1073 1077 1053 -1 1078 1077 1073 -1 1073 1072 1078 -1 1069 1079 1070 -1 1079 1069 1080 -1 1070 1079 1081 -1 1069 1074 1080 -1 1080 1074 1082 -1 1072 1070 1081 -1 1081 1083 1072 -1 1084 1082 1074 -1 1078 1072 1083 -1 1083 1085 1078 -1 1081 1079 1086 -1 1087 1083 1081 -1 1086 1088 1081 -1 1087 1081 1088 -1 1082 1089 1080 -1 1086 1080 1089 -1 1079 1080 1086 -1 1087 1090 1083 -1 1090 1085 1083 -1 1088 1091 1087 -1 1091 1090 1087 -1 1086 1089 1092 -1 1086 1093 1088 -1 1093 1091 1088 -1 1093 1086 1092 -1 1093 1094 1091 -1 1092 1095 1093 -1 1095 1096 1093 -1 1095 1092 1097 -1 1096 1094 1093 -1 1096 1095 1098 -1 1095 1097 1098 -1 1099 1100 1101 -1 1101 1100 1102 -1 1103 1104 1105 -1 1103 1105 1106 -1 1106 1105 1107 -1 1108 1106 1107 -1 1109 1108 1107 -1 1110 1108 1109 -1 1111 1110 1109 -1 1112 1113 1114 -1 1114 1113 1115 -1 1116 1111 1109 -1 1115 1117 1116 -1 1116 1117 1111 -1 1117 1115 1113 -1 1102 1100 1118 -1 1118 1100 1119 -1 1118 1119 1120 -1 1120 1119 1121 -1 1121 1122 1120 -1 1120 1122 1123 -1 1122 1124 1123 -1 1124 1125 1123 -1 1125 1126 1123 -1 1123 1126 1127 -1 1126 1128 1127 -1 1127 1128 1114 -1 1114 1128 1129 -1 1129 1112 1114 -1 1100 1099 1130 -1 1131 1132 1103 -1 1103 1106 1131 -1 1106 1108 1133 -1 1110 1111 1134 -1 1135 1113 1112 -1 1117 1113 1135 -1 1119 1100 1136 -1 1136 1137 1119 -1 1137 1121 1119 -1 1138 1128 1126 -1 1129 1128 1138 -1 1130 1136 1100 -1 1139 1133 1108 -1 1108 1110 1139 -1 1139 1110 1134 -1 1134 1111 1140 -1 1117 1140 1111 -1 1137 1141 1121 -1 1141 1122 1121 -1 1125 1124 1142 -1 1126 1125 1142 -1 1129 1138 1143 -1 1112 1129 1144 -1 1135 1112 1144 -1 1144 1129 1143 -1 1138 1126 1142 -1 1106 1133 1131 -1 1131 1145 1132 -1 1146 1145 1131 -1 1131 1133 1147 -1 1147 1146 1131 -1 1147 1133 1148 -1 1133 1139 1148 -1 1149 1150 1148 -1 1149 1148 1139 -1 1134 1149 1139 -1 1149 1134 1140 -1 1151 1140 1117 -1 1117 1135 1152 -1 1152 1151 1117 -1 1153 1154 1136 -1 1136 1154 1137 -1 1154 1141 1137 -1 1141 1155 1122 -1 1156 1122 1155 -1 1122 1156 1124 -1 1124 1156 1142 -1 1157 1142 1156 -1 1158 1135 1144 -1 1143 1159 1144 -1 1158 1159 1160 -1 1144 1159 1158 -1 1138 1142 1157 -1 1157 1143 1138 -1 1135 1158 1152 -1 1161 1150 1149 -1 1149 1140 1161 -1 1157 1156 1162 -1 1163 1152 1158 -1 1158 1160 1163 -1 1161 1140 1164 -1 1156 1155 1165 -1 1162 1156 1166 -1 1159 1143 1167 -1 1167 1168 1159 -1 1160 1159 1168 -1 1163 1151 1152 -1 1160 1168 1163 -1 1169 1170 1146 -1 1146 1170 1145 -1 1147 1148 1171 -1 1148 1150 1172 -1 1161 1172 1150 -1 1140 1151 1164 -1 1154 1153 1173 -1 1154 1174 1141 -1 1175 1141 1174 -1 1155 1141 1175 -1 1143 1157 1162 -1 1167 1143 1162 -1 1151 1163 1176 -1 1176 1163 1177 -1 1177 1163 1178 -1 1178 1163 1168 -1 1147 1179 1146 -1 1172 1171 1148 -1 1180 1172 1161 -1 1161 1164 1180 -1 1173 1181 1154 -1 1174 1154 1181 -1 1175 1182 1155 -1 1165 1155 1182 -1 1156 1165 1166 -1 1178 1168 1183 -1 1170 1169 1184 -1 1169 1185 1184 -1 1169 1146 1185 -1 1146 1179 1185 -1 1171 1179 1147 -1 1180 1164 1186 -1 1164 1151 1186 -1 1186 1151 1176 -1 1187 1188 1173 -1 1181 1173 1188 -1 1188 1189 1181 -1 1175 1174 1190 -1 1182 1175 1191 -1 1162 1166 1192 -1 1167 1183 1168 -1 1193 1194 1195 -1 1195 1196 1193 -1 1196 1195 1184 -1 1197 1196 1198 -1 1198 1196 1184 -1 1185 1198 1184 -1 1185 1179 1198 -1 1198 1179 1199 -1 1179 1171 1199 -1 1199 1171 1200 -1 1171 1172 1200 -1 1201 1200 1172 -1 1172 1180 1201 -1 1202 1201 1180 -1 1180 1186 1202 -1 1186 1176 1203 -1 1174 1181 1189 -1 1190 1174 1189 -1 1190 1191 1175 -1 1182 1191 1165 -1 1165 1191 1166 -1 1191 1192 1166 -1 1204 1162 1192 -1 1167 1162 1204 -1 1205 1167 1204 -1 1183 1167 1205 -1 1177 1203 1176 -1 1203 1177 1206 -1 1178 1183 1206 -1 1178 1206 1177 -1 1207 1208 1209 -1 1193 1208 1207 -1 1193 1196 1208 -1 1208 1197 1209 -1 1208 1196 1197 -1 1209 1197 1210 -1 1197 1211 1210 -1 1198 1211 1197 -1 1211 1212 1213 -1 1213 1210 1211 -1 1212 1211 1198 -1 1212 1198 1199 -1 1212 1214 1213 -1 1199 1214 1212 -1 1214 1199 1200 -1 1215 1213 1214 -1 1214 1216 1215 -1 1200 1216 1214 -1 1217 1216 1201 -1 1201 1218 1217 -1 1216 1200 1201 -1 1218 1201 1202 -1 1219 1202 1186 -1 1218 1202 1219 -1 1203 1219 1186 -1 1220 1187 1221 -1 1188 1187 1220 -1 1189 1188 1220 -1 1220 1222 1189 -1 1222 1190 1189 -1 1191 1190 1223 -1 1223 1224 1191 -1 1192 1191 1224 -1 1224 1225 1192 -1 1225 1226 1192 -1 1203 1206 1227 -1 1228 1227 1206 -1 1204 1192 1226 -1 1226 1205 1204 -1 1205 1228 1183 -1 1206 1183 1228 -1 1207 1209 1229 -1 1229 1209 1230 -1 1209 1210 1230 -1 1210 1213 1230 -1 1231 1230 1213 -1 1213 1215 1231 -1 1231 1215 1232 -1 1215 1216 1232 -1 1216 1217 1232 -1 1232 1217 1233 -1 1217 1218 1233 -1 1234 1233 1218 -1 1218 1219 1234 -1 1235 1234 1219 -1 1235 1219 1236 -1 1219 1227 1236 -1 1227 1219 1203 -1 1222 1223 1190 -1 1237 1236 1227 -1 1227 1228 1237 -1 1237 1228 1238 -1 1239 1240 1229 -1 1229 1230 1239 -1 1230 1231 1241 -1 1242 1241 1231 -1 1232 1242 1231 -1 1221 1243 1220 -1 1243 1221 1244 -1 1222 1220 1243 -1 1243 1223 1222 -1 1223 1243 1245 -1 1224 1223 1245 -1 1225 1224 1245 -1 1245 1246 1225 -1 1226 1225 1246 -1 1226 1246 1205 -1 1246 1247 1205 -1 1205 1247 1228 -1 1247 1238 1228 -1 1239 1230 1248 -1 1241 1248 1230 -1 1249 1233 1234 -1 1250 1249 1234 -1 1234 1235 1250 -1 1251 1250 1235 -1 1235 1236 1251 -1 1243 1244 1252 -1 1253 1243 1252 -1 1245 1243 1253 -1 1246 1245 1254 -1 1254 1255 1246 -1 1236 1237 1251 -1 1247 1246 1255 -1 1255 1256 1247 -1 1238 1247 1256 -1 1257 1238 1256 -1 1258 1232 1233 -1 1233 1249 1258 -1 1252 1244 1259 -1 1253 1260 1245 -1 1260 1254 1245 -1 1261 1255 1254 -1 1251 1237 1257 -1 1237 1238 1257 -1 1241 1242 1262 -1 1258 1242 1232 -1 1250 1251 1263 -1 1252 1259 1264 -1 1265 1252 1264 -1 1253 1252 1265 -1 1254 1260 1266 -1 1261 1254 1266 -1 1251 1257 1263 -1 1256 1267 1257 -1 1240 1239 1268 -1 1269 1268 1239 -1 1248 1269 1239 -1 1269 1248 1270 -1 1271 1270 1248 -1 1241 1271 1248 -1 1241 1262 1271 -1 1272 1262 1242 -1 1242 1258 1272 -1 1273 1272 1258 -1 1258 1249 1273 -1 1250 1273 1249 -1 1250 1263 1273 -1 1274 1253 1265 -1 1253 1274 1260 -1 1266 1260 1275 -1 1261 1266 1276 -1 1255 1261 1277 -1 1256 1255 1277 -1 1277 1278 1256 -1 1267 1256 1278 -1 1268 1279 1240 -1 1262 1280 1271 -1 1264 1281 1265 -1 1274 1275 1260 -1 1276 1282 1261 -1 1282 1277 1261 -1 1257 1283 1263 -1 1257 1267 1283 -1 1278 1283 1267 -1 1268 1284 1279 -1 1270 1268 1269 -1 1270 1271 1280 -1 1285 1272 1273 -1 1286 1285 1273 -1 1287 1273 1263 -1 1281 1264 1288 -1 1281 1289 1265 -1 1289 1274 1265 -1 1274 1290 1275 -1 1275 1290 1266 -1 1291 1266 1290 -1 1291 1276 1266 -1 1282 1292 1277 -1 1278 1277 1292 -1 1263 1283 1287 -1 1293 1278 1292 -1 1294 1278 1293 -1 1295 1284 1268 -1 1270 1295 1268 -1 1296 1280 1262 -1 1272 1296 1262 -1 1296 1272 1297 -1 1285 1297 1272 -1 1286 1297 1285 -1 1286 1273 1298 -1 1273 1287 1298 -1 1290 1274 1289 -1 1291 1282 1276 -1 1282 1291 1292 -1 1298 1287 1299 -1 1287 1283 1299 -1 1299 1283 1278 -1 1294 1299 1278 -1 1300 1294 1293 -1 1299 1294 1300 -1 1295 1301 1284 -1 1270 1280 1295 -1 1302 1295 1280 -1 1296 1302 1280 -1 1302 1296 1303 -1 1296 1297 1303 -1 1304 1281 1288 -1 1289 1281 1304 -1 1289 1305 1290 -1 1291 1290 1305 -1 1305 1306 1291 -1 1291 1306 1292 -1 1306 1307 1292 -1 1293 1292 1307 -1 1307 1300 1293 -1 1301 1295 1308 -1 1295 1302 1308 -1 1309 1308 1302 -1 1302 1303 1309 -1 1303 1297 1309 -1 1310 1309 1297 -1 1297 1286 1310 -1 1311 1310 1286 -1 1286 1298 1311 -1 1289 1304 1305 -1 1307 1306 1312 -1 1298 1299 1311 -1 1299 1300 1311 -1 1300 1313 1311 -1 1300 1307 1312 -1 1309 1310 1314 -1 1310 1311 1314 -1 1304 1288 1315 -1 1305 1304 1315 -1 1315 1316 1305 -1 1306 1305 1316 -1 1312 1306 1316 -1 1311 1313 1317 -1 1314 1311 1317 -1 1300 1318 1313 -1 1300 1312 1318 -1 1313 1318 1317 -1 1319 1308 1320 -1 1308 1309 1320 -1 1309 1314 1320 -1 1321 1320 1314 -1 1316 1315 1322 -1 1322 1323 1316 -1 1323 1324 1316 -1 1312 1316 1324 -1 1317 1321 1314 -1 1324 1325 1312 -1 1318 1312 1325 -1 1318 1326 1317 -1 1320 1321 1327 -1 1327 1328 1320 -1 1326 1327 1321 -1 1329 1330 1322 -1 1323 1322 1330 -1 1321 1317 1326 -1 1325 1324 1323 -1 1331 1332 1328 -1 1327 1331 1328 -1 1333 1331 1327 -1 1327 1326 1333 -1 1330 1329 1334 -1 1330 1335 1323 -1 1336 1333 1326 -1 1325 1323 1335 -1 1336 1318 1325 -1 1318 1336 1326 -1 1332 1331 1337 -1 1338 1337 1331 -1 1339 1338 1331 -1 1331 1333 1339 -1 1339 1333 1340 -1 1341 1334 1342 -1 1330 1334 1341 -1 1335 1330 1341 -1 1341 1343 1335 -1 1333 1336 1340 -1 1325 1335 1343 -1 1343 1344 1325 -1 1336 1325 1344 -1 1337 1338 1345 -1 1346 1345 1338 -1 1338 1339 1346 -1 1347 1346 1339 -1 1348 1347 1339 -1 1339 1340 1348 -1 1341 1342 1349 -1 1349 1350 1341 -1 1350 1351 1341 -1 1343 1341 1351 -1 1352 1348 1340 -1 1336 1352 1340 -1 1344 1352 1336 -1 1351 1344 1343 -1 1353 1354 1355 -1 1353 1356 1354 -1 1354 1356 1357 -1 1357 1358 1354 -1 1357 1356 1345 -1 1345 1346 1357 -1 1347 1357 1346 -1 1359 1358 1357 -1 1359 1357 1347 -1 1359 1348 1360 -1 1348 1359 1347 -1 1350 1349 1361 -1 1350 1361 1362 -1 1362 1363 1350 -1 1351 1350 1363 -1 1363 1364 1351 -1 1348 1364 1360 -1 1348 1352 1364 -1 1344 1351 1364 -1 1344 1364 1352 -1 1355 1365 1366 -1 1355 1354 1365 -1 1367 1366 1365 -1 1354 1358 1365 -1 1365 1368 1367 -1 1368 1365 1358 -1 1368 1358 1359 -1 1368 1369 1367 -1 1359 1369 1368 -1 1369 1359 1360 -1 1370 1367 1369 -1 1369 1371 1370 -1 1371 1369 1360 -1 1372 1373 1374 -1 1362 1372 1363 -1 1374 1375 1372 -1 1376 1372 1375 -1 1372 1376 1363 -1 1364 1363 1376 -1 1375 1377 1376 -1 1378 1370 1371 -1 1371 1360 1364 -1 1378 1371 1364 -1 1378 1376 1377 -1 1376 1378 1364 -1 1366 1367 1379 -1 1379 1380 1366 -1 1381 1379 1367 -1 1367 1370 1382 -1 1382 1381 1367 -1 1375 1374 1383 -1 1384 1375 1383 -1 1384 1385 1375 -1 1377 1375 1385 -1 1386 1382 1370 -1 1370 1378 1386 -1 1386 1378 1387 -1 1387 1378 1377 -1 1380 1379 1388 -1 1379 1381 1388 -1 1381 1382 1389 -1 1383 1390 1384 -1 1391 1380 1388 -1 1389 1388 1381 -1 1385 1384 1390 -1 1385 1392 1377 -1 1382 1386 1393 -1 1387 1393 1386 -1 1387 1377 1392 -1 1389 1382 1393 -1 1394 1390 1383 -1 1395 1393 1387 -1 1394 1396 1390 -1 1392 1395 1387 -1 1388 1389 1397 -1 1393 1398 1389 -1 1390 1399 1385 -1 1392 1385 1399 -1 1397 1389 1398 -1 1395 1392 1400 -1 1391 1388 1401 -1 1388 1397 1401 -1 1396 1394 1402 -1 1396 1399 1390 -1 1392 1399 1400 -1 1403 1404 1401 -1 1401 1397 1403 -1 1397 1398 1403 -1 1405 1403 1398 -1 1398 1393 1405 -1 1406 1407 1402 -1 1402 1407 1396 -1 1399 1396 1407 -1 1407 1408 1399 -1 1400 1399 1408 -1 1393 1395 1405 -1 1405 1395 1409 -1 1409 1400 1408 -1 1395 1400 1409 -1 1410 1411 1412 -1 1412 1411 1413 -1 1411 1414 1413 -1 1415 1414 1411 -1 1413 1414 1416 -1 1417 1418 1415 -1 1419 1417 1420 -1 1419 1420 1421 -1 1421 1420 1404 -1 1422 1423 1424 -1 1423 1422 1425 -1 1414 1415 1418 -1 1414 1426 1416 -1 1418 1426 1414 -1 1427 1426 1418 -1 1418 1428 1427 -1 1428 1429 1427 -1 1428 1430 1429 -1 1431 1430 1428 -1 1428 1418 1417 -1 1417 1419 1432 -1 1432 1421 1433 -1 1419 1421 1432 -1 1404 1403 1421 -1 1433 1421 1403 -1 1430 1431 1434 -1 1435 1431 1428 -1 1417 1435 1428 -1 1431 1436 1434 -1 1437 1436 1431 -1 1435 1437 1431 -1 1432 1435 1417 -1 1437 1438 1436 -1 1437 1439 1438 -1 1437 1435 1439 -1 1435 1432 1440 -1 1432 1433 1441 -1 1441 1440 1432 -1 1439 1440 1438 -1 1440 1439 1435 -1 1438 1440 1442 -1 1441 1442 1440 -1 1441 1433 1403 -1 1403 1405 1441 -1 1443 1425 1444 -1 1443 1444 1445 -1 1407 1406 1445 -1 1446 1425 1422 -1 1425 1446 1444 -1 1447 1444 1446 -1 1444 1447 1445 -1 1448 1445 1447 -1 1447 1449 1448 -1 1445 1448 1407 -1 1442 1450 1451 -1 1442 1441 1450 -1 1441 1452 1450 -1 1450 1449 1451 -1 1449 1450 1448 -1 1448 1450 1452 -1 1407 1452 1408 -1 1448 1452 1407 -1 1452 1441 1405 -1 1405 1409 1452 -1 1408 1452 1409 -1 1422 1424 1453 -1 1454 1422 1453 -1 1416 1426 1455 -1 1426 1427 1455 -1 1429 1430 1456 -1 1430 1434 1456 -1 1456 1434 1457 -1 1434 1436 1457 -1 1457 1436 1458 -1 1436 1438 1458 -1 1438 1442 1459 -1 1458 1438 1459 -1 1459 1451 1460 -1 1442 1451 1459 -1 1446 1422 1454 -1 1454 1461 1446 -1 1447 1446 1461 -1 1462 1447 1461 -1 1449 1447 1462 -1 1449 1462 1451 -1 1451 1462 1460 -1 1458 1459 1463 -1 1454 1464 1461 -1 1461 1465 1462 -1 1466 1413 1416 -1 1429 1456 1467 -1 1456 1457 1468 -1 1465 1461 1464 -1 1460 1462 1465 -1 1412 1413 1469 -1 1466 1469 1413 -1 1427 1429 1470 -1 1416 1455 1466 -1 1458 1463 1471 -1 1459 1460 1472 -1 1460 1465 1472 -1 1473 1466 1455 -1 1455 1427 1473 -1 1468 1467 1456 -1 1457 1458 1474 -1 1474 1458 1471 -1 1472 1463 1459 -1 1475 1453 1476 -1 1477 1453 1475 -1 1454 1453 1477 -1 1427 1470 1478 -1 1467 1470 1429 -1 1468 1457 1474 -1 1464 1454 1477 -1 1473 1427 1478 -1 1469 1466 1479 -1 1473 1479 1466 -1 1478 1470 1480 -1 1470 1467 1480 -1 1467 1468 1480 -1 1471 1463 1481 -1 1463 1472 1481 -1 1477 1475 1482 -1 1482 1483 1477 -1 1464 1477 1483 -1 1484 1464 1483 -1 1465 1464 1484 -1 1484 1485 1465 -1 1472 1465 1485 -1 1486 1476 1487 -1 1475 1476 1486 -1 1488 1489 1479 -1 1479 1490 1488 -1 1490 1479 1473 -1 1490 1473 1478 -1 1478 1480 1490 -1 1480 1491 1490 -1 1492 1491 1480 -1 1480 1468 1492 -1 1468 1474 1492 -1 1493 1492 1474 -1 1494 1482 1486 -1 1475 1486 1482 -1 1493 1474 1471 -1 1495 1493 1471 -1 1496 1497 1498 -1 1481 1495 1471 -1 1497 1495 1481 -1 1498 1497 1499 -1 1499 1481 1472 -1 1497 1481 1499 -1 1494 1500 1482 -1 1483 1482 1500 -1 1500 1484 1483 -1 1500 1501 1484 -1 1485 1484 1501 -1 1502 1503 1498 -1 1502 1498 1499 -1 1501 1503 1502 -1 1501 1502 1485 -1 1502 1499 1485 -1 1485 1499 1472 -1 1489 1504 1505 -1 1506 1504 1489 -1 1489 1488 1506 -1 1507 1487 1508 -1 1486 1487 1507 -1 1509 1486 1507 -1 1510 1486 1509 -1 1511 1488 1490 -1 1490 1491 1512 -1 1511 1490 1512 -1 1512 1491 1492 -1 1492 1493 1513 -1 1493 1514 1513 -1 1494 1486 1510 -1 1515 1494 1510 -1 1516 1517 1498 -1 1514 1493 1518 -1 1495 1518 1493 -1 1518 1495 1496 -1 1496 1517 1518 -1 1497 1496 1495 -1 1517 1496 1498 -1 1519 1494 1515 -1 1500 1494 1519 -1 1516 1498 1503 -1 1516 1519 1520 -1 1519 1516 1503 -1 1519 1501 1500 -1 1501 1519 1503 -1 1521 1506 1488 -1 1509 1507 1522 -1 1488 1511 1521 -1 1511 1523 1521 -1 1511 1512 1523 -1 1512 1492 1524 -1 1492 1513 1524 -1 1513 1514 1525 -1 1515 1510 1526 -1 1518 1517 1527 -1 1527 1516 1520 -1 1517 1516 1527 -1 1514 1518 1525 -1 1520 1519 1515 -1 1509 1528 1510 -1 1523 1512 1529 -1 1512 1524 1529 -1 1513 1525 1530 -1 1510 1528 1526 -1 1518 1527 1531 -1 1527 1520 1532 -1 1518 1531 1525 -1 1526 1532 1515 -1 1520 1515 1532 -1 1505 1504 1533 -1 1534 1533 1504 -1 1504 1506 1534 -1 1506 1521 1535 -1 1535 1534 1506 -1 1507 1508 1536 -1 1522 1507 1536 -1 1528 1509 1522 -1 1521 1523 1537 -1 1537 1535 1521 -1 1523 1529 1537 -1 1524 1513 1538 -1 1513 1530 1538 -1 1527 1539 1531 -1 1532 1539 1527 -1 1539 1532 1540 -1 1524 1538 1541 -1 1538 1530 1542 -1 1542 1541 1538 -1 1526 1528 1543 -1 1530 1525 1544 -1 1545 1544 1525 -1 1525 1531 1545 -1 1539 1546 1531 -1 1545 1531 1546 -1 1547 1526 1543 -1 1526 1547 1532 -1 1547 1548 1532 -1 1540 1532 1548 -1 1533 1534 1549 -1 1534 1550 1549 -1 1534 1535 1550 -1 1551 1550 1535 -1 1528 1522 1552 -1 1535 1537 1553 -1 1553 1551 1535 -1 1554 1553 1537 -1 1537 1529 1554 -1 1529 1524 1554 -1 1524 1541 1555 -1 1556 1533 1557 -1 1533 1549 1557 -1 1558 1557 1549 -1 1549 1550 1558 -1 1550 1551 1559 -1 1522 1536 1560 -1 1552 1522 1560 -1 1553 1554 1561 -1 1554 1524 1555 -1 1543 1528 1552 -1 1562 1541 1542 -1 1542 1530 1562 -1 1563 1546 1539 -1 1563 1540 1564 -1 1539 1540 1563 -1 1558 1550 1565 -1 1550 1559 1565 -1 1551 1553 1559 -1 1536 1566 1567 -1 1560 1536 1567 -1 1559 1553 1568 -1 1553 1561 1568 -1 1561 1554 1569 -1 1555 1569 1554 -1 1570 1555 1541 -1 1543 1552 1571 -1 1544 1545 1572 -1 1545 1546 1572 -1 1547 1543 1573 -1 1574 1547 1573 -1 1548 1547 1574 -1 1548 1575 1540 -1 1540 1575 1564 -1 1575 1548 1574 -1 1557 1558 1576 -1 1558 1565 1577 -1 1578 1559 1568 -1 1568 1561 1579 -1 1579 1561 1580 -1 1580 1569 1581 -1 1561 1569 1580 -1 1544 1572 1582 -1 1572 1546 1583 -1 1583 1546 1563 -1 1573 1543 1571 -1 1564 1575 1584 -1 1577 1576 1558 -1 1565 1559 1578 -1 1567 1566 1585 -1 1567 1586 1560 -1 1569 1555 1581 -1 1555 1570 1581 -1 1571 1560 1586 -1 1552 1560 1571 -1 1562 1530 1587 -1 1587 1544 1582 -1 1530 1544 1587 -1 1582 1572 1588 -1 1572 1583 1588 -1 1563 1564 1589 -1 1583 1563 1589 -1 1578 1568 1590 -1 1590 1568 1591 -1 1586 1567 1585 -1 1579 1591 1568 -1 1579 1580 1592 -1 1580 1581 1592 -1 1570 1541 1593 -1 1571 1586 1594 -1 1562 1593 1541 -1 1564 1584 1589 -1 1595 1591 1579 -1 1595 1579 1592 -1 1581 1596 1592 -1 1581 1597 1596 -1 1581 1570 1597 -1 1597 1593 1598 -1 1570 1593 1597 -1 1582 1588 1599 -1 1573 1600 1574 -1 1575 1574 1600 -1 1588 1583 1601 -1 1601 1583 1589 -1 1596 1595 1592 -1 1598 1593 1602 -1 1594 1603 1571 -1 1593 1562 1602 -1 1587 1582 1604 -1 1599 1604 1582 -1 1573 1571 1603 -1 1599 1588 1601 -1 1595 1596 1605 -1 1596 1597 1605 -1 1598 1605 1597 -1 1600 1606 1575 -1 1584 1575 1606 -1 1604 1599 1607 -1 1584 1606 1608 -1 1589 1584 1608 -1 1573 1603 1609 -1 1608 1610 1589 -1 1601 1589 1610 -1 1610 1608 1611 -1 1612 1613 1614 -1 1615 1614 1613 -1 1616 1615 1617 -1 1617 1615 1613 -1 1618 1616 1617 -1 1617 1619 1618 -1 1620 1621 1619 -1 1619 1621 1622 -1 1620 1623 1621 -1 1614 1624 1625 -1 1614 1615 1624 -1 1615 1626 1624 -1 1615 1616 1626 -1 1618 1619 1622 -1 1621 1623 1627 -1 1627 1628 1621 -1 1625 1624 1629 -1 1624 1630 1629 -1 1624 1626 1631 -1 1630 1624 1631 -1 1632 1631 1626 -1 1626 1616 1632 -1 1632 1616 1633 -1 1633 1618 1634 -1 1616 1618 1633 -1 1618 1622 1634 -1 1622 1621 1628 -1 1635 1636 1631 -1 1631 1636 1630 -1 1637 1635 1632 -1 1632 1635 1631 -1 1632 1638 1637 -1 1639 1638 1633 -1 1633 1638 1632 -1 1633 1634 1639 -1 1622 1640 1634 -1 1640 1622 1628 -1 1627 1641 1628 -1 1642 1629 1643 -1 1629 1630 1643 -1 1630 1636 1643 -1 1644 1635 1645 -1 1636 1635 1644 -1 1635 1637 1645 -1 1637 1638 1646 -1 1638 1647 1646 -1 1638 1639 1647 -1 1648 1647 1639 -1 1648 1639 1634 -1 1649 1640 1628 -1 1628 1641 1649 -1 1650 1649 1641 -1 1643 1636 1651 -1 1651 1636 1644 -1 1651 1652 1643 -1 1644 1645 1653 -1 1645 1637 1653 -1 1637 1646 1653 -1 1646 1647 1654 -1 1648 1634 1655 -1 1640 1655 1634 -1 1649 1650 1656 -1 1657 1642 1652 -1 1642 1643 1652 -1 1652 1651 1658 -1 1658 1644 1659 -1 1651 1644 1658 -1 1660 1659 1644 -1 1644 1653 1660 -1 1648 1654 1647 -1 1655 1649 1661 -1 1640 1649 1655 -1 1657 1652 1662 -1 1658 1662 1652 -1 1663 1660 1653 -1 1646 1663 1653 -1 1654 1648 1664 -1 1648 1655 1664 -1 1655 1665 1664 -1 1655 1661 1665 -1 1661 1649 1666 -1 1665 1661 1666 -1 1649 1656 1666 -1 1666 1656 1667 -1 1656 1650 1667 -1 1667 1668 1666 -1 1669 1670 1671 -1 1672 1671 1670 -1 1671 1673 1669 -1 1671 1672 1674 -1 1674 1673 1671 -1 1673 1674 1675 -1 1658 1672 1662 -1 1674 1672 1658 -1 1659 1674 1658 -1 1675 1674 1659 -1 1654 1663 1646 -1 1673 1675 1676 -1 1677 1676 1675 -1 1677 1675 1678 -1 1675 1659 1678 -1 1659 1660 1679 -1 1659 1680 1678 -1 1679 1680 1659 -1 1660 1663 1679 -1 1680 1679 1681 -1 1679 1663 1682 -1 1679 1682 1681 -1 1681 1682 1683 -1 1684 1685 1683 -1 1686 1684 1668 -1 1685 1684 1686 -1 1663 1654 1682 -1 1664 1682 1654 -1 1683 1682 1687 -1 1682 1664 1687 -1 1665 1687 1664 -1 1687 1684 1683 -1 1684 1687 1665 -1 1666 1684 1665 -1 1668 1684 1666 -1 1676 1688 1669 -1 1669 1673 1676 -1 1678 1680 1689 -1 1680 1681 1689 -1 1689 1681 1690 -1 1681 1683 1690 -1 1683 1685 1690 -1 1691 1690 1685 -1 1685 1686 1691 -1 1691 1686 1692 -1 1686 1693 1692 -1 1694 1695 1688 -1 1696 1694 1688 -1 1696 1688 1676 -1 1696 1676 1697 -1 1697 1676 1677 -1 1677 1678 1698 -1 1678 1689 1698 -1 1689 1699 1698 -1 1699 1690 1700 -1 1689 1690 1699 -1 1700 1691 1701 -1 1690 1691 1700 -1 1691 1692 1701 -1 1702 1701 1692 -1 1703 1695 1704 -1 1697 1705 1696 -1 1697 1677 1698 -1 1698 1699 1706 -1 1699 1700 1707 -1 1700 1701 1708 -1 1709 1708 1701 -1 1701 1702 1709 -1 1709 1702 1710 -1 1711 1695 1703 -1 1694 1704 1695 -1 1696 1705 1694 -1 1712 1705 1697 -1 1698 1712 1697 -1 1713 1704 1694 -1 1705 1713 1694 -1 1714 1705 1715 -1 1705 1712 1715 -1 1715 1712 1706 -1 1706 1712 1698 -1 1706 1699 1716 -1 1699 1707 1716 -1 1708 1707 1700 -1 1709 1717 1708 -1 1703 1704 1718 -1 1713 1718 1704 -1 1713 1705 1719 -1 1714 1719 1705 -1 1720 1707 1708 -1 1721 1722 1711 -1 1711 1703 1721 -1 1713 1719 1723 -1 1714 1724 1719 -1 1725 1714 1715 -1 1725 1715 1726 -1 1715 1706 1726 -1 1706 1716 1726 -1 1727 1716 1707 -1 1708 1717 1720 -1 1710 1717 1709 -1 1721 1728 1722 -1 1721 1703 1718 -1 1723 1718 1713 -1 1723 1719 1729 -1 1719 1724 1729 -1 1724 1714 1725 -1 1730 1726 1716 -1 1727 1730 1716 -1 1727 1707 1731 -1 1707 1720 1731 -1 1717 1710 1732 -1 1728 1721 1733 -1 1734 1728 1733 -1 1723 1735 1718 -1 1735 1723 1736 -1 1723 1729 1736 -1 1737 1736 1729 -1 1729 1724 1737 -1 1737 1724 1725 -1 1730 1725 1726 -1 1737 1725 1730 -1 1737 1730 1738 -1 1727 1738 1730 -1 1739 1727 1731 -1 1739 1731 1740 -1 1740 1717 1732 -1 1740 1732 1741 -1 1733 1742 1734 -1 1721 1718 1733 -1 1733 1718 1735 -1 1743 1737 1738 -1 1738 1744 1745 -1 1744 1738 1727 -1 1744 1727 1739 -1 1731 1720 1740 -1 1720 1717 1740 -1 1746 1734 1742 -1 1733 1735 1742 -1 1742 1735 1747 -1 1736 1747 1735 -1 1743 1736 1737 -1 1743 1738 1748 -1 1749 1748 1738 -1 1738 1745 1749 -1 1750 1745 1744 -1 1739 1750 1744 -1 1751 1750 1739 -1 1740 1751 1739 -1 1752 1751 1740 -1 1741 1752 1740 -1 1753 1754 1746 -1 1755 1753 1746 -1 1746 1742 1755 -1 1747 1755 1742 -1 1747 1736 1756 -1 1748 1756 1736 -1 1736 1743 1748 -1 1745 1750 1757 -1 1758 1757 1750 -1 1750 1751 1758 -1 1751 1752 1758 -1 1759 1758 1752 -1 1753 1760 1754 -1 1753 1755 1761 -1 1755 1747 1762 -1 1762 1747 1756 -1 1749 1745 1763 -1 1763 1745 1764 -1 1745 1757 1764 -1 1764 1757 1765 -1 1765 1757 1766 -1 1758 1766 1757 -1 1759 1767 1758 -1 1767 1766 1758 -1 1768 1767 1759 -1 1769 1760 1753 -1 1770 1762 1756 -1 1756 1748 1771 -1 1771 1770 1756 -1 1771 1749 1772 -1 1748 1749 1771 -1 1763 1772 1749 -1 1773 1765 1766 -1 1766 1767 1773 -1 1774 1773 1767 -1 1775 1774 1767 -1 1767 1768 1775 -1 1776 1775 1768 -1 1769 1777 1760 -1 1769 1753 1761 -1 1778 1761 1755 -1 1755 1762 1778 -1 1770 1778 1762 -1 1772 1779 1771 -1 1765 1773 1780 -1 1781 1780 1773 -1 1773 1774 1781 -1 1775 1776 1782 -1 1777 1769 1783 -1 1769 1761 1783 -1 1784 1783 1761 -1 1761 1778 1784 -1 1778 1770 1785 -1 1785 1784 1778 -1 1779 1785 1770 -1 1770 1771 1779 -1 1779 1772 1786 -1 1772 1763 1787 -1 1787 1786 1772 -1 1763 1764 1787 -1 1764 1788 1787 -1 1765 1788 1764 -1 1765 1780 1788 -1 1781 1774 1789 -1 1789 1775 1790 -1 1774 1775 1789 -1 1775 1782 1790 -1 1791 1783 1792 -1 1792 1793 1791 -1 1794 1792 1783 -1 1783 1784 1795 -1 1795 1794 1783 -1 1796 1784 1785 -1 1797 1796 1785 -1 1785 1779 1797 -1 1797 1779 1798 -1 1786 1798 1779 -1 1787 1788 1799 -1 1788 1780 1799 -1 1800 1799 1780 -1 1780 1781 1800 -1 1781 1789 1800 -1 1789 1790 1800 -1 1801 1800 1790 -1 1802 1793 1792 -1 1803 1802 1804 -1 1792 1804 1802 -1 1804 1792 1794 -1 1804 1794 1805 -1 1805 1794 1795 -1 1795 1784 1806 -1 1784 1796 1806 -1 1796 1797 1806 -1 1807 1806 1797 -1 1797 1798 1807 -1 1798 1808 1809 -1 1786 1808 1798 -1 1787 1808 1786 -1 1810 1808 1787 -1 1799 1810 1787 -1 1799 1800 1811 -1 1811 1800 1812 -1 1812 1800 1813 -1 1813 1800 1801 -1 1814 1815 1816 -1 1817 1818 1819 -1 1820 1816 1815 -1 1816 1820 1819 -1 1821 1819 1820 -1 1819 1821 1817 -1 1822 1823 1824 -1 1815 1822 1824 -1 1815 1824 1820 -1 1824 1803 1820 -1 1820 1825 1821 -1 1803 1825 1820 -1 1821 1825 1817 -1 1817 1825 1805 -1 1804 1825 1803 -1 1825 1804 1805 -1 1826 1827 1828 -1 1829 1828 1827 -1 1830 1795 1806 -1 1805 1795 1830 -1 1830 1806 1807 -1 1807 1831 1830 -1 1831 1807 1798 -1 1831 1798 1809 -1 1809 1832 1831 -1 1833 1832 1809 -1 1808 1833 1809 -1 1810 1833 1808 -1 1833 1810 1834 -1 1835 1834 1810 -1 1835 1810 1799 -1 1834 1836 1837 -1 1834 1835 1836 -1 1838 1829 1827 -1 1836 1835 1811 -1 1811 1835 1799 -1 1811 1839 1836 -1 1838 1827 1840 -1 1838 1840 1841 -1 1839 1811 1842 -1 1811 1812 1842 -1 1812 1813 1842 -1 1823 1822 1843 -1 1844 1827 1826 -1 1844 1840 1827 -1 1845 1822 1844 -1 1845 1843 1822 -1 1814 1844 1822 -1 1814 1822 1815 -1 1840 1816 1841 -1 1844 1814 1840 -1 1819 1841 1816 -1 1841 1819 1818 -1 1840 1814 1816 -1 1846 1818 1847 -1 1841 1818 1846 -1 1848 1849 1850 -1 1846 1847 1850 -1 1851 1850 1847 -1 1850 1851 1848 -1 1849 1848 1852 -1 1852 1848 1853 -1 1854 1853 1848 -1 1848 1855 1854 -1 1856 1853 1857 -1 1857 1858 1856 -1 1857 1853 1859 -1 1853 1854 1859 -1 1860 1859 1854 -1 1851 1847 1861 -1 1851 1862 1855 -1 1851 1861 1862 -1 1863 1847 1818 -1 1817 1863 1818 -1 1847 1863 1861 -1 1864 1862 1861 -1 1864 1861 1863 -1 1862 1864 1865 -1 1865 1864 1866 -1 1864 1863 1817 -1 1867 1864 1817 -1 1817 1805 1867 -1 1864 1867 1866 -1 1867 1805 1830 -1 1867 1830 1868 -1 1848 1851 1855 -1 1855 1869 1854 -1 1865 1855 1862 -1 1865 1866 1870 -1 1855 1865 1869 -1 1865 1870 1869 -1 1854 1869 1860 -1 1869 1870 1860 -1 1871 1860 1870 -1 1872 1870 1866 -1 1866 1867 1868 -1 1868 1872 1866 -1 1830 1831 1868 -1 1873 1868 1831 -1 1870 1872 1874 -1 1872 1868 1873 -1 1831 1832 1873 -1 1872 1873 1874 -1 1873 1832 1874 -1 1874 1832 1875 -1 1832 1833 1875 -1 1834 1875 1833 -1 1870 1874 1871 -1 1874 1875 1871 -1 1875 1834 1837 -1 1875 1837 1876 -1 1837 1877 1876 -1 1837 1836 1877 -1 1836 1839 1877 -1 1876 1877 1878 -1 1877 1879 1878 -1 1879 1877 1839 -1 1880 1878 1879 -1 1858 1857 1881 -1 1857 1859 1881 -1 1882 1881 1859 -1 1859 1860 1882 -1 1883 1882 1860 -1 1884 1883 1860 -1 1860 1871 1884 -1 1884 1871 1885 -1 1886 1885 1871 -1 1871 1875 1886 -1 1886 1875 1887 -1 1875 1876 1888 -1 1887 1875 1888 -1 1888 1876 1889 -1 1876 1878 1889 -1 1889 1878 1890 -1 1878 1880 1890 -1 1891 1881 1882 -1 1882 1883 1892 -1 1883 1884 1893 -1 1892 1891 1882 -1 1892 1883 1893 -1 1886 1887 1894 -1 1887 1888 1894 -1 1895 1889 1896 -1 1889 1890 1896 -1 1891 1897 1881 -1 1885 1898 1884 -1 1894 1899 1886 -1 1897 1891 1900 -1 1893 1884 1898 -1 1885 1886 1901 -1 1899 1901 1886 -1 1894 1888 1902 -1 1888 1889 1902 -1 1889 1895 1902 -1 1885 1901 1898 -1 1895 1896 1903 -1 1900 1904 1897 -1 1893 1898 1892 -1 1903 1902 1895 -1 1900 1891 1905 -1 1906 1905 1891 -1 1891 1892 1906 -1 1907 1906 1892 -1 1898 1907 1892 -1 1908 1907 1898 -1 1898 1901 1908 -1 1909 1908 1901 -1 1910 1911 1903 -1 1901 1899 1909 -1 1903 1896 1910 -1 1894 1909 1899 -1 1911 1902 1903 -1 1912 1910 1896 -1 1904 1900 1913 -1 1913 1900 1914 -1 1915 1914 1900 -1 1900 1905 1915 -1 1916 1915 1905 -1 1905 1906 1916 -1 1906 1907 1916 -1 1917 1916 1907 -1 1907 1908 1917 -1 1918 1917 1908 -1 1909 1918 1908 -1 1919 1917 1918 -1 1920 1918 1909 -1 1909 1894 1920 -1 1921 1922 1923 -1 1902 1920 1894 -1 1920 1902 1924 -1 1902 1911 1924 -1 1925 1924 1911 -1 1911 1910 1925 -1 1925 1910 1926 -1 1927 1926 1910 -1 1910 1912 1927 -1 1913 1914 1928 -1 1929 1928 1930 -1 1928 1914 1931 -1 1931 1930 1928 -1 1932 1931 1914 -1 1915 1932 1914 -1 1933 1932 1915 -1 1931 1932 1934 -1 1932 1933 1935 -1 1935 1934 1932 -1 1936 1935 1933 -1 1935 1937 1934 -1 1936 1937 1935 -1 1937 1936 1938 -1 1939 1938 1936 -1 1938 1939 1940 -1 1915 1916 1941 -1 1941 1933 1915 -1 1933 1941 1939 -1 1939 1936 1933 -1 1942 1939 1941 -1 1943 1941 1916 -1 1941 1943 1942 -1 1942 1943 1944 -1 1942 1945 1939 -1 1939 1945 1940 -1 1940 1945 1946 -1 1945 1942 1947 -1 1942 1944 1947 -1 1947 1946 1945 -1 1946 1947 1948 -1 1947 1944 1949 -1 1949 1948 1947 -1 1950 1949 1944 -1 1944 1943 1951 -1 1917 1943 1916 -1 1952 1943 1917 -1 1943 1952 1951 -1 1951 1952 1953 -1 1944 1951 1950 -1 1954 1950 1951 -1 1951 1955 1954 -1 1953 1955 1951 -1 1956 1955 1953 -1 1954 1955 1957 -1 1919 1952 1917 -1 1952 1919 1958 -1 1952 1959 1953 -1 1959 1952 1958 -1 1957 1955 1960 -1 1955 1956 1960 -1 1953 1961 1956 -1 1960 1956 1962 -1 1953 1959 1961 -1 1963 1959 1964 -1 1961 1959 1963 -1 1959 1958 1964 -1 1958 1965 1964 -1 1956 1961 1962 -1 1961 1963 1962 -1 1964 1962 1963 -1 1958 1919 1966 -1 1966 1919 1967 -1 1968 1967 1919 -1 1965 1966 1969 -1 1958 1966 1965 -1 1969 1966 1967 -1 1919 1918 1970 -1 1918 1920 1970 -1 1919 1970 1968 -1 1971 1970 1920 -1 1970 1972 1968 -1 1970 1971 1972 -1 1973 1968 1972 -1 1974 1973 1972 -1 1973 1974 1975 -1 1972 1971 1974 -1 1920 1974 1971 -1 1974 1920 1924 -1 1924 1975 1974 -1 1975 1976 1977 -1 1975 1924 1976 -1 1978 1979 1980 -1 1977 1978 1980 -1 1976 1978 1977 -1 1978 1976 1981 -1 1982 1983 1950 -1 1982 1950 1984 -1 1950 1954 1984 -1 1954 1957 1984 -1 1985 1986 1987 -1 1987 1988 1985 -1 1922 1988 1987 -1 1979 1923 1986 -1 1986 1980 1979 -1 1979 1978 1923 -1 1923 1987 1986 -1 1981 1923 1978 -1 1924 1981 1976 -1 1981 1924 1925 -1 1922 1987 1923 -1 1981 1921 1923 -1 1981 1925 1926 -1 1981 1926 1921 -1 1989 1988 1922 -1 1988 1990 1991 -1 1988 1989 1990 -1 1989 1921 1992 -1 1922 1921 1989 -1 1926 1993 1921 -1 1991 1990 1994 -1 1991 1995 1996 -1 1991 1994 1995 -1 1983 1948 1949 -1 1949 1950 1983 -1 1990 1989 1994 -1 1989 1992 1994 -1 1996 1995 1997 -1 1998 1995 1994 -1 1992 1998 1994 -1 1992 1921 1993 -1 1997 1995 1998 -1 1998 1992 1999 -1 1999 1992 1993 -1 1993 1926 1927 -1 1930 1931 2000 -1 1931 2001 2000 -1 2001 1934 2002 -1 1931 1934 2001 -1 1934 1937 2002 -1 1937 1938 2003 -1 1938 1940 2003 -1 2003 1940 2004 -1 1940 1946 2004 -1 2004 1946 2005 -1 1946 1948 2005 -1 1967 1968 2006 -1 2006 1968 1973 -1 1982 1984 2007 -1 1985 1988 2008 -1 2009 2008 1988 -1 1988 1991 2009 -1 1996 2009 1991 -1 2005 1948 2010 -1 2011 2009 1996 -1 2001 2002 2012 -1 2004 2013 2003 -1 1983 1982 2010 -1 2010 1982 2014 -1 1960 1962 2015 -1 2015 2016 1960 -1 2017 2015 1962 -1 1964 2017 1962 -1 2018 2006 2019 -1 1967 2006 2018 -1 1969 1967 2018 -1 2006 1973 2019 -1 1986 2020 1980 -1 1983 2010 1948 -1 1957 2021 1984 -1 1957 1960 2016 -1 2022 2023 1969 -1 2018 2022 1969 -1 1965 1969 2023 -1 1973 1975 2024 -1 1975 1977 2025 -1 2025 2024 1975 -1 2014 1982 2026 -1 1982 2007 2026 -1 1985 2008 2027 -1 2028 2011 1996 -1 1965 2017 1964 -1 2019 1973 2029 -1 2024 2029 1973 -1 1977 1980 2020 -1 1986 1985 2027 -1 2020 1986 2030 -1 2030 1986 2027 -1 2008 2009 2031 -1 2011 2031 2009 -1 2032 2011 2028 -1 2033 2005 2010 -1 1977 2020 2025 -1 2007 1984 2026 -1 2021 1957 2016 -1 2017 1965 2023 -1 2021 2026 1984 -1 2027 2008 2031 -1 2033 2010 2034 -1 2016 2015 2035 -1 2017 2036 2037 -1 2017 2023 2036 -1 2037 2035 2015 -1 2015 2017 2037 -1 2019 2038 2018 -1 2023 2022 2039 -1 2022 2018 2039 -1 2039 2018 2038 -1 2029 2038 2019 -1 2038 2029 2040 -1 2029 2024 2040 -1 2036 2023 2039 -1 2041 2040 2024 -1 2042 2041 2025 -1 2024 2025 2041 -1 2042 2020 2043 -1 2025 2020 2042 -1 2014 2034 2010 -1 2034 2014 2044 -1 2044 2026 2045 -1 2014 2026 2044 -1 2026 2021 2045 -1 2021 2046 2045 -1 2021 2016 2046 -1 2046 2016 2035 -1 2020 2030 2043 -1 2043 2030 2047 -1 2030 2027 2047 -1 2027 2031 2047 -1 2047 2031 2048 -1 2031 2011 2048 -1 2048 2011 2049 -1 2011 2032 2049 -1 2049 2032 2050 -1 2037 2036 2051 -1 2052 2037 2053 -1 2035 2037 2052 -1 2051 2053 2037 -1 2039 2038 2054 -1 2054 2038 2055 -1 2038 2040 2055 -1 2039 2056 2036 -1 2036 2056 2051 -1 2056 2057 2051 -1 2056 2039 2054 -1 2040 2058 2055 -1 2058 2040 2059 -1 2041 2059 2040 -1 2059 2041 2042 -1 2060 2061 2044 -1 2059 2042 2062 -1 2063 2064 2062 -1 2062 2042 2043 -1 2060 2045 2065 -1 2044 2045 2060 -1 2045 2046 2065 -1 2066 2065 2046 -1 2052 2066 2046 -1 2052 2046 2035 -1 2067 2063 2047 -1 2062 2043 2063 -1 2047 2063 2043 -1 2068 2047 2069 -1 2044 2061 2034 -1 2067 2047 2068 -1 2048 2069 2047 -1 2049 2069 2048 -1 2069 2049 2070 -1 2071 2070 2049 -1 2049 2050 2071 -1 2052 2053 2072 -1 2053 2073 2072 -1 2053 2074 2073 -1 2053 2051 2074 -1 2075 2074 2051 -1 2051 2057 2075 -1 2056 2054 2076 -1 2057 2056 2076 -1 2077 2078 2054 -1 2064 2063 2079 -1 2058 2054 2055 -1 2054 2058 2077 -1 2077 2058 2059 -1 2059 2062 2077 -1 2062 2064 2077 -1 2065 2066 2080 -1 2072 2066 2052 -1 2066 2072 2080 -1 2081 2070 2082 -1 2070 2071 2082 -1 2079 2063 2067 -1 2067 2068 2083 -1 2068 2069 2084 -1 2084 2069 2085 -1 2085 2069 2081 -1 2069 2070 2081 -1 2073 2074 2086 -1 2074 2075 2087 -1 2075 2057 2088 -1 2088 2057 2076 -1 2054 2078 2076 -1 2078 2077 2089 -1 2089 2077 2064 -1 2061 2060 2090 -1 2090 2060 2091 -1 2060 2065 2091 -1 2091 2065 2080 -1 2072 2092 2080 -1 2079 2067 2093 -1 2093 2067 2083 -1 2086 2074 2087 -1 2094 2075 2088 -1 2088 2076 2095 -1 2096 2095 2076 -1 2076 2078 2096 -1 2078 2097 2096 -1 2097 2078 2098 -1 2078 2089 2098 -1 2099 2089 2064 -1 2064 2079 2099 -1 2100 2092 2072 -1 2073 2100 2072 -1 2101 2102 2081 -1 2083 2068 2103 -1 2084 2085 2102 -1 2085 2081 2102 -1 2091 2080 2104 -1 2087 2075 2105 -1 2092 2104 2080 -1 2086 2106 2073 -1 2100 2073 2106 -1 2075 2094 2105 -1 2101 2082 2107 -1 2081 2082 2101 -1 2107 2082 2108 -1 2098 2089 2109 -1 2109 2089 2099 -1 2099 2079 2093 -1 2068 2084 2103 -1 2084 2110 2103 -1 2084 2102 2110 -1 2088 2095 2094 -1 2095 2096 2111 -1 2112 2096 2113 -1 2097 2113 2096 -1 2098 2113 2097 -1 2099 2114 2109 -1 2115 2099 2093 -1 2091 2116 2090 -1 2092 2100 2104 -1 2083 2117 2093 -1 2110 2118 2103 -1 2087 2119 2086 -1 2120 2087 2105 -1 2094 2095 2121 -1 2111 2096 2112 -1 2113 2098 2109 -1 2091 2122 2116 -1 2122 2091 2123 -1 2091 2104 2123 -1 2124 2123 2104 -1 2100 2124 2104 -1 2102 2101 2125 -1 2101 2107 2126 -1 2107 2108 2127 -1 2083 2128 2117 -1 2083 2103 2118 -1 2128 2083 2118 -1 2117 2115 2093 -1 2110 2102 2125 -1 2086 2129 2106 -1 2086 2119 2129 -1 2119 2120 2130 -1 2087 2120 2119 -1 2129 2119 2130 -1 2112 2113 2131 -1 2131 2113 2132 -1 2113 2109 2133 -1 2109 2114 2133 -1 2123 2124 2134 -1 2135 2100 2136 -1 2124 2100 2135 -1 2100 2106 2136 -1 2106 2129 2137 -1 2125 2138 2139 -1 2101 2138 2125 -1 2140 2138 2101 -1 2140 2101 2126 -1 2126 2107 2127 -1 2128 2118 2141 -1 2141 2110 2142 -1 2118 2110 2141 -1 2110 2125 2142 -1 2142 2125 2139 -1 2129 2130 2143 -1 2143 2137 2129 -1 2095 2111 2121 -1 2111 2112 2144 -1 2144 2112 2131 -1 2094 2121 2145 -1 2145 2120 2094 -1 2105 2094 2120 -1 2132 2113 2133 -1 2114 2099 2146 -1 2115 2146 2099 -1 2147 2123 2134 -1 2124 2135 2134 -1 2136 2106 2148 -1 2137 2148 2106 -1 2127 2108 2149 -1 2130 2120 2150 -1 2137 2143 2151 -1 2151 2143 2150 -1 2143 2130 2150 -1 2145 2121 2152 -1 2133 2114 2153 -1 2122 2123 2147 -1 2147 2134 2154 -1 2135 2136 2155 -1 2155 2136 2148 -1 2156 2140 2157 -1 2140 2126 2157 -1 2127 2149 2158 -1 2159 2158 2149 -1 2128 2141 2160 -1 2115 2117 2161 -1 2162 2142 2163 -1 2141 2142 2162 -1 2164 2163 2142 -1 2142 2139 2164 -1 2137 2151 2165 -1 2150 2120 2166 -1 2121 2111 2167 -1 2152 2121 2167 -1 2144 2167 2111 -1 2144 2131 2168 -1 2168 2131 2132 -1 2168 2132 2133 -1 2145 2152 2169 -1 2145 2166 2120 -1 2153 2114 2170 -1 2171 2115 2161 -1 2171 2146 2115 -1 2146 2170 2114 -1 2172 2135 2155 -1 2134 2135 2172 -1 2148 2137 2165 -1 2173 2164 2139 -1 2139 2138 2173 -1 2138 2140 2173 -1 2156 2173 2140 -1 2126 2127 2158 -1 2161 2117 2174 -1 2160 2174 2128 -1 2117 2128 2174 -1 2151 2150 2166 -1 2166 2145 2175 -1 2133 2153 2176 -1 2161 2177 2171 -1 2154 2134 2172 -1 2155 2148 2178 -1 2178 2179 2155 -1 2148 2165 2178 -1 2164 2173 2180 -1 2157 2126 2158 -1 2160 2181 2174 -1 2141 2181 2160 -1 2141 2162 2181 -1 2182 2163 2183 -1 2162 2163 2182 -1 2163 2164 2183 -1 2166 2175 2184 -1 2151 2166 2184 -1 2167 2144 2185 -1 2144 2168 2186 -1 2186 2185 2144 -1 2168 2133 2176 -1 2145 2169 2175 -1 2170 2146 2187 -1 2174 2181 2182 -1 2162 2182 2181 -1 2183 2164 2188 -1 2151 2184 2189 -1 2152 2167 2185 -1 2168 2190 2186 -1 2168 2176 2190 -1 2153 2191 2176 -1 2153 2170 2191 -1 2172 2155 2179 -1 2178 2165 2192 -1 2189 2192 2165 -1 2165 2151 2189 -1 2193 2164 2180 -1 2180 2173 2194 -1 2156 2194 2173 -1 2156 2157 2195 -1 2196 2175 2197 -1 2184 2175 2196 -1 2196 2189 2184 -1 2185 2186 2198 -1 2191 2190 2176 -1 2179 2178 2199 -1 2164 2193 2188 -1 2193 2180 2200 -1 2200 2180 2194 -1 2177 2161 2201 -1 2174 2182 2202 -1 2202 2182 2183 -1 2152 2185 2203 -1 2198 2203 2185 -1 2191 2170 2204 -1 2187 2204 2170 -1 2171 2205 2146 -1 2187 2146 2205 -1 2192 2206 2178 -1 2188 2193 2200 -1 2207 2194 2156 -1 2156 2195 2207 -1 2161 2174 2201 -1 2202 2201 2174 -1 2208 2152 2203 -1 2169 2152 2208 -1 2175 2169 2209 -1 2209 2169 2208 -1 2210 2191 2204 -1 2177 2211 2171 -1 2189 2196 2212 -1 2200 2194 2213 -1 2177 2201 2214 -1 2203 2198 2215 -1 2216 2198 2186 -1 2186 2190 2216 -1 2217 2216 2190 -1 2217 2191 2210 -1 2190 2191 2217 -1 2209 2197 2175 -1 2205 2171 2211 -1 2178 2206 2199 -1 2212 2192 2189 -1 2188 2200 2218 -1 2201 2202 2219 -1 2219 2214 2201 -1 2214 2211 2177 -1 2183 2188 2202 -1 2202 2188 2218 -1 2197 2212 2196 -1 2220 2197 2209 -1 2204 2187 2221 -1 2221 2205 2211 -1 2187 2205 2221 -1 2200 2213 2218 -1 2194 2207 2222 -1 2223 2208 2203 -1 2216 2217 2224 -1 2210 2224 2217 -1 2210 2204 2225 -1 2225 2204 2226 -1 2204 2221 2226 -1 2206 2192 2227 -1 2192 2212 2227 -1 2218 2213 2228 -1 2194 2222 2213 -1 2202 2218 2219 -1 2219 2218 2229 -1 2227 2212 2230 -1 2212 2197 2230 -1 2208 2223 2231 -1 2209 2208 2231 -1 2223 2203 2215 -1 2215 2198 2232 -1 2198 2216 2232 -1 2209 2231 2220 -1 2224 2210 2225 -1 2226 2221 2233 -1 2221 2211 2234 -1 2235 2228 2213 -1 2213 2222 2235 -1 2211 2214 2234 -1 2229 2218 2228 -1 2197 2220 2236 -1 2197 2236 2230 -1 2215 2232 2237 -1 2224 2232 2216 -1 2233 2221 2234 -1 2230 2236 2238 -1 2231 2223 2239 -1 2237 2232 2240 -1 2232 2224 2240 -1 2241 2240 2224 -1 2236 2220 2231 -1 2226 2242 2225 -1 2233 2234 2243 -1 2214 2219 2244 -1 2244 2219 2245 -1 2245 2219 2246 -1 2234 2214 2244 -1 2244 2243 2234 -1 2219 2229 2246 -1 2229 2228 2247 -1 2228 2235 2247 -1 2248 2238 2249 -1 2238 2236 2249 -1 2223 2215 2250 -1 2237 2250 2215 -1 2239 2223 2250 -1 2237 2240 2241 -1 2231 2249 2236 -1 2251 2249 2231 -1 2251 2231 2239 -1 2224 2225 2241 -1 2226 2233 2252 -1 2252 2242 2226 -1 2233 2243 2252 -1 2244 2245 2253 -1 2254 2244 2253 -1 2245 2246 2253 -1 2243 2244 2254 -1 2254 2255 2243 -1 2246 2229 2256 -1 2257 2246 2256 -1 2247 2256 2229 -1 2248 2249 2258 -1 2250 2237 2259 -1 2237 2241 2259 -1 2249 2251 2260 -1 2260 2258 2249 -1 2260 2251 2261 -1 2255 2262 2263 -1 2264 2243 2255 -1 2252 2243 2264 -1 2265 2254 2266 -1 2254 2253 2266 -1 2253 2246 2266 -1 2266 2246 2257 -1 2262 2255 2254 -1 2254 2265 2262 -1 2257 2256 2267 -1 2256 2247 2267 -1 2258 2268 2248 -1 2250 2269 2239 -1 2259 2241 2270 -1 2271 2270 2241 -1 2239 2272 2251 -1 2261 2251 2272 -1 2260 2261 2268 -1 2258 2260 2268 -1 2272 2239 2269 -1 2241 2225 2242 -1 2242 2271 2241 -1 2262 2265 2273 -1 2273 2265 2266 -1 2266 2257 2274 -1 2274 2257 2275 -1 2257 2267 2275 -1 2261 2276 2268 -1 2277 2276 2261 -1 2276 2277 2278 -1 2262 2277 2263 -1 2278 2262 2273 -1 2277 2262 2278 -1 2279 2252 2264 -1 2279 2271 2242 -1 2242 2252 2279 -1 2263 2280 2255 -1 2264 2255 2280 -1 2274 2273 2266 -1 2274 2275 2281 -1 2282 2250 2259 -1 2269 2250 2282 -1 2283 2269 2282 -1 2284 2282 2259 -1 2270 2284 2259 -1 2284 2270 2271 -1 2272 2269 2283 -1 2285 2272 2283 -1 2261 2272 2277 -1 2272 2285 2277 -1 2277 2285 2263 -1 2280 2279 2264 -1 2280 2263 2285 -1 2286 2278 2273 -1 2286 2274 2281 -1 2274 2286 2273 -1 2281 2275 2287 -1 2283 2282 2288 -1 2282 2284 2288 -1 2288 2284 2271 -1 2283 2289 2285 -1 2283 2288 2289 -1 2288 2271 2279 -1 2288 2279 2289 -1 2280 2285 2289 -1 2279 2280 2289 -1 2278 2286 2290 -1 2291 2292 2293 -1 2294 2293 2292 -1 2295 2296 2297 -1 2298 2299 2300 -1 2300 2299 2301 -1 2297 2301 2299 -1 2296 2301 2297 -1 2296 2295 2302 -1 2302 2295 2303 -1 2304 2294 2292 -1 2305 2294 2304 -1 2306 2305 2304 -1 2307 2308 2300 -1 2300 2308 2298 -1 2305 2306 2309 -1 2309 2306 2310 -1 2308 2309 2310 -1 2307 2309 2308 -1 2295 2297 2311 -1 2312 2295 2311 -1 2313 2314 2299 -1 2313 2298 2315 -1 2299 2298 2313 -1 2297 2299 2314 -1 2303 2295 2312 -1 2312 2316 2303 -1 2298 2308 2317 -1 2317 2308 2310 -1 2315 2298 2317 -1 2314 2318 2311 -1 2312 2311 2318 -1 2297 2314 2311 -1 2319 2313 2320 -1 2314 2313 2319 -1 2313 2315 2320 -1 2318 2316 2312 -1 2310 2306 2321 -1 2291 2322 2292 -1 2292 2322 2323 -1 2292 2323 2304 -1 2304 2323 2324 -1 2321 2306 2324 -1 2324 2306 2304 -1 2323 2322 2325 -1 2326 2318 2327 -1 2328 2318 2326 -1 2318 2328 2316 -1 2316 2328 2329 -1 2330 2327 2314 -1 2319 2330 2314 -1 2318 2314 2327 -1 2324 2323 2325 -1 2331 2315 2317 -1 2321 2332 2310 -1 2317 2310 2332 -1 2332 2331 2317 -1 2333 2329 2328 -1 2334 2327 2335 -1 2326 2327 2334 -1 2330 2335 2327 -1 2330 2319 2336 -1 2319 2320 2336 -1 2320 2315 2331 -1 2337 2320 2331 -1 2335 2336 2338 -1 2330 2336 2335 -1 2336 2320 2339 -1 2331 2332 2340 -1 2320 2337 2339 -1 2341 2342 2325 -1 2325 2342 2324 -1 2342 2343 2324 -1 2324 2343 2321 -1 2321 2343 2332 -1 2343 2340 2332 -1 2342 2341 2344 -1 2334 2335 2338 -1 2345 2334 2338 -1 2346 2326 2345 -1 2334 2345 2326 -1 2328 2326 2346 -1 2347 2338 2336 -1 2339 2347 2336 -1 2348 2347 2339 -1 2344 2349 2342 -1 2343 2342 2349 -1 2349 2350 2343 -1 2340 2343 2350 -1 2348 2340 2350 -1 2331 2340 2348 -1 2337 2331 2348 -1 2339 2337 2348 -1 2333 2328 2351 -1 2351 2352 2333 -1 2353 2354 2355 -1 2354 2356 2357 -1 2354 2357 2355 -1 2353 2355 2358 -1 2355 2359 2358 -1 2355 2357 2359 -1 2360 2359 2357 -1 2361 2358 2362 -1 2358 2359 2363 -1 2358 2363 2362 -1 2349 2362 2363 -1 2361 2362 2344 -1 2362 2349 2344 -1 2363 2359 2360 -1 2360 2364 2363 -1 2365 2363 2364 -1 2366 2365 2364 -1 2338 2365 2366 -1 2367 2349 2363 -1 2363 2365 2367 -1 2338 2347 2365 -1 2367 2365 2347 -1 2350 2367 2347 -1 2347 2348 2350 -1 2366 2345 2338 -1 2346 2351 2328 -1 2350 2349 2367 -1 2356 2368 2357 -1 2357 2368 2369 -1 2369 2370 2357 -1 2360 2357 2370 -1 2364 2360 2370 -1 2366 2364 2371 -1 2345 2366 2371 -1 2371 2372 2345 -1 2346 2345 2372 -1 2372 2373 2346 -1 2351 2346 2373 -1 2374 2351 2373 -1 2374 2375 2351 -1 2352 2351 2375 -1 2376 2377 2368 -1 2369 2368 2377 -1 2364 2370 2378 -1 2371 2364 2378 -1 2378 2379 2371 -1 2379 2372 2371 -1 2380 2377 2376 -1 2377 2381 2369 -1 2382 2369 2381 -1 2370 2369 2382 -1 2382 2383 2370 -1 2378 2370 2383 -1 2383 2384 2378 -1 2379 2378 2384 -1 2384 2385 2379 -1 2386 2379 2385 -1 2372 2379 2386 -1 2386 2387 2372 -1 2373 2372 2387 -1 2387 2388 2373 -1 2374 2373 2388 -1 2388 2389 2374 -1 2390 2374 2389 -1 2375 2374 2390 -1 2381 2380 2391 -1 2380 2381 2377 -1 2383 2382 2392 -1 2386 2393 2387 -1 2388 2387 2393 -1 2394 2391 2380 -1 2391 2395 2381 -1 2381 2395 2382 -1 2392 2395 2396 -1 2382 2395 2392 -1 2383 2392 2397 -1 2384 2398 2385 -1 2386 2385 2398 -1 2399 2386 2398 -1 2393 2386 2399 -1 2389 2388 2393 -1 2393 2400 2389 -1 2390 2389 2400 -1 2401 2390 2400 -1 2391 2394 2402 -1 2395 2391 2402 -1 2397 2392 2396 -1 2384 2383 2397 -1 2397 2403 2384 -1 2398 2384 2403 -1 2403 2404 2398 -1 2404 2399 2398 -1 2399 2405 2393 -1 2405 2406 2393 -1 2400 2393 2406 -1 2407 2408 2409 -1 2408 2407 2394 -1 2407 2402 2394 -1 2402 2410 2395 -1 2397 2396 2411 -1 2412 2399 2404 -1 2412 2405 2399 -1 2413 2400 2406 -1 2400 2413 2401 -1 2414 2401 2413 -1 2415 2416 2417 -1 2415 2417 2418 -1 2418 2417 2409 -1 2402 2407 2419 -1 2396 2410 2411 -1 2395 2410 2396 -1 2397 2411 2420 -1 2420 2421 2397 -1 2403 2397 2421 -1 2421 2422 2403 -1 2404 2403 2422 -1 2404 2423 2412 -1 2412 2424 2405 -1 2406 2405 2424 -1 2425 2406 2424 -1 2406 2426 2413 -1 2414 2413 2427 -1 2427 2428 2414 -1 2417 2416 2429 -1 2409 2417 2429 -1 2407 2409 2429 -1 2419 2430 2402 -1 2402 2430 2410 -1 2431 2432 2410 -1 2410 2432 2411 -1 2432 2420 2411 -1 2421 2420 2433 -1 2422 2421 2433 -1 2404 2422 2434 -1 2423 2404 2434 -1 2423 2424 2412 -1 2406 2425 2426 -1 2426 2435 2413 -1 2427 2413 2435 -1 2436 2428 2427 -1 2437 2415 2438 -1 2416 2415 2437 -1 2429 2439 2407 -1 2419 2407 2439 -1 2410 2430 2440 -1 2441 2431 2442 -1 2432 2431 2441 -1 2441 2420 2432 -1 2441 2443 2420 -1 2444 2420 2443 -1 2433 2420 2444 -1 2444 2445 2433 -1 2446 2423 2434 -1 2424 2423 2447 -1 2426 2425 2448 -1 2448 2449 2426 -1 2438 2450 2437 -1 2451 2429 2416 -1 2439 2429 2451 -1 2440 2430 2419 -1 2410 2440 2452 -1 2431 2410 2452 -1 2442 2431 2452 -1 2441 2442 2453 -1 2422 2433 2445 -1 2422 2445 2434 -1 2446 2434 2445 -1 2447 2423 2446 -1 2424 2454 2425 -1 2447 2454 2424 -1 2454 2448 2425 -1 2449 2436 2435 -1 2435 2426 2449 -1 2427 2435 2436 -1 2455 2428 2436 -1 2450 2438 2456 -1 2450 2457 2437 -1 2416 2437 2458 -1 2458 2459 2416 -1 2451 2416 2459 -1 2439 2451 2460 -1 2460 2440 2439 -1 2419 2439 2440 -1 2453 2452 2461 -1 2452 2453 2442 -1 2453 2462 2441 -1 2443 2441 2462 -1 2446 2463 2447 -1 2454 2447 2463 -1 2448 2454 2463 -1 2457 2450 2464 -1 2458 2437 2457 -1 2465 2451 2459 -1 2460 2451 2465 -1 2453 2461 2466 -1 2462 2453 2466 -1 2443 2462 2467 -1 2444 2443 2467 -1 2468 2444 2467 -1 2445 2444 2468 -1 2446 2445 2468 -1 2463 2446 2469 -1 2463 2470 2448 -1 2449 2448 2470 -1 2436 2449 2470 -1 2470 2455 2436 -1 2456 2471 2472 -1 2456 2472 2450 -1 2464 2450 2472 -1 2457 2464 2473 -1 2474 2458 2457 -1 2459 2458 2474 -1 2474 2475 2459 -1 2465 2459 2475 -1 2460 2476 2440 -1 2476 2477 2440 -1 2440 2477 2452 -1 2477 2461 2452 -1 2466 2461 2478 -1 2466 2479 2462 -1 2467 2462 2479 -1 2480 2467 2479 -1 2468 2467 2480 -1 2468 2469 2446 -1 2470 2463 2469 -1 2472 2471 2481 -1 2482 2472 2481 -1 2482 2464 2472 -1 2457 2473 2483 -1 2474 2457 2483 -1 2465 2475 2484 -1 2476 2460 2465 -1 2477 2476 2485 -1 2478 2477 2485 -1 2461 2477 2478 -1 2468 2480 2486 -1 2469 2468 2486 -1 2487 2469 2486 -1 2487 2488 2469 -1 2470 2469 2488 -1 2455 2470 2488 -1 2489 2455 2488 -1 2490 2482 2481 -1 2476 2465 2484 -1 2485 2476 2484 -1 2484 2491 2485 -1 2478 2485 2491 -1 2491 2492 2478 -1 2466 2478 2492 -1 2479 2466 2492 -1 2487 2493 2488 -1 2494 2490 2481 -1 2495 2488 2493 -1 2489 2488 2495 -1 2490 2496 2482 -1 2496 2473 2464 -1 2464 2482 2496 -1 2483 2497 2474 -1 2475 2474 2497 -1 2491 2484 2498 -1 2492 2499 2479 -1 2480 2479 2499 -1 2486 2480 2499 -1 2499 2500 2486 -1 2487 2486 2500 -1 2500 2493 2487 -1 2493 2501 2495 -1 2490 2494 2502 -1 2496 2490 2502 -1 2502 2503 2496 -1 2473 2496 2503 -1 2483 2473 2503 -1 2504 2483 2503 -1 2497 2483 2504 -1 2475 2497 2505 -1 2484 2475 2505 -1 2498 2484 2505 -1 2491 2498 2506 -1 2506 2507 2491 -1 2492 2491 2507 -1 2499 2492 2507 -1 2507 2508 2499 -1 2500 2499 2508 -1 2509 2500 2508 -1 2493 2500 2509 -1 2509 2510 2493 -1 2501 2493 2510 -1 2510 2511 2501 -1 2512 2513 2502 -1 2503 2502 2513 -1 2505 2514 2498 -1 2506 2498 2514 -1 2508 2507 2515 -1 2515 2516 2508 -1 2509 2508 2516 -1 2516 2517 2509 -1 2518 2509 2517 -1 2510 2509 2518 -1 2518 2519 2510 -1 2511 2510 2519 -1 2513 2520 2503 -1 2520 2521 2503 -1 2504 2503 2521 -1 2522 2504 2521 -1 2523 2504 2522 -1 2497 2504 2523 -1 2524 2497 2523 -1 2505 2497 2524 -1 2524 2514 2505 -1 2514 2525 2506 -1 2506 2525 2507 -1 2507 2525 2515 -1 2517 2516 2526 -1 2518 2517 2526 -1 2527 2518 2526 -1 2519 2518 2527 -1 2513 2512 2528 -1 2528 2529 2513 -1 2520 2513 2529 -1 2514 2524 2530 -1 2530 2525 2514 -1 2530 2531 2525 -1 2525 2532 2515 -1 2532 2533 2515 -1 2516 2515 2533 -1 2533 2534 2535 -1 2533 2535 2516 -1 2516 2535 2526 -1 2536 2535 2534 -1 2537 2536 2534 -1 2535 2536 2526 -1 2538 2536 2537 -1 2527 2526 2536 -1 2536 2538 2527 -1 2537 2539 2538 -1 2529 2528 2540 -1 2540 2541 2529 -1 2529 2541 2520 -1 2520 2541 2521 -1 2540 2542 2543 -1 2541 2540 2543 -1 2544 2521 2541 -1 2522 2521 2545 -1 2522 2546 2523 -1 2522 2545 2546 -1 2523 2546 2524 -1 2546 2547 2524 -1 2530 2524 2547 -1 2544 2541 2543 -1 2547 2546 2548 -1 2547 2549 2530 -1 2549 2547 2548 -1 2548 2550 2549 -1 2549 2531 2530 -1 2531 2549 2550 -1 2531 2532 2525 -1 2531 2550 2532 -1 2550 2551 2532 -1 2533 2532 2551 -1 2551 2552 2533 -1 2534 2533 2552 -1 2552 2553 2534 -1 2537 2534 2553 -1 2553 2554 2537 -1 2554 2555 2537 -1 2539 2537 2555 -1 2556 2557 2542 -1 2543 2542 2557 -1 2544 2545 2521 -1 2557 2558 2543 -1 2544 2543 2559 -1 2559 2545 2544 -1 2559 2543 2558 -1 2545 2559 2548 -1 2548 2559 2558 -1 2545 2548 2546 -1 2560 2548 2558 -1 2550 2548 2560 -1 2560 2561 2550 -1 2562 2550 2561 -1 2551 2562 2563 -1 2550 2562 2551 -1 2563 2564 2551 -1 2552 2551 2564 -1 2565 2552 2564 -1 2553 2552 2565 -1 2554 2553 2565 -1 2565 2566 2554 -1 2567 2554 2566 -1 2566 2568 2567 -1 2560 2558 2569 -1 2569 2561 2560 -1 2565 2564 2570 -1 2570 2571 2565 -1 2566 2565 2571 -1 2568 2566 2572 -1 2573 2568 2572 -1 2574 2575 2556 -1 2558 2557 2576 -1 2561 2569 2577 -1 2571 2570 2578 -1 2578 2579 2571 -1 2566 2571 2579 -1 2579 2572 2566 -1 2580 2557 2556 -1 2576 2581 2558 -1 2582 2558 2581 -1 2569 2558 2582 -1 2561 2577 2583 -1 2562 2561 2584 -1 2564 2563 2585 -1 2570 2564 2586 -1 2578 2570 2586 -1 2587 2575 2574 -1 2581 2588 2582 -1 2577 2582 2588 -1 2569 2582 2577 -1 2576 2557 2589 -1 2588 2581 2590 -1 2584 2561 2583 -1 2585 2586 2564 -1 2589 2591 2576 -1 2590 2581 2592 -1 2593 2590 2592 -1 2588 2590 2593 -1 2577 2588 2593 -1 2593 2594 2577 -1 2577 2595 2583 -1 2585 2563 2596 -1 2575 2580 2556 -1 2592 2576 2591 -1 2581 2576 2592 -1 2578 2597 2579 -1 2597 2572 2579 -1 2589 2557 2580 -1 2589 2598 2591 -1 2592 2591 2599 -1 2593 2592 2599 -1 2593 2599 2594 -1 2594 2595 2577 -1 2595 2584 2583 -1 2584 2600 2562 -1 2563 2562 2600 -1 2596 2563 2600 -1 2601 2578 2586 -1 2601 2597 2578 -1 2602 2575 2587 -1 2597 2603 2572 -1 2573 2572 2603 -1 2599 2591 2598 -1 2573 2603 2604 -1 2584 2595 2605 -1 2600 2584 2605 -1 2605 2606 2600 -1 2596 2600 2606 -1 2606 2607 2596 -1 2585 2596 2607 -1 2586 2585 2607 -1 2607 2608 2586 -1 2601 2586 2608 -1 2597 2601 2609 -1 2575 2602 2610 -1 2610 2611 2575 -1 2575 2611 2580 -1 2611 2612 2580 -1 2589 2580 2612 -1 2598 2589 2612 -1 2612 2613 2598 -1 2599 2598 2613 -1 2594 2599 2613 -1 2597 2609 2603 -1 2595 2594 2613 -1 2613 2605 2595 -1 2609 2614 2603 -1 2604 2603 2614 -1 2615 2616 2617 -1 2616 2618 2619 -1 2616 2619 2617 -1 2617 2619 2620 -1 2621 2620 2619 -1 2622 2623 2605 -1 2623 2622 2624 -1 2605 2623 2606 -1 2624 2625 2626 -1 2623 2624 2626 -1 2606 2626 2607 -1 2623 2626 2606 -1 2626 2625 2627 -1 2628 2626 2627 -1 2607 2628 2608 -1 2626 2628 2607 -1 2629 2627 2630 -1 2627 2629 2628 -1 2629 2630 2615 -1 2617 2629 2615 -1 2629 2617 2620 -1 2631 2629 2620 -1 2629 2631 2628 -1 2628 2631 2608 -1 2632 2620 2621 -1 2620 2632 2631 -1 2633 2631 2632 -1 2631 2633 2609 -1 2608 2631 2609 -1 2609 2601 2608 -1 2611 2610 2634 -1 2634 2635 2611 -1 2636 2635 2634 -1 2636 2637 2638 -1 2639 2637 2640 -1 2639 2640 2641 -1 2639 2641 2642 -1 2637 2639 2638 -1 2643 2638 2639 -1 2639 2642 2644 -1 2642 2645 2644 -1 2644 2643 2639 -1 2611 2635 2612 -1 2635 2646 2612 -1 2635 2636 2646 -1 2636 2638 2646 -1 2638 2647 2646 -1 2647 2648 2646 -1 2646 2648 2613 -1 2613 2612 2646 -1 2618 2649 2619 -1 2648 2647 2650 -1 2619 2649 2651 -1 2649 2652 2651 -1 2619 2651 2621 -1 2648 2622 2613 -1 2622 2648 2653 -1 2652 2654 2651 -1 2650 2653 2648 -1 2655 2621 2651 -1 2605 2613 2622 -1 2651 2654 2655 -1 2624 2622 2653 -1 2653 2650 2656 -1 2621 2655 2657 -1 2658 2655 2654 -1 2655 2658 2659 -1 2660 2644 2645 -1 2643 2644 2660 -1 2659 2657 2655 -1 2661 2643 2660 -1 2647 2638 2643 -1 2647 2643 2661 -1 2650 2647 2662 -1 2662 2647 2661 -1 2656 2650 2662 -1 2657 2632 2621 -1 2663 2632 2657 -1 2664 2633 2632 -1 2633 2664 2609 -1 2632 2663 2664 -1 2609 2664 2614 -1 2665 2664 2663 -1 2664 2665 2614 -1 2666 2663 2657 -1 2657 2659 2666 -1 2642 2641 2667 -1 2667 2668 2642 -1 2645 2642 2668 -1 2669 2645 2668 -1 2653 2656 2670 -1 2671 2653 2670 -1 2672 2653 2671 -1 2624 2653 2672 -1 2660 2645 2669 -1 2669 2673 2660 -1 2661 2660 2673 -1 2674 2661 2675 -1 2675 2661 2673 -1 2662 2661 2674 -1 2656 2662 2676 -1 2676 2662 2674 -1 2670 2656 2676 -1 2677 2615 2678 -1 2616 2615 2677 -1 2679 2616 2677 -1 2680 2616 2679 -1 2681 2616 2680 -1 2618 2616 2681 -1 2682 2618 2681 -1 2618 2682 2683 -1 2649 2618 2683 -1 2625 2624 2672 -1 2684 2625 2672 -1 2685 2625 2684 -1 2627 2625 2685 -1 2686 2627 2685 -1 2678 2630 2686 -1 2630 2627 2686 -1 2615 2630 2678 -1 2683 2687 2649 -1 2652 2649 2687 -1 2687 2688 2652 -1 2654 2652 2688 -1 2688 2689 2654 -1 2658 2654 2689 -1 2690 2658 2689 -1 2691 2658 2690 -1 2641 2692 2667 -1 2674 2675 2693 -1 2688 2687 2694 -1 2677 2695 2679 -1 2696 2677 2678 -1 2670 2697 2671 -1 2671 2698 2672 -1 2699 2672 2698 -1 2673 2700 2675 -1 2689 2688 2701 -1 2675 2700 2693 -1 2678 2686 2702 -1 2685 2703 2686 -1 2691 2690 2704 -1 2667 2705 2668 -1 2705 2706 2668 -1 2669 2668 2706 -1 2698 2671 2697 -1 2707 2676 2674 -1 2695 2677 2708 -1 2680 2679 2695 -1 2681 2680 2709 -1 2684 2710 2685 -1 2703 2685 2710 -1 2683 2711 2687 -1 2689 2704 2690 -1 2706 2712 2669 -1 2697 2670 2713 -1 2713 2670 2676 -1 2708 2677 2696 -1 2709 2680 2695 -1 2709 2714 2681 -1 2702 2686 2703 -1 2696 2678 2702 -1 2688 2694 2715 -1 2704 2689 2701 -1 2704 2716 2691 -1 2669 2712 2717 -1 2673 2669 2717 -1 2700 2673 2717 -1 2707 2674 2718 -1 2676 2707 2713 -1 2682 2681 2714 -1 2714 2719 2682 -1 2683 2682 2719 -1 2711 2683 2719 -1 2699 2720 2672 -1 2684 2672 2720 -1 2710 2684 2720 -1 2711 2694 2687 -1 2701 2688 2715 -1 2692 2705 2667 -1 2674 2693 2718 -1 2705 2692 2721 -1 2721 2722 2705 -1 2705 2722 2706 -1 2712 2706 2723 -1 2697 2713 2724 -1 2724 2725 2697 -1 2698 2697 2725 -1 2699 2698 2725 -1 2717 2712 2723 -1 2707 2718 2726 -1 2713 2707 2727 -1 2727 2707 2726 -1 2724 2713 2727 -1 2719 2714 2728 -1 2728 2729 2719 -1 2711 2719 2729 -1 2720 2699 2710 -1 2694 2711 2729 -1 2730 2715 2694 -1 2701 2715 2730 -1 2731 2701 2730 -1 2704 2701 2731 -1 2716 2704 2731 -1 2732 2695 2708 -1 2728 2733 2729 -1 2714 2709 2734 -1 2699 2735 2710 -1 2736 2737 2735 -1 2738 2737 2739 -1 2735 2738 2710 -1 2737 2738 2735 -1 2702 2739 2740 -1 2703 2739 2702 -1 2738 2739 2703 -1 2738 2703 2710 -1 2741 2696 2740 -1 2740 2742 2741 -1 2696 2702 2740 -1 2743 2744 2706 -1 2706 2722 2743 -1 2723 2706 2744 -1 2745 2725 2724 -1 2736 2724 2746 -1 2745 2724 2736 -1 2725 2745 2699 -1 2745 2735 2699 -1 2733 2747 2729 -1 2736 2735 2745 -1 2744 2748 2723 -1 2747 2749 2694 -1 2694 2729 2747 -1 2723 2750 2717 -1 2750 2723 2748 -1 2700 2717 2750 -1 2730 2694 2749 -1 2700 2751 2693 -1 2752 2693 2751 -1 2718 2693 2752 -1 2751 2700 2750 -1 2753 2730 2749 -1 2730 2753 2731 -1 2754 2718 2752 -1 2731 2753 2755 -1 2756 2726 2757 -1 2726 2718 2754 -1 2731 2755 2716 -1 2757 2726 2754 -1 2726 2756 2727 -1 2727 2746 2724 -1 2746 2756 2758 -1 2727 2756 2746 -1 2696 2741 2732 -1 2708 2696 2732 -1 2744 2743 2759 -1 2760 2744 2759 -1 2748 2744 2760 -1 2761 2752 2751 -1 2754 2752 2761 -1 2756 2757 2762 -1 2763 2756 2762 -1 2758 2756 2763 -1 2746 2758 2764 -1 2764 2758 2763 -1 2736 2764 2765 -1 2746 2764 2736 -1 2766 2736 2765 -1 2736 2766 2737 -1 2737 2766 2767 -1 2768 2742 2769 -1 2732 2770 2771 -1 2732 2768 2770 -1 2741 2742 2768 -1 2732 2741 2768 -1 2772 2728 2734 -1 2733 2728 2772 -1 2709 2695 2771 -1 2695 2732 2771 -1 2734 2709 2771 -1 2728 2714 2734 -1 2737 2767 2739 -1 2769 2742 2740 -1 2767 2769 2739 -1 2740 2739 2769 -1 2733 2773 2747 -1 2749 2747 2773 -1 2753 2749 2774 -1 2775 2753 2774 -1 2755 2753 2775 -1 2775 2776 2755 -1 2760 2759 2777 -1 2778 2760 2777 -1 2748 2760 2778 -1 2750 2748 2778 -1 2751 2750 2779 -1 2779 2750 2778 -1 2761 2751 2779 -1 2780 2761 2781 -1 2754 2761 2780 -1 2765 2764 2763 -1 2767 2766 2782 -1 2769 2767 2782 -1 2768 2769 2782 -1 2770 2768 2783 -1 2733 2772 2784 -1 2734 2771 2785 -1 2772 2734 2785 -1 2784 2773 2733 -1 2786 2749 2773 -1 2749 2786 2774 -1 2757 2754 2780 -1 2780 2787 2757 -1 2762 2757 2787 -1 2763 2762 2788 -1 2789 2763 2788 -1 2765 2763 2789 -1 2789 2790 2765 -1 2791 2765 2790 -1 2766 2765 2791 -1 2782 2766 2791 -1 2791 2792 2782 -1 2768 2793 2783 -1 2793 2782 2792 -1 2768 2782 2793 -1 2794 2783 2795 -1 2770 2783 2794 -1 2771 2770 2794 -1 2784 2772 2796 -1 2796 2797 2784 -1 2797 2798 2784 -1 2773 2784 2798 -1 2786 2773 2798 -1 2799 2786 2798 -1 2799 2774 2786 -1 2775 2774 2800 -1 2777 2759 2801 -1 2801 2802 2777 -1 2776 2775 2803 -1 2778 2777 2804 -1 2805 2806 2779 -1 2761 2779 2806 -1 2762 2787 2788 -1 2807 2783 2793 -1 2795 2783 2807 -1 2785 2796 2772 -1 2804 2777 2802 -1 2808 2778 2804 -1 2805 2778 2808 -1 2779 2778 2805 -1 2781 2761 2806 -1 2809 2780 2781 -1 2787 2780 2809 -1 2810 2789 2788 -1 2792 2791 2811 -1 2771 2794 2812 -1 2795 2813 2794 -1 2796 2785 2814 -1 2785 2771 2812 -1 2814 2785 2812 -1 2793 2792 2815 -1 2774 2799 2816 -1 2800 2774 2816 -1 2803 2775 2800 -1 2810 2788 2817 -1 2818 2789 2810 -1 2790 2789 2818 -1 2791 2790 2818 -1 2811 2791 2818 -1 2811 2819 2792 -1 2814 2820 2796 -1 2797 2796 2820 -1 2815 2792 2819 -1 2807 2793 2815 -1 2821 2800 2822 -1 2814 2823 2820 -1 2797 2820 2824 -1 2814 2812 2825 -1 2815 2819 2826 -1 2802 2801 2827 -1 2808 2828 2805 -1 2829 2805 2828 -1 2805 2829 2806 -1 2830 2806 2829 -1 2831 2806 2830 -1 2781 2806 2831 -1 2832 2809 2781 -1 2787 2809 2832 -1 2788 2787 2832 -1 2833 2794 2834 -1 2794 2833 2812 -1 2794 2813 2834 -1 2814 2825 2823 -1 2835 2797 2824 -1 2798 2797 2835 -1 2836 2798 2835 -1 2837 2798 2836 -1 2799 2798 2837 -1 2837 2838 2799 -1 2839 2799 2838 -1 2799 2839 2816 -1 2822 2816 2839 -1 2800 2816 2822 -1 2840 2800 2821 -1 2800 2840 2803 -1 2807 2815 2841 -1 2817 2842 2810 -1 2843 2810 2842 -1 2818 2810 2843 -1 2844 2804 2802 -1 2845 2804 2844 -1 2845 2828 2808 -1 2808 2804 2845 -1 2846 2829 2828 -1 2830 2829 2846 -1 2781 2831 2832 -1 2811 2818 2847 -1 2825 2812 2833 -1 2848 2825 2833 -1 2840 2821 2849 -1 2813 2795 2850 -1 2823 2825 2848 -1 2802 2827 2851 -1 2844 2802 2851 -1 2818 2843 2847 -1 2846 2852 2830 -1 2817 2788 2853 -1 2788 2832 2853 -1 2834 2813 2854 -1 2850 2854 2813 -1 2848 2855 2823 -1 2823 2855 2820 -1 2824 2820 2855 -1 2811 2826 2819 -1 2807 2841 2850 -1 2856 2815 2826 -1 2841 2815 2856 -1 2795 2807 2850 -1 2836 2835 2857 -1 2857 2858 2836 -1 2837 2836 2859 -1 2822 2839 2860 -1 2821 2822 2861 -1 2849 2821 2861 -1 2862 2863 2845 -1 2846 2828 2863 -1 2845 2863 2828 -1 2852 2846 2864 -1 2831 2830 2852 -1 2832 2831 2865 -1 2853 2832 2865 -1 2833 2834 2866 -1 2867 2848 2833 -1 2859 2868 2837 -1 2838 2837 2868 -1 2868 2869 2838 -1 2860 2838 2869 -1 2839 2838 2860 -1 2860 2861 2822 -1 2849 2870 2840 -1 2835 2824 2871 -1 2856 2826 2872 -1 2841 2856 2873 -1 2851 2874 2844 -1 2845 2844 2862 -1 2831 2852 2875 -1 2865 2831 2875 -1 2857 2835 2871 -1 2836 2858 2859 -1 2817 2853 2876 -1 2861 2860 2877 -1 2867 2833 2866 -1 2849 2861 2878 -1 2879 2849 2878 -1 2870 2849 2879 -1 2875 2852 2880 -1 2881 2875 2880 -1 2865 2875 2881 -1 2880 2852 2864 -1 2865 2882 2853 -1 2866 2834 2854 -1 2848 2883 2855 -1 2883 2884 2855 -1 2884 2885 2855 -1 2824 2855 2885 -1 2871 2824 2885 -1 2848 2867 2886 -1 2856 2872 2873 -1 2850 2841 2887 -1 2869 2888 2860 -1 2877 2860 2888 -1 2878 2861 2889 -1 2890 2870 2879 -1 2891 2890 2879 -1 2892 2847 2843 -1 2893 2847 2892 -1 2862 2844 2874 -1 2846 2863 2894 -1 2881 2882 2865 -1 2853 2895 2876 -1 2867 2866 2896 -1 2854 2850 2897 -1 2848 2886 2883 -1 2886 2867 2896 -1 2811 2847 2898 -1 2811 2898 2826 -1 2872 2826 2898 -1 2861 2877 2889 -1 2878 2889 2899 -1 2879 2878 2899 -1 2884 2883 2900 -1 2896 2901 2886 -1 2898 2847 2893 -1 2897 2850 2887 -1 2817 2902 2842 -1 2903 2842 2902 -1 2843 2842 2903 -1 2892 2843 2903 -1 2904 2863 2862 -1 2846 2894 2864 -1 2905 2864 2894 -1 2905 2906 2864 -1 2880 2864 2906 -1 2881 2880 2906 -1 2895 2853 2882 -1 2858 2907 2859 -1 2874 2908 2862 -1 2908 2904 2862 -1 2909 2894 2863 -1 2881 2910 2882 -1 2896 2866 2911 -1 2866 2854 2912 -1 2897 2912 2854 -1 2883 2886 2901 -1 2873 2872 2913 -1 2857 2871 2914 -1 2858 2857 2914 -1 2868 2859 2915 -1 2916 2868 2915 -1 2869 2868 2916 -1 2916 2888 2869 -1 2888 2917 2877 -1 2877 2917 2889 -1 2917 2918 2889 -1 2884 2919 2885 -1 2871 2885 2919 -1 2901 2896 2920 -1 2921 2893 2892 -1 2898 2893 2921 -1 2913 2898 2922 -1 2872 2898 2913 -1 2876 2902 2817 -1 2863 2904 2909 -1 2896 2911 2920 -1 2914 2871 2919 -1 2911 2866 2912 -1 2914 2907 2858 -1 2915 2859 2907 -1 2916 2915 2923 -1 2883 2901 2924 -1 2900 2883 2924 -1 2917 2888 2925 -1 2926 2917 2925 -1 2902 2876 2927 -1 2928 2929 2904 -1 2909 2904 2929 -1 2894 2909 2930 -1 2905 2894 2930 -1 2910 2881 2906 -1 2910 2931 2882 -1 2895 2882 2931 -1 2920 2911 2932 -1 2912 2932 2911 -1 2841 2873 2887 -1 2897 2887 2933 -1 2916 2934 2888 -1 2925 2888 2934 -1 2918 2917 2926 -1 2899 2889 2918 -1 2935 2900 2936 -1 2937 2903 2902 -1 2924 2920 2938 -1 2904 2908 2928 -1 2921 2922 2898 -1 2922 2939 2913 -1 2940 2913 2939 -1 2873 2913 2940 -1 2887 2873 2940 -1 2933 2887 2940 -1 2930 2941 2905 -1 2876 2895 2927 -1 2901 2920 2924 -1 2900 2924 2936 -1 2914 2942 2907 -1 2907 2943 2915 -1 2923 2915 2943 -1 2916 2923 2934 -1 2937 2902 2927 -1 2903 2944 2892 -1 2908 2874 2945 -1 2909 2929 2930 -1 2906 2905 2946 -1 2910 2906 2946 -1 2905 2941 2946 -1 2947 2895 2931 -1 2938 2920 2932 -1 2932 2912 2948 -1 2912 2897 2948 -1 2884 2900 2935 -1 2884 2949 2919 -1 2942 2914 2949 -1 2950 2907 2942 -1 2943 2907 2950 -1 2943 2934 2923 -1 2937 2927 2951 -1 2937 2952 2903 -1 2952 2944 2903 -1 2941 2930 2953 -1 2946 2941 2953 -1 2910 2946 2931 -1 2927 2895 2947 -1 2954 2948 2897 -1 2932 2948 2955 -1 2936 2924 2956 -1 2949 2884 2935 -1 2914 2919 2949 -1 2897 2933 2954 -1 2928 2908 2945 -1 2929 2928 2957 -1 2929 2953 2930 -1 2927 2947 2958 -1 2951 2927 2958 -1 2924 2938 2956 -1 2921 2892 2944 -1 2959 2921 2944 -1 2922 2921 2959 -1 2959 2960 2922 -1 2939 2922 2960 -1 2961 2939 2960 -1 2933 2962 2954 -1 2940 2939 2961 -1 2961 2963 2940 -1 2933 2940 2962 -1 2950 2942 2964 -1 2943 2950 2964 -1 2934 2943 2964 -1 2925 2934 2965 -1 2926 2925 2965 -1 2935 2936 2966 -1 2967 2949 2935 -1 2956 2938 2968 -1 2959 2944 2969 -1 2970 2954 2962 -1 2962 2940 2963 -1 2942 2949 2967 -1 2934 2964 2965 -1 2953 2929 2971 -1 2947 2931 2972 -1 2958 2947 2972 -1 2951 2958 2973 -1 2974 2973 2958 -1 2932 2975 2938 -1 2976 2954 2970 -1 2948 2954 2976 -1 2955 2948 2976 -1 2975 2932 2955 -1 2936 2956 2966 -1 2944 2952 2977 -1 2945 2957 2928 -1 2929 2957 2978 -1 2971 2929 2978 -1 2953 2971 2979 -1 2946 2953 2979 -1 2946 2979 2980 -1 2931 2946 2980 -1 2972 2931 2980 -1 2956 2981 2966 -1 2958 2972 2982 -1 2958 2982 2974 -1 2975 2968 2938 -1 2968 2981 2956 -1 2969 2944 2977 -1 2983 2984 2959 -1 2960 2959 2984 -1 2961 2960 2984 -1 2964 2942 2967 -1 2985 2951 2986 -1 2937 2951 2985 -1 2952 2937 2985 -1 2977 2952 2985 -1 2957 2945 2987 -1 2988 2971 2978 -1 2979 2971 2988 -1 2989 2979 2988 -1 2980 2979 2989 -1 2972 2980 2990 -1 2982 2972 2990 -1 2991 2982 2990 -1 2990 2980 2989 -1 2982 2991 2974 -1 2973 2986 2951 -1 2974 2991 2992 -1 2974 2992 2993 -1 2993 2973 2974 -1 2994 2976 2995 -1 2955 2976 2994 -1 2975 2955 2994 -1 2996 2975 2994 -1 2968 2975 2996 -1 2966 2997 2935 -1 2967 2935 2997 -1 2981 2968 2996 -1 2969 2983 2959 -1 2961 2984 2998 -1 2970 2962 2999 -1 3000 2961 2998 -1 2963 2961 3000 -1 2964 2967 3001 -1 2965 2964 3001 -1 3001 3002 2965 -1 2957 2987 2978 -1 2989 2988 3003 -1 2989 3004 2990 -1 2991 2990 3004 -1 2997 2966 3005 -1 2986 2973 3006 -1 2996 3007 2981 -1 3008 2992 2991 -1 2966 2981 3007 -1 3006 2993 3009 -1 2973 2993 3006 -1 3009 2993 3010 -1 3005 2966 3007 -1 2993 2992 3008 -1 2993 3008 3010 -1 3008 2995 3010 -1 2995 2970 3010 -1 2998 2984 2983 -1 2970 2999 3011 -1 2976 2970 2995 -1 3000 2999 2963 -1 2962 2963 2999 -1 2967 2997 3005 -1 3012 2967 3005 -1 3001 2967 3012 -1 3012 3013 3001 -1 3002 3001 3013 -1 2985 2986 3014 -1 2977 2985 3014 -1 2987 3015 2978 -1 3003 3016 2989 -1 2988 2978 3015 -1 3003 2988 3015 -1 3004 2989 3016 -1 3004 3017 2991 -1 3010 3018 3009 -1 3018 3010 2970 -1 3011 3018 2970 -1 2995 3008 3019 -1 2995 3020 2994 -1 2996 3020 3021 -1 2994 3020 2996 -1 3022 3023 3005 -1 3007 2996 3021 -1 3007 3021 3024 -1 3022 3007 3024 -1 3005 3007 3022 -1 2969 2977 3025 -1 3012 3005 3023 -1 3023 3026 3012 -1 3013 3012 3026 -1 2986 3027 3014 -1 3014 3025 2977 -1 3028 3003 3015 -1 3016 3003 3028 -1 2991 3017 3008 -1 2986 3006 3027 -1 3019 3008 3017 -1 3020 3019 3029 -1 3021 3020 3029 -1 3021 3029 3030 -1 3019 3020 2995 -1 3024 3031 3022 -1 3022 3031 3032 -1 3023 3022 3032 -1 3032 3033 3023 -1 3030 3031 3021 -1 3024 3021 3031 -1 3034 2969 3025 -1 2969 3034 2983 -1 2983 3034 2998 -1 3035 2998 3034 -1 3011 2999 3035 -1 3000 2998 3035 -1 3000 3035 2999 -1 3026 3023 3033 -1 3025 3014 3036 -1 3016 3037 3004 -1 3037 3016 3028 -1 3006 3009 3038 -1 3038 3027 3006 -1 3018 3038 3009 -1 3036 3014 3027 -1 3039 3038 3018 -1 3025 3036 3034 -1 3034 3036 3040 -1 3040 3039 3035 -1 3035 3034 3040 -1 3039 3018 3011 -1 3039 3011 3035 -1 3004 3037 3041 -1 3017 3004 3041 -1 3038 3036 3027 -1 3030 3029 3042 -1 3031 3030 3043 -1 3031 3044 3032 -1 3032 3045 3033 -1 3036 3038 3040 -1 3040 3038 3039 -1 3017 3041 3046 -1 3019 3017 3046 -1 3029 3019 3047 -1 3030 3042 3043 -1 3043 3044 3031 -1 3048 3033 3045 -1 3028 3049 3037 -1 3047 3019 3046 -1 3029 3047 3042 -1 3045 3032 3044 -1 3050 3049 3051 -1 3037 3049 3050 -1 3052 3037 3050 -1 3041 3037 3052 -1 3047 3046 3053 -1 3047 3054 3042 -1 3042 3055 3043 -1 3056 3044 3043 -1 3045 3044 3057 -1 3057 3048 3045 -1 3041 3058 3046 -1 3053 3046 3058 -1 3043 3055 3056 -1 3056 3057 3044 -1 3059 3042 3054 -1 3047 3053 3060 -1 3054 3047 3060 -1 3055 3042 3059 -1 3061 3052 3050 -1 3041 3052 3061 -1 3058 3041 3062 -1 3063 3059 3054 -1 3064 3056 3055 -1 3057 3056 3065 -1 3050 3051 3066 -1 3041 3061 3067 -1 3041 3067 3062 -1 3058 3068 3053 -1 3060 3053 3068 -1 3060 3069 3054 -1 3055 3059 3064 -1 3061 3050 3066 -1 3063 3054 3069 -1 3070 3056 3064 -1 3065 3056 3070 -1 3067 3061 3071 -1 3061 3066 3072 -1 3073 3059 3074 -1 3063 3074 3059 -1 3064 3059 3073 -1 3064 3075 3070 -1 3065 3070 3075 -1 3071 3072 3076 -1 3061 3072 3071 -1 3062 3067 3077 -1 3068 3058 3078 -1 3079 3068 3078 -1 3060 3068 3079 -1 3069 3060 3079 -1 3071 3077 3067 -1 3063 3069 3080 -1 3064 3073 3081 -1 3075 3064 3081 -1 3077 3071 3082 -1 3074 3083 3073 -1 3077 3084 3062 -1 3058 3062 3084 -1 3084 3078 3058 -1 3074 3063 3080 -1 3081 3073 3085 -1 3083 3074 3086 -1 3080 3086 3074 -1 3080 3069 3087 -1 3073 3083 3085 -1 3088 3081 3085 -1 3087 3069 3089 -1 3079 3089 3069 -1 3079 3078 3090 -1 3089 3079 3090 -1 3086 3091 3083 -1 3087 3092 3080 -1 3089 3090 3093 -1 3087 3089 3093 -1 3084 3077 3094 -1 3093 3092 3087 -1 3071 3076 3082 -1 3094 3077 3082 -1 3084 3094 3095 -1 3078 3084 3095 -1 3095 3090 3078 -1 3094 3082 3096 -1 3086 3080 3097 -1 3092 3097 3080 -1 3095 3094 3098 -1 3090 3095 3098 -1 3098 3094 3096 -1 3091 3086 3097 -1 3099 3100 3101 -1 3101 3100 3102 -1 3100 3103 3102 -1 3104 3105 3106 -1 3099 3104 3106 -1 3099 3106 3107 -1 3107 3106 3108 -1 3106 3109 3108 -1 3099 3107 3100 -1 3107 3108 3110 -1 3108 3109 3111 -1 3108 3111 3112 -1 3106 3105 3113 -1 3103 3100 3107 -1 3108 3112 3110 -1 3107 3114 3103 -1 3110 3114 3107 -1 3110 3115 3116 -1 3114 3110 3116 -1 3115 3117 3116 -1 3118 3112 3111 -1 3119 3112 3118 -1 3119 3110 3112 -1 3119 3115 3110 -1 3118 3120 3119 -1 3115 3119 3120 -1 3115 3120 3121 -1 3120 3122 3121 -1 3121 3117 3115 -1 3121 3122 3123 -1 3124 3106 3125 -1 3109 3106 3124 -1 3126 3109 3124 -1 3111 3109 3126 -1 3127 3111 3126 -1 3106 3113 3128 -1 3128 3125 3106 -1 3129 3111 3127 -1 3118 3111 3129 -1 3118 3129 3130 -1 3120 3118 3130 -1 3131 3120 3130 -1 3122 3120 3131 -1 3131 3132 3122 -1 3123 3122 3132 -1 3124 3125 3133 -1 3126 3124 3133 -1 3125 3128 3134 -1 3130 3129 3135 -1 3136 3137 3138 -1 3138 3139 3136 -1 3129 3127 3140 -1 3132 3131 3141 -1 3126 3140 3127 -1 3139 3142 3136 -1 3143 3142 3139 -1 3129 3140 3135 -1 3130 3135 3144 -1 3131 3130 3144 -1 3134 3145 3125 -1 3133 3125 3145 -1 3146 3147 3148 -1 3147 3149 3148 -1 3145 3134 3150 -1 3142 3143 3146 -1 3141 3151 3132 -1 3123 3132 3151 -1 3133 3152 3126 -1 3140 3126 3152 -1 3134 3153 3137 -1 3128 3153 3134 -1 3148 3149 3154 -1 3141 3131 3144 -1 3155 3152 3133 -1 3152 3155 3140 -1 3150 3134 3156 -1 3134 3137 3156 -1 3155 3157 3140 -1 3142 3146 3158 -1 3146 3148 3158 -1 3158 3148 3159 -1 3148 3154 3159 -1 3159 3154 3160 -1 3135 3140 3157 -1 3144 3135 3157 -1 3161 3144 3157 -1 3162 3144 3161 -1 3141 3144 3162 -1 3162 3163 3141 -1 3151 3141 3163 -1 3163 3164 3151 -1 3150 3165 3145 -1 3166 3133 3145 -1 3165 3166 3145 -1 3165 3167 3166 -1 3133 3166 3155 -1 3166 3168 3155 -1 3156 3165 3150 -1 3165 3156 3169 -1 3136 3156 3137 -1 3170 3136 3142 -1 3165 3169 3167 -1 3170 3142 3171 -1 3168 3166 3167 -1 3155 3168 3157 -1 3168 3172 3157 -1 3171 3142 3173 -1 3173 3174 3171 -1 3158 3173 3142 -1 3158 3175 3173 -1 3175 3158 3176 -1 3176 3158 3177 -1 3159 3177 3158 -1 3157 3172 3178 -1 3157 3178 3161 -1 3179 3161 3178 -1 3179 3180 3161 -1 3162 3161 3180 -1 3180 3163 3162 -1 3180 3181 3163 -1 3182 3177 3159 -1 3159 3160 3182 -1 3182 3160 3183 -1 3164 3163 3181 -1 3181 3184 3164 -1 3184 3181 3185 -1 3169 3156 3136 -1 3170 3169 3136 -1 3167 3169 3186 -1 3187 3167 3186 -1 3170 3171 3174 -1 3167 3187 3168 -1 3168 3187 3172 -1 3172 3187 3188 -1 3174 3173 3189 -1 3189 3173 3175 -1 3176 3177 3190 -1 3178 3172 3191 -1 3191 3179 3178 -1 3180 3179 3192 -1 3180 3192 3193 -1 3181 3180 3193 -1 3177 3182 3194 -1 3182 3183 3194 -1 3193 3195 3181 -1 3185 3181 3195 -1 3196 3185 3195 -1 3169 3197 3186 -1 3169 3170 3198 -1 3197 3169 3198 -1 3170 3174 3198 -1 3189 3198 3174 -1 3199 3187 3186 -1 3199 3188 3187 -1 3172 3188 3200 -1 3175 3176 3201 -1 3201 3176 3190 -1 3191 3172 3200 -1 3202 3191 3203 -1 3179 3191 3202 -1 3204 3192 3179 -1 3190 3177 3194 -1 3194 3183 3205 -1 3186 3197 3199 -1 3198 3189 3206 -1 3188 3199 3207 -1 3188 3207 3200 -1 3191 3200 3203 -1 3204 3179 3202 -1 3196 3195 3208 -1 3199 3197 3209 -1 3209 3197 3198 -1 3206 3210 3198 -1 3206 3189 3211 -1 3189 3175 3211 -1 3201 3211 3175 -1 3192 3212 3193 -1 3190 3194 3213 -1 3213 3214 3190 -1 3213 3194 3215 -1 3194 3205 3215 -1 3215 3205 3216 -1 3195 3193 3212 -1 3212 3208 3195 -1 3217 3196 3208 -1 3218 3209 3219 -1 3220 3209 3218 -1 3198 3210 3219 -1 3209 3198 3219 -1 3199 3209 3220 -1 3207 3199 3220 -1 3201 3190 3214 -1 3203 3200 3221 -1 3222 3202 3203 -1 3222 3223 3202 -1 3204 3202 3223 -1 3192 3204 3224 -1 3212 3192 3224 -1 3216 3205 3225 -1 3200 3207 3221 -1 3211 3201 3226 -1 3226 3201 3227 -1 3201 3214 3227 -1 3224 3204 3223 -1 3228 3214 3229 -1 3214 3213 3229 -1 3213 3215 3230 -1 3231 3230 3215 -1 3215 3216 3231 -1 3208 3212 3232 -1 3232 3233 3208 -1 3217 3208 3233 -1 3219 3210 3234 -1 3210 3206 3235 -1 3236 3237 3220 -1 3207 3220 3237 -1 3237 3221 3207 -1 3206 3211 3235 -1 3227 3214 3228 -1 3238 3203 3221 -1 3222 3203 3238 -1 3212 3224 3239 -1 3240 3212 3239 -1 3232 3212 3240 -1 3232 3240 3241 -1 3213 3230 3229 -1 3229 3230 3242 -1 3242 3230 3243 -1 3230 3231 3243 -1 3231 3244 3243 -1 3245 3233 3232 -1 3233 3245 3246 -1 3216 3247 3231 -1 3248 3233 3246 -1 3217 3233 3248 -1 3216 3225 3247 -1 3219 3234 3218 -1 3234 3210 3249 -1 3250 3249 3210 -1 3250 3210 3235 -1 3251 3220 3218 -1 3235 3211 3252 -1 3227 3253 3226 -1 3254 3222 3238 -1 3222 3254 3223 -1 3255 3247 3225 -1 3256 3223 3254 -1 3224 3223 3256 -1 3239 3224 3256 -1 3244 3231 3247 -1 3241 3245 3232 -1 3248 3257 3217 -1 3237 3236 3258 -1 3218 3234 3251 -1 3220 3251 3236 -1 3211 3226 3252 -1 3259 3253 3227 -1 3227 3228 3259 -1 3239 3256 3260 -1 3261 3240 3239 -1 3241 3240 3261 -1 3229 3242 3262 -1 3263 3244 3247 -1 3245 3241 3264 -1 3246 3245 3264 -1 3265 3251 3234 -1 3221 3237 3266 -1 3238 3221 3267 -1 3252 3226 3268 -1 3268 3226 3269 -1 3226 3253 3269 -1 3269 3253 3259 -1 3238 3270 3254 -1 3271 3254 3270 -1 3256 3254 3271 -1 3260 3256 3271 -1 3239 3260 3272 -1 3261 3239 3272 -1 3262 3242 3273 -1 3242 3243 3273 -1 3264 3241 3261 -1 3248 3246 3274 -1 3248 3275 3257 -1 3255 3276 3247 -1 3277 3251 3265 -1 3236 3251 3277 -1 3258 3266 3237 -1 3235 3252 3278 -1 3268 3269 3279 -1 3269 3259 3280 -1 3270 3238 3267 -1 3255 3281 3282 -1 3272 3283 3261 -1 3259 3228 3284 -1 3284 3229 3285 -1 3228 3229 3284 -1 3285 3262 3286 -1 3229 3262 3285 -1 3262 3273 3286 -1 3243 3287 3273 -1 3243 3244 3288 -1 3288 3244 3263 -1 3263 3247 3276 -1 3264 3261 3289 -1 3274 3246 3264 -1 3267 3221 3266 -1 3279 3269 3280 -1 3280 3259 3290 -1 3271 3270 3291 -1 3292 3271 3291 -1 3292 3260 3271 -1 3272 3260 3292 -1 3259 3284 3290 -1 3285 3286 3293 -1 3286 3287 3293 -1 3273 3287 3286 -1 3287 3243 3288 -1 3263 3276 3294 -1 3274 3295 3248 -1 3295 3275 3248 -1 3281 3296 3282 -1 3236 3277 3297 -1 3258 3236 3297 -1 3234 3249 3298 -1 3252 3268 3278 -1 3283 3289 3261 -1 3287 3288 3299 -1 3276 3255 3300 -1 3301 3282 3296 -1 3234 3298 3265 -1 3250 3302 3249 -1 3250 3235 3303 -1 3235 3278 3303 -1 3279 3280 3304 -1 3267 3305 3270 -1 3290 3284 3306 -1 3272 3292 3307 -1 3255 3282 3308 -1 3308 3300 3255 -1 3284 3285 3309 -1 3293 3310 3309 -1 3285 3293 3309 -1 3310 3293 3311 -1 3293 3287 3311 -1 3311 3287 3299 -1 3288 3263 3312 -1 3312 3263 3294 -1 3264 3289 3313 -1 3295 3274 3314 -1 3298 3315 3265 -1 3316 3277 3315 -1 3277 3265 3315 -1 3297 3277 3316 -1 3302 3298 3249 -1 3268 3279 3278 -1 3279 3304 3317 -1 3280 3290 3304 -1 3270 3305 3318 -1 3291 3270 3318 -1 3289 3283 3319 -1 3306 3284 3320 -1 3309 3320 3284 -1 3312 3299 3288 -1 3264 3313 3274 -1 3294 3276 3300 -1 3315 3298 3321 -1 3258 3297 3322 -1 3303 3302 3250 -1 3303 3278 3323 -1 3324 3266 3325 -1 3267 3266 3324 -1 3323 3278 3279 -1 3304 3290 3306 -1 3324 3305 3267 -1 3283 3272 3307 -1 3294 3300 3326 -1 3327 3311 3299 -1 3328 3308 3282 -1 3282 3301 3328 -1 3299 3312 3329 -1 3330 3312 3294 -1 3328 3301 3331 -1 3330 3294 3326 -1 3332 3331 3301 -1 3313 3289 3319 -1 3274 3313 3314 -1 3295 3333 3275 -1 3315 3321 3334 -1 3316 3315 3334 -1 3316 3335 3297 -1 3336 3321 3298 -1 3298 3302 3337 -1 3337 3336 3298 -1 3303 3323 3338 -1 3304 3306 3317 -1 3307 3291 3318 -1 3292 3291 3307 -1 3283 3307 3339 -1 3319 3283 3339 -1 3309 3310 3320 -1 3329 3327 3299 -1 3329 3312 3330 -1 3340 3326 3300 -1 3300 3308 3340 -1 3308 3328 3341 -1 3342 3331 3332 -1 3332 3343 3342 -1 3322 3297 3335 -1 3266 3258 3322 -1 3322 3325 3266 -1 3303 3338 3302 -1 3317 3344 3279 -1 3345 3305 3324 -1 3318 3305 3345 -1 3307 3318 3346 -1 3319 3339 3347 -1 3306 3320 3317 -1 3311 3348 3310 -1 3311 3327 3349 -1 3327 3329 3350 -1 3350 3329 3330 -1 3319 3347 3313 -1 3351 3313 3347 -1 3314 3313 3351 -1 3333 3295 3352 -1 3353 3333 3354 -1 3330 3326 3355 -1 3341 3331 3356 -1 3340 3308 3357 -1 3308 3341 3357 -1 3331 3341 3328 -1 3342 3343 3358 -1 3343 3359 3358 -1 3337 3302 3360 -1 3338 3360 3302 -1 3279 3344 3323 -1 3345 3346 3318 -1 3339 3307 3346 -1 3361 3339 3346 -1 3320 3310 3348 -1 3362 3348 3311 -1 3349 3327 3350 -1 3295 3314 3351 -1 3352 3295 3351 -1 3355 3326 3340 -1 3356 3331 3363 -1 3342 3363 3331 -1 3334 3321 3364 -1 3364 3365 3334 -1 3316 3334 3365 -1 3364 3321 3336 -1 3324 3325 3366 -1 3338 3323 3367 -1 3323 3344 3367 -1 3344 3317 3368 -1 3345 3324 3366 -1 3339 3361 3369 -1 3317 3320 3368 -1 3320 3348 3368 -1 3349 3362 3311 -1 3355 3370 3330 -1 3342 3358 3363 -1 3359 3371 3358 -1 3335 3316 3365 -1 3322 3335 3372 -1 3325 3322 3372 -1 3336 3337 3373 -1 3360 3338 3374 -1 3375 3325 3372 -1 3325 3375 3366 -1 3376 3366 3375 -1 3338 3367 3374 -1 3345 3366 3376 -1 3347 3339 3369 -1 3350 3330 3370 -1 3377 3347 3369 -1 3352 3354 3333 -1 3340 3357 3378 -1 3357 3341 3356 -1 3335 3365 3379 -1 3372 3335 3379 -1 3374 3367 3380 -1 3380 3367 3381 -1 3367 3344 3381 -1 3344 3368 3381 -1 3381 3368 3382 -1 3382 3368 3383 -1 3368 3348 3383 -1 3371 3384 3385 -1 3386 3355 3387 -1 3385 3384 3388 -1 3355 3340 3387 -1 3340 3378 3387 -1 3385 3389 3371 -1 3390 3363 3389 -1 3363 3371 3389 -1 3363 3358 3371 -1 3345 3376 3391 -1 3345 3391 3346 -1 3392 3346 3391 -1 3361 3346 3392 -1 3392 3393 3361 -1 3369 3361 3393 -1 3383 3348 3394 -1 3348 3362 3394 -1 3349 3350 3395 -1 3395 3362 3349 -1 3370 3395 3350 -1 3370 3355 3386 -1 3351 3347 3377 -1 3377 3396 3351 -1 3352 3351 3396 -1 3397 3364 3398 -1 3364 3397 3365 -1 3336 3373 3398 -1 3373 3337 3399 -1 3364 3336 3398 -1 3337 3360 3400 -1 3400 3399 3337 -1 3374 3400 3360 -1 3376 3375 3401 -1 3380 3381 3402 -1 3403 3380 3402 -1 3381 3382 3404 -1 3402 3381 3404 -1 3382 3383 3404 -1 3385 3388 3405 -1 3406 3391 3376 -1 3392 3391 3406 -1 3370 3386 3395 -1 3377 3369 3393 -1 3356 3378 3357 -1 3356 3363 3390 -1 3401 3375 3372 -1 3407 3408 3401 -1 3408 3409 3401 -1 3374 3380 3410 -1 3403 3410 3380 -1 3402 3404 3411 -1 3404 3412 3411 -1 3383 3412 3404 -1 3383 3394 3412 -1 3413 3385 3414 -1 3385 3405 3414 -1 3401 3409 3376 -1 3409 3406 3376 -1 3392 3406 3415 -1 3393 3392 3415 -1 3412 3394 3416 -1 3394 3362 3416 -1 3362 3395 3416 -1 3416 3395 3417 -1 3395 3386 3417 -1 3396 3377 3418 -1 3352 3396 3419 -1 3354 3352 3419 -1 3353 3354 3420 -1 3387 3378 3421 -1 3378 3356 3390 -1 3422 3389 3413 -1 3389 3422 3390 -1 3389 3385 3413 -1 3423 3365 3397 -1 3379 3365 3423 -1 3373 3424 3398 -1 3399 3400 3425 -1 3400 3374 3425 -1 3410 3425 3374 -1 3401 3372 3426 -1 3407 3401 3426 -1 3426 3427 3407 -1 3428 3408 3407 -1 3409 3408 3429 -1 3430 3429 3408 -1 3410 3403 3431 -1 3402 3411 3431 -1 3411 3412 3432 -1 3414 3405 3433 -1 3406 3409 3434 -1 3406 3434 3415 -1 3393 3415 3435 -1 3432 3416 3436 -1 3412 3416 3432 -1 3416 3417 3436 -1 3437 3436 3417 -1 3417 3386 3437 -1 3377 3393 3435 -1 3418 3377 3435 -1 3419 3396 3418 -1 3419 3420 3354 -1 3386 3387 3437 -1 3421 3437 3387 -1 3421 3378 3438 -1 3378 3390 3438 -1 3438 3390 3422 -1 3397 3398 3424 -1 3373 3399 3424 -1 3425 3410 3439 -1 3426 3372 3379 -1 3427 3428 3407 -1 3428 3410 3440 -1 3428 3430 3408 -1 3430 3428 3440 -1 3402 3431 3403 -1 3434 3409 3429 -1 3441 3415 3434 -1 3435 3415 3441 -1 3436 3442 3432 -1 3436 3437 3443 -1 3435 3441 3418 -1 3441 3444 3418 -1 3419 3418 3444 -1 3444 3445 3419 -1 3420 3419 3445 -1 3446 3420 3445 -1 3447 3443 3437 -1 3437 3421 3447 -1 3438 3447 3421 -1 3448 3447 3438 -1 3438 3422 3448 -1 3448 3422 3449 -1 3422 3413 3449 -1 3397 3424 3450 -1 3423 3397 3450 -1 3423 3451 3379 -1 3424 3399 3452 -1 3399 3425 3452 -1 3424 3452 3450 -1 3425 3453 3452 -1 3379 3451 3427 -1 3427 3454 3428 -1 3439 3453 3425 -1 3439 3428 3454 -1 3428 3439 3410 -1 3379 3427 3426 -1 3431 3440 3410 -1 3455 3440 3431 -1 3411 3455 3431 -1 3456 3455 3411 -1 3414 3457 3458 -1 3413 3414 3458 -1 3414 3433 3457 -1 3459 3457 3433 -1 3430 3460 3429 -1 3434 3429 3460 -1 3461 3434 3460 -1 3441 3434 3461 -1 3461 3462 3441 -1 3456 3411 3442 -1 3432 3442 3411 -1 3442 3436 3463 -1 3443 3463 3436 -1 3464 3463 3443 -1 3462 3444 3441 -1 3465 3444 3462 -1 3445 3444 3465 -1 3465 3466 3445 -1 3446 3445 3466 -1 3443 3447 3464 -1 3464 3447 3467 -1 3467 3447 3448 -1 3449 3413 3458 -1 3450 3451 3423 -1 3450 3452 3468 -1 3453 3468 3452 -1 3450 3468 3451 -1 3451 3468 3427 -1 3427 3468 3454 -1 3453 3439 3468 -1 3468 3439 3454 -1 3430 3440 3469 -1 3440 3455 3470 -1 3469 3440 3470 -1 3455 3456 3471 -1 3472 3459 3473 -1 3457 3459 3472 -1 3460 3430 3469 -1 3442 3463 3474 -1 3463 3475 3474 -1 3464 3475 3463 -1 3464 3476 3475 -1 3477 3465 3462 -1 3466 3478 3446 -1 3464 3467 3479 -1 3448 3449 3480 -1 3449 3458 3480 -1 3481 3482 3483 -1 3483 3482 3484 -1 3456 3485 3471 -1 3460 3469 3486 -1 3461 3460 3486 -1 3462 3461 3487 -1 3477 3462 3487 -1 3456 3442 3485 -1 3465 3477 3488 -1 3478 3466 3489 -1 3479 3476 3464 -1 3467 3448 3490 -1 3448 3480 3490 -1 3458 3457 3491 -1 3455 3471 3470 -1 3491 3457 3472 -1 3473 3459 3492 -1 3459 3493 3492 -1 3442 3474 3485 -1 3494 3465 3488 -1 3466 3465 3494 -1 3489 3466 3494 -1 3467 3490 3479 -1 3458 3491 3480 -1 3495 3492 3493 -1 3481 3483 3495 -1 3487 3461 3486 -1 3485 3474 3496 -1 3496 3474 3497 -1 3474 3475 3497 -1 3494 3488 3498 -1 3479 3490 3499 -1 3480 3491 3500 -1 3501 3486 3469 -1 3502 3486 3501 -1 3485 3503 3471 -1 3487 3486 3502 -1 3504 3487 3502 -1 3477 3487 3505 -1 3503 3485 3496 -1 3475 3476 3497 -1 3506 3498 3488 -1 3507 3494 3498 -1 3489 3494 3507 -1 3508 3489 3507 -1 3509 3497 3476 -1 3479 3509 3476 -1 3509 3479 3499 -1 3499 3490 3500 -1 3490 3480 3500 -1 3510 3500 3491 -1 3491 3472 3511 -1 3510 3491 3511 -1 3512 3513 3484 -1 3492 3495 3514 -1 3495 3483 3514 -1 3514 3483 3513 -1 3484 3513 3483 -1 3470 3471 3515 -1 3515 3516 3470 -1 3511 3472 3517 -1 3517 3472 3518 -1 3473 3518 3472 -1 3469 3470 3519 -1 3519 3470 3516 -1 3471 3503 3515 -1 3499 3500 3520 -1 3487 3504 3505 -1 3500 3510 3521 -1 3510 3511 3522 -1 3513 3512 3523 -1 3488 3477 3505 -1 3506 3488 3505 -1 3473 3492 3518 -1 3492 3514 3524 -1 3524 3514 3525 -1 3514 3513 3525 -1 3509 3499 3526 -1 3469 3519 3527 -1 3501 3469 3527 -1 3515 3503 3528 -1 3496 3497 3529 -1 3530 3529 3497 -1 3530 3509 3531 -1 3497 3509 3530 -1 3531 3509 3526 -1 3499 3520 3526 -1 3521 3520 3500 -1 3521 3510 3522 -1 3518 3492 3524 -1 3516 3515 3532 -1 3527 3533 3501 -1 3532 3515 3534 -1 3528 3534 3515 -1 3535 3502 3501 -1 3503 3496 3529 -1 3536 3506 3505 -1 3537 3521 3522 -1 3508 3507 3538 -1 3527 3519 3539 -1 3516 3539 3519 -1 3535 3501 3533 -1 3504 3502 3535 -1 3505 3504 3540 -1 3541 3505 3540 -1 3529 3530 3542 -1 3498 3506 3543 -1 3544 3498 3543 -1 3498 3544 3507 -1 3545 3508 3538 -1 3530 3531 3546 -1 3546 3531 3547 -1 3531 3526 3547 -1 3548 3547 3526 -1 3526 3520 3548 -1 3520 3521 3549 -1 3521 3537 3549 -1 3522 3511 3550 -1 3513 3523 3551 -1 3525 3513 3552 -1 3534 3528 3553 -1 3535 3540 3504 -1 3528 3503 3529 -1 3541 3536 3505 -1 3536 3543 3506 -1 3544 3554 3507 -1 3538 3507 3554 -1 3530 3546 3542 -1 3548 3520 3549 -1 3537 3522 3550 -1 3513 3551 3552 -1 3517 3518 3555 -1 3518 3524 3555 -1 3533 3556 3535 -1 3557 3535 3556 -1 3540 3535 3557 -1 3528 3529 3558 -1 3529 3542 3559 -1 3544 3543 3560 -1 3560 3561 3544 -1 3545 3538 3562 -1 3563 3545 3562 -1 3561 3554 3544 -1 3538 3554 3564 -1 3565 3566 3548 -1 3546 3547 3567 -1 3566 3567 3547 -1 3547 3548 3566 -1 3550 3511 3568 -1 3517 3568 3511 -1 3537 3550 3569 -1 3551 3523 3570 -1 3527 3539 3571 -1 3553 3528 3558 -1 3559 3558 3529 -1 3559 3542 3572 -1 3536 3541 3573 -1 3573 3574 3536 -1 3562 3538 3564 -1 3575 3576 3546 -1 3546 3567 3575 -1 3567 3566 3577 -1 3577 3575 3567 -1 3578 3577 3566 -1 3565 3548 3579 -1 3548 3549 3579 -1 3527 3580 3533 -1 3540 3557 3581 -1 3558 3559 3582 -1 3542 3546 3583 -1 3583 3546 3576 -1 3573 3541 3584 -1 3578 3566 3585 -1 3583 3586 3542 -1 3565 3585 3566 -1 3536 3574 3587 -1 3543 3536 3587 -1 3560 3543 3588 -1 3579 3549 3589 -1 3549 3537 3589 -1 3561 3560 3590 -1 3563 3562 3591 -1 3591 3592 3563 -1 3593 3563 3592 -1 3554 3561 3594 -1 3551 3595 3552 -1 3562 3564 3596 -1 3580 3527 3571 -1 3533 3580 3597 -1 3584 3540 3581 -1 3541 3540 3584 -1 3572 3582 3559 -1 3572 3542 3598 -1 3573 3584 3574 -1 3562 3596 3591 -1 3561 3599 3594 -1 3564 3554 3600 -1 3596 3564 3600 -1 3601 3583 3576 -1 3576 3575 3601 -1 3602 3585 3565 -1 3565 3579 3602 -1 3568 3517 3603 -1 3569 3550 3604 -1 3603 3555 3605 -1 3517 3555 3603 -1 3555 3524 3606 -1 3524 3525 3606 -1 3539 3516 3607 -1 3532 3607 3516 -1 3571 3539 3607 -1 3532 3534 3608 -1 3534 3553 3608 -1 3556 3533 3597 -1 3553 3558 3609 -1 3610 3609 3558 -1 3558 3582 3610 -1 3586 3598 3542 -1 3543 3587 3611 -1 3588 3543 3611 -1 3588 3612 3560 -1 3590 3560 3612 -1 3593 3592 3613 -1 3599 3561 3590 -1 3554 3594 3600 -1 3601 3614 3583 -1 3602 3579 3589 -1 3589 3537 3615 -1 3603 3616 3568 -1 3617 3568 3616 -1 3550 3568 3617 -1 3617 3604 3550 -1 3569 3615 3537 -1 3577 3601 3575 -1 3577 3578 3618 -1 3606 3605 3555 -1 3597 3619 3556 -1 3582 3572 3620 -1 3599 3590 3621 -1 3614 3586 3583 -1 3618 3601 3577 -1 3578 3585 3622 -1 3622 3585 3623 -1 3585 3602 3623 -1 3604 3624 3569 -1 3569 3624 3615 -1 3606 3525 3625 -1 3525 3552 3625 -1 3557 3556 3619 -1 3584 3581 3626 -1 3610 3582 3620 -1 3598 3620 3572 -1 3574 3584 3627 -1 3612 3621 3590 -1 3592 3591 3628 -1 3594 3599 3629 -1 3630 3594 3629 -1 3600 3594 3630 -1 3596 3600 3591 -1 3631 3602 3589 -1 3589 3615 3632 -1 3584 3626 3627 -1 3627 3587 3574 -1 3633 3588 3611 -1 3612 3588 3633 -1 3634 3599 3621 -1 3614 3601 3635 -1 3601 3618 3635 -1 3632 3615 3636 -1 3610 3620 3637 -1 3633 3638 3612 -1 3621 3612 3638 -1 3628 3613 3592 -1 3599 3634 3629 -1 3628 3591 3600 -1 3618 3578 3622 -1 3631 3589 3632 -1 3606 3625 3639 -1 3607 3532 3640 -1 3608 3640 3532 -1 3608 3553 3641 -1 3619 3642 3557 -1 3643 3557 3642 -1 3581 3557 3643 -1 3614 3644 3586 -1 3587 3627 3645 -1 3646 3587 3645 -1 3611 3587 3646 -1 3638 3647 3621 -1 3634 3621 3647 -1 3644 3614 3635 -1 3648 3618 3622 -1 3635 3618 3648 -1 3602 3631 3649 -1 3631 3632 3649 -1 3636 3615 3624 -1 3595 3625 3552 -1 3626 3581 3650 -1 3627 3626 3650 -1 3553 3609 3641 -1 3609 3637 3651 -1 3610 3637 3609 -1 3598 3637 3620 -1 3645 3627 3650 -1 3652 3586 3644 -1 3633 3611 3653 -1 3633 3654 3638 -1 3630 3629 3655 -1 3628 3600 3630 -1 3644 3635 3656 -1 3648 3656 3635 -1 3657 3622 3623 -1 3649 3632 3636 -1 3649 3623 3602 -1 3625 3595 3658 -1 3650 3581 3643 -1 3641 3609 3651 -1 3651 3637 3659 -1 3637 3598 3660 -1 3598 3586 3652 -1 3638 3654 3661 -1 3647 3638 3661 -1 3646 3645 3662 -1 3653 3611 3646 -1 3628 3630 3663 -1 3613 3628 3663 -1 3664 3613 3663 -1 3665 3663 3630 -1 3616 3603 3666 -1 3605 3666 3603 -1 3605 3606 3667 -1 3606 3639 3667 -1 3650 3643 3668 -1 3645 3650 3668 -1 3652 3660 3598 -1 3613 3664 3669 -1 3655 3629 3634 -1 3670 3613 3669 -1 3593 3613 3670 -1 3657 3648 3622 -1 3671 3657 3623 -1 3671 3623 3672 -1 3649 3636 3673 -1 3658 3595 3674 -1 3666 3605 3667 -1 3639 3625 3658 -1 3640 3608 3675 -1 3637 3660 3659 -1 3660 3652 3676 -1 3677 3676 3652 -1 3652 3644 3677 -1 3653 3646 3678 -1 3654 3633 3653 -1 3664 3663 3669 -1 3679 3634 3647 -1 3679 3655 3634 -1 3680 3663 3665 -1 3677 3644 3656 -1 3681 3657 3671 -1 3672 3681 3671 -1 3672 3623 3649 -1 3673 3682 3649 -1 3604 3617 3683 -1 3684 3685 3636 -1 3636 3624 3684 -1 3571 3607 3686 -1 3607 3640 3686 -1 3580 3571 3687 -1 3597 3580 3687 -1 3641 3675 3608 -1 3668 3643 3688 -1 3688 3689 3668 -1 3645 3668 3689 -1 3662 3645 3689 -1 3647 3661 3690 -1 3690 3679 3647 -1 3669 3663 3680 -1 3630 3655 3691 -1 3691 3665 3630 -1 3657 3681 3692 -1 3682 3672 3649 -1 3642 3693 3643 -1 3688 3643 3693 -1 3653 3678 3694 -1 3654 3653 3694 -1 3679 3690 3695 -1 3669 3680 3696 -1 3655 3679 3697 -1 3697 3698 3655 -1 3691 3655 3698 -1 3677 3656 3699 -1 3648 3657 3700 -1 3700 3657 3692 -1 3673 3636 3685 -1 3616 3683 3617 -1 3687 3571 3686 -1 3675 3641 3701 -1 3693 3702 3688 -1 3689 3688 3702 -1 3662 3703 3646 -1 3704 3646 3703 -1 3678 3646 3704 -1 3694 3678 3704 -1 3679 3695 3705 -1 3697 3679 3705 -1 3680 3665 3706 -1 3699 3656 3707 -1 3700 3692 3708 -1 3681 3708 3692 -1 3683 3616 3709 -1 3616 3666 3709 -1 3684 3710 3685 -1 3651 3659 3711 -1 3654 3694 3712 -1 3661 3654 3712 -1 3698 3697 3705 -1 3656 3648 3707 -1 3708 3681 3713 -1 3681 3672 3713 -1 3682 3673 3714 -1 3685 3714 3673 -1 3624 3604 3715 -1 3684 3624 3715 -1 3682 3713 3672 -1 3597 3687 3716 -1 3619 3597 3716 -1 3717 3699 3707 -1 3677 3699 3717 -1 3676 3677 3717 -1 3690 3661 3712 -1 3695 3690 3718 -1 3694 3704 3719 -1 3712 3694 3719 -1 3698 3705 3720 -1 3691 3698 3720 -1 3706 3665 3691 -1 3670 3669 3696 -1 3707 3648 3721 -1 3721 3700 3708 -1 3648 3700 3721 -1 3713 3722 3708 -1 3710 3714 3685 -1 3683 3715 3604 -1 3640 3675 3723 -1 3651 3711 3724 -1 3711 3659 3725 -1 3660 3725 3659 -1 3662 3689 3702 -1 3712 3718 3690 -1 3719 3704 3703 -1 3705 3695 3726 -1 3696 3680 3727 -1 3728 3670 3729 -1 3730 3707 3721 -1 3714 3710 3731 -1 3686 3640 3732 -1 3687 3686 3733 -1 3716 3687 3733 -1 3640 3723 3732 -1 3723 3675 3701 -1 3641 3651 3734 -1 3711 3725 3724 -1 3725 3660 3735 -1 3660 3676 3736 -1 3717 3736 3676 -1 3719 3737 3712 -1 3718 3726 3695 -1 3720 3705 3726 -1 3720 3706 3691 -1 3680 3706 3727 -1 3729 3670 3696 -1 3721 3708 3722 -1 3722 3713 3738 -1 3641 3734 3701 -1 3693 3739 3702 -1 3734 3651 3724 -1 3724 3725 3735 -1 3736 3717 3740 -1 3717 3707 3740 -1 3737 3718 3712 -1 3719 3703 3741 -1 3737 3719 3741 -1 3742 3718 3737 -1 3742 3743 3718 -1 3726 3718 3743 -1 3726 3743 3744 -1 3744 3720 3726 -1 3740 3707 3730 -1 3730 3721 3722 -1 3731 3682 3714 -1 3709 3666 3745 -1 3710 3684 3731 -1 3684 3715 3731 -1 3666 3667 3745 -1 3738 3746 3722 -1 3746 3738 3747 -1 3738 3713 3748 -1 3682 3748 3713 -1 3683 3709 3749 -1 3709 3745 3749 -1 3662 3702 3739 -1 3731 3715 3750 -1 3736 3735 3660 -1 3703 3662 3751 -1 3741 3703 3752 -1 3753 3737 3741 -1 3753 3742 3737 -1 3753 3754 3742 -1 3743 3742 3754 -1 3754 3755 3743 -1 3727 3729 3696 -1 3744 3743 3755 -1 3639 3745 3667 -1 3720 3744 3756 -1 3740 3730 3757 -1 3746 3757 3730 -1 3730 3722 3746 -1 3686 3732 3758 -1 3758 3733 3686 -1 3642 3619 3716 -1 3693 3642 3759 -1 3739 3693 3759 -1 3751 3662 3739 -1 3736 3740 3760 -1 3757 3760 3740 -1 3703 3751 3752 -1 3761 3729 3727 -1 3706 3720 3756 -1 3756 3761 3706 -1 3727 3706 3761 -1 3747 3738 3748 -1 3682 3731 3762 -1 3749 3763 3683 -1 3715 3683 3763 -1 3748 3682 3762 -1 3745 3639 3764 -1 3642 3716 3765 -1 3759 3642 3765 -1 3766 3739 3759 -1 3767 3734 3724 -1 3724 3735 3768 -1 3768 3767 3724 -1 3751 3739 3766 -1 3735 3736 3768 -1 3769 3768 3736 -1 3736 3760 3769 -1 3753 3741 3752 -1 3752 3770 3753 -1 3754 3753 3770 -1 3770 3771 3754 -1 3755 3754 3771 -1 3771 3772 3755 -1 3744 3755 3772 -1 3772 3756 3744 -1 3773 3760 3757 -1 3757 3746 3773 -1 3747 3773 3746 -1 3763 3749 3774 -1 3745 3774 3749 -1 3750 3715 3763 -1 3775 3731 3750 -1 3762 3731 3775 -1 3716 3733 3776 -1 3776 3765 3716 -1 3734 3767 3777 -1 3767 3768 3778 -1 3779 3752 3751 -1 3772 3771 3780 -1 3780 3781 3772 -1 3782 3783 3761 -1 3729 3761 3783 -1 3784 3756 3772 -1 3761 3756 3782 -1 3748 3762 3785 -1 3774 3745 3786 -1 3764 3786 3745 -1 3723 3701 3777 -1 3701 3734 3777 -1 3766 3759 3765 -1 3777 3767 3778 -1 3768 3787 3778 -1 3787 3768 3769 -1 3769 3760 3788 -1 3770 3752 3779 -1 3771 3770 3780 -1 3781 3784 3772 -1 3789 3748 3785 -1 3790 3788 3760 -1 3773 3790 3760 -1 3773 3747 3791 -1 3747 3748 3789 -1 3775 3785 3762 -1 3763 3774 3792 -1 3792 3750 3763 -1 3793 3794 3795 -1 3793 3796 3797 -1 3797 3794 3793 -1 3758 3794 3797 -1 3732 3794 3758 -1 3733 3758 3797 -1 3795 3794 3798 -1 3723 3794 3732 -1 3798 3794 3723 -1 3777 3798 3723 -1 3787 3769 3788 -1 3770 3779 3799 -1 3780 3770 3799 -1 3783 3782 3800 -1 3756 3784 3782 -1 3791 3790 3773 -1 3801 3802 3792 -1 3801 3792 3774 -1 3774 3786 3801 -1 3801 3803 3804 -1 3803 3801 3786 -1 3764 3803 3786 -1 3805 3803 3764 -1 3806 3796 3793 -1 3807 3802 3804 -1 3804 3802 3801 -1 3808 3804 3803 -1 3803 3809 3808 -1 3810 3733 3797 -1 3776 3733 3810 -1 3795 3798 3811 -1 3798 3812 3811 -1 3777 3812 3798 -1 3813 3814 3776 -1 3776 3814 3765 -1 3791 3747 3789 -1 3766 3765 3815 -1 3816 3766 3815 -1 3817 3766 3816 -1 3751 3766 3817 -1 3777 3778 3818 -1 3819 3820 3792 -1 3750 3792 3820 -1 3788 3821 3787 -1 3819 3792 3807 -1 3792 3802 3807 -1 3775 3750 3820 -1 3779 3751 3817 -1 3799 3779 3817 -1 3780 3799 3822 -1 3781 3780 3822 -1 3806 3793 3823 -1 3806 3824 3796 -1 3823 3793 3825 -1 3826 3825 3793 -1 3793 3795 3826 -1 3826 3795 3811 -1 3804 3827 3807 -1 3827 3808 3828 -1 3828 3808 3829 -1 3804 3808 3827 -1 3796 3824 3830 -1 3797 3796 3830 -1 3810 3797 3830 -1 3776 3810 3813 -1 3814 3813 3831 -1 3815 3814 3831 -1 3765 3814 3815 -1 3777 3818 3812 -1 3778 3787 3821 -1 3800 3782 3784 -1 3785 3775 3832 -1 3832 3775 3820 -1 3833 3806 3834 -1 3806 3823 3834 -1 3835 3806 3833 -1 3824 3806 3835 -1 3807 3827 3836 -1 3828 3829 3837 -1 3830 3824 3835 -1 3835 3810 3830 -1 3810 3835 3838 -1 3813 3838 3839 -1 3810 3838 3813 -1 3839 3831 3813 -1 3815 3831 3840 -1 3816 3815 3840 -1 3841 3816 3840 -1 3816 3841 3817 -1 3842 3817 3841 -1 3811 3812 3843 -1 3812 3818 3843 -1 3818 3778 3844 -1 3778 3821 3844 -1 3845 3821 3788 -1 3846 3845 3788 -1 3788 3790 3846 -1 3799 3817 3842 -1 3847 3781 3822 -1 3847 3822 3799 -1 3784 3781 3848 -1 3800 3784 3849 -1 3850 3800 3849 -1 3846 3790 3851 -1 3790 3791 3851 -1 3852 3851 3789 -1 3789 3851 3791 -1 3852 3789 3853 -1 3789 3785 3853 -1 3853 3785 3832 -1 3832 3820 3854 -1 3820 3819 3855 -1 3854 3820 3855 -1 3823 3825 3834 -1 3826 3811 3856 -1 3811 3857 3856 -1 3829 3858 3837 -1 3859 3838 3835 -1 3839 3838 3859 -1 3843 3857 3811 -1 3818 3844 3843 -1 3844 3821 3845 -1 3860 3799 3842 -1 3847 3799 3860 -1 3847 3848 3781 -1 3849 3784 3848 -1 3846 3851 3861 -1 3852 3861 3851 -1 3853 3832 3854 -1 3826 3856 3862 -1 3863 3807 3836 -1 3828 3837 3864 -1 3831 3839 3865 -1 3841 3840 3866 -1 3857 3843 3867 -1 3843 3844 3868 -1 3868 3844 3869 -1 3869 3845 3870 -1 3844 3845 3869 -1 3871 3870 3845 -1 3845 3846 3871 -1 3842 3841 3872 -1 3860 3842 3872 -1 3860 3873 3847 -1 3873 3874 3847 -1 3848 3847 3874 -1 3849 3848 3874 -1 3861 3871 3846 -1 3861 3852 3875 -1 3853 3875 3852 -1 3875 3853 3876 -1 3876 3853 3877 -1 3853 3854 3877 -1 3878 3819 3863 -1 3855 3819 3878 -1 3819 3807 3863 -1 3879 3880 3834 -1 3825 3879 3834 -1 3881 3834 3880 -1 3833 3834 3881 -1 3825 3826 3882 -1 3882 3826 3862 -1 3856 3883 3862 -1 3883 3856 3857 -1 3836 3827 3884 -1 3827 3828 3884 -1 3858 3864 3837 -1 3859 3835 3885 -1 3839 3859 3865 -1 3865 3886 3831 -1 3840 3831 3886 -1 3867 3843 3868 -1 3860 3872 3887 -1 3887 3888 3860 -1 3873 3860 3888 -1 3871 3861 3889 -1 3861 3875 3889 -1 3849 3874 3890 -1 3850 3849 3891 -1 3892 3850 3891 -1 3893 3854 3855 -1 3879 3825 3894 -1 3835 3833 3885 -1 3825 3882 3894 -1 3836 3895 3863 -1 3884 3828 3896 -1 3896 3897 3884 -1 3828 3864 3896 -1 3865 3859 3898 -1 3840 3886 3899 -1 3866 3840 3899 -1 3866 3900 3841 -1 3872 3841 3900 -1 3870 3901 3869 -1 3870 3871 3902 -1 3872 3903 3904 -1 3887 3872 3904 -1 3874 3873 3905 -1 3906 3874 3905 -1 3874 3906 3890 -1 3871 3889 3902 -1 3889 3875 3907 -1 3854 3893 3877 -1 3855 3878 3908 -1 3893 3855 3908 -1 3833 3881 3885 -1 3882 3862 3909 -1 3909 3862 3910 -1 3862 3883 3910 -1 3883 3857 3910 -1 3884 3895 3836 -1 3859 3885 3898 -1 3898 3911 3865 -1 3886 3865 3911 -1 3899 3886 3912 -1 3900 3899 3912 -1 3866 3899 3900 -1 3901 3868 3869 -1 3888 3905 3873 -1 3849 3890 3913 -1 3891 3849 3913 -1 3914 3907 3875 -1 3875 3876 3914 -1 3877 3893 3915 -1 3915 3893 3908 -1 3876 3877 3916 -1 3916 3877 3915 -1 3878 3863 3895 -1 3880 3879 3917 -1 3879 3894 3917 -1 3895 3884 3918 -1 3884 3897 3918 -1 3896 3864 3919 -1 3919 3897 3896 -1 3898 3885 3920 -1 3910 3857 3921 -1 3912 3886 3911 -1 3872 3900 3922 -1 3903 3872 3922 -1 3857 3867 3921 -1 3867 3923 3921 -1 3868 3923 3867 -1 3868 3901 3923 -1 3924 3901 3870 -1 3870 3902 3925 -1 3926 3925 3902 -1 3904 3903 3927 -1 3928 3888 3929 -1 3905 3888 3928 -1 3906 3905 3930 -1 3931 3890 3906 -1 3913 3890 3931 -1 3932 3889 3907 -1 3902 3889 3932 -1 3907 3914 3933 -1 3914 3876 3934 -1 3935 3915 3936 -1 3915 3908 3936 -1 3916 3934 3876 -1 3916 3915 3935 -1 3878 3895 3937 -1 3936 3908 3937 -1 3908 3878 3937 -1 3938 3880 3939 -1 3881 3880 3938 -1 3939 3880 3917 -1 3885 3881 3938 -1 3938 3940 3885 -1 3882 3909 3941 -1 3909 3910 3942 -1 3920 3885 3940 -1 3910 3921 3942 -1 3911 3898 3920 -1 3912 3911 3943 -1 3900 3912 3943 -1 3922 3900 3943 -1 3921 3923 3944 -1 3923 3901 3924 -1 3944 3923 3924 -1 3870 3925 3924 -1 3926 3902 3932 -1 3927 3929 3904 -1 3887 3904 3929 -1 3888 3887 3929 -1 3905 3928 3930 -1 3914 3934 3945 -1 3935 3936 3946 -1 3934 3916 3947 -1 3946 3937 3918 -1 3937 3895 3918 -1 3936 3937 3946 -1 3882 3941 3894 -1 3942 3941 3909 -1 3920 3940 3911 -1 3943 3911 3940 -1 3948 3943 3940 -1 3949 3942 3921 -1 3921 3944 3949 -1 3926 3932 3950 -1 3951 3903 3922 -1 3927 3903 3951 -1 3929 3952 3953 -1 3928 3929 3953 -1 3932 3907 3954 -1 3954 3907 3933 -1 3933 3914 3945 -1 3947 3935 3955 -1 3916 3935 3947 -1 3918 3956 3946 -1 3939 3957 3938 -1 3917 3894 3958 -1 3941 3958 3894 -1 3897 3956 3918 -1 3897 3919 3959 -1 3950 3932 3954 -1 3959 3956 3897 -1 3938 3960 3940 -1 3945 3934 3961 -1 3941 3942 3949 -1 3946 3955 3935 -1 3948 3962 3943 -1 3922 3943 3962 -1 3949 3944 3963 -1 3944 3924 3964 -1 3964 3963 3944 -1 3927 3951 3965 -1 3929 3927 3966 -1 3952 3929 3966 -1 3939 3917 3958 -1 3957 3939 3958 -1 3941 3967 3958 -1 3967 3941 3968 -1 3960 3938 3957 -1 3960 3948 3940 -1 3941 3949 3968 -1 3922 3962 3969 -1 3951 3922 3970 -1 3964 3924 3971 -1 3971 3925 3972 -1 3924 3925 3971 -1 3925 3926 3972 -1 3950 3972 3926 -1 3965 3951 3970 -1 3966 3927 3965 -1 3952 3966 3973 -1 3947 3961 3934 -1 3946 3956 3974 -1 3958 3975 3957 -1 3956 3959 3976 -1 3955 3946 3977 -1 3955 3961 3947 -1 3960 3957 3975 -1 3946 3974 3977 -1 3974 3956 3976 -1 3922 3969 3970 -1 3949 3963 3968 -1 3963 3964 3978 -1 3966 3965 3979 -1 3973 3966 3979 -1 3958 3980 3975 -1 3980 3958 3981 -1 3958 3967 3981 -1 3948 3960 3982 -1 3968 3983 3967 -1 3984 3948 3982 -1 3962 3948 3984 -1 3969 3962 3984 -1 3968 3963 3983 -1 3964 3971 3978 -1 3971 3972 3985 -1 3972 3950 3985 -1 3979 3965 3970 -1 3950 3986 3985 -1 3954 3986 3950 -1 3954 3933 3986 -1 3987 3986 3933 -1 3933 3945 3987 -1 3945 3961 3988 -1 3961 3955 3977 -1 3977 3974 3989 -1 3974 3976 3989 -1 3981 3967 3983 -1 3989 3976 3990 -1 3990 3976 3991 -1 3976 3959 3991 -1 3980 3992 3975 -1 3960 3975 3992 -1 3982 3960 3992 -1 3993 3983 3963 -1 3963 3978 3993 -1 3979 3970 3994 -1 3985 3986 3995 -1 3945 3988 3987 -1 3977 3989 3996 -1 3980 3981 3997 -1 3997 3998 3980 -1 3992 3980 3998 -1 3999 3992 3998 -1 3999 4000 3992 -1 3982 3992 4000 -1 3984 3982 4000 -1 3970 3969 3994 -1 3978 3971 4001 -1 3985 4001 3971 -1 3995 3986 4002 -1 4003 4002 3986 -1 3986 3987 4003 -1 4004 4003 3987 -1 4004 3987 4005 -1 3988 4005 3987 -1 4006 3988 3961 -1 3977 4006 3961 -1 3977 3996 4006 -1 3996 3989 3990 -1 4007 4008 3981 -1 4008 3997 3981 -1 3981 4009 4007 -1 4009 3981 3983 -1 3993 4009 3983 -1 3996 3990 4010 -1 4010 3991 4011 -1 3991 4010 3990 -1 3998 3997 4008 -1 4000 3999 4012 -1 4013 4000 4012 -1 4000 4013 3984 -1 3984 4013 3969 -1 3994 3969 4013 -1 3993 3978 4001 -1 3995 4001 3985 -1 4006 4005 3988 -1 4014 4009 3993 -1 3995 4002 4015 -1 4016 3996 4010 -1 4002 4003 4017 -1 4017 4015 4002 -1 3996 4016 4006 -1 4014 3993 4001 -1 4014 4001 4018 -1 3995 4018 4001 -1 4019 4020 4008 -1 3998 4008 4020 -1 4008 4007 4021 -1 4021 4019 4008 -1 4007 4009 4021 -1 4022 4021 4009 -1 4009 4014 4022 -1 4023 4022 4014 -1 4024 3998 4020 -1 3999 3998 4024 -1 4025 3999 4024 -1 4012 3999 4025 -1 4013 4012 4025 -1 4025 4026 4013 -1 4027 4013 4026 -1 3994 4013 4027 -1 4014 4018 4023 -1 4028 4023 4018 -1 4018 3995 4028 -1 4020 4019 4029 -1 4021 4029 4019 -1 4030 4029 4021 -1 4021 4022 4030 -1 4030 4022 4031 -1 4023 4031 4022 -1 4020 4032 4024 -1 4032 4020 4029 -1 4024 4032 4033 -1 4024 4033 4025 -1 4033 4026 4025 -1 4033 4034 4026 -1 4026 4034 4027 -1 4031 4023 4035 -1 4028 4035 4023 -1 4032 4029 4030 -1 4036 4032 4030 -1 4036 4033 4032 -1 4037 4036 4030 -1 4038 4033 4036 -1 4034 4033 4038 -1 4030 4031 4037 -1 4039 4040 4041 -1 4042 4039 4043 -1 4043 4039 4044 -1 4041 4040 4045 -1 4046 4047 4048 -1 4047 4049 4048 -1 4050 4048 4049 -1 4046 4051 4045 -1 4050 4052 4053 -1 4053 4052 4054 -1 4055 4056 4057 -1 4052 4058 4054 -1 4059 4042 4043 -1 4039 4041 4044 -1 4041 4045 4060 -1 4045 4051 4060 -1 4051 4046 4061 -1 4062 4063 4064 -1 4044 4041 4065 -1 4041 4060 4065 -1 4046 4048 4061 -1 4057 4056 4066 -1 4066 4067 4057 -1 4067 4068 4057 -1 4054 4058 4069 -1 4069 4058 4070 -1 4070 4058 4071 -1 4072 4057 4068 -1 4055 4057 4072 -1 4073 4055 4072 -1 4064 4074 4062 -1 4075 4076 4077 -1 4076 4078 4077 -1 4043 4079 4059 -1 4060 4051 4080 -1 4051 4061 4080 -1 4061 4048 4081 -1 4048 4050 4081 -1 4050 4053 4081 -1 4054 4069 4053 -1 4082 4083 4071 -1 4084 4082 4063 -1 4085 4086 4087 -1 4088 4087 4086 -1 4077 4078 4089 -1 4081 4053 4090 -1 4091 4092 4066 -1 4067 4066 4092 -1 4090 4053 4069 -1 4072 4085 4073 -1 4093 4088 4086 -1 4043 4094 4079 -1 4095 4065 4060 -1 4080 4095 4060 -1 4095 4080 4061 -1 4061 4081 4096 -1 4070 4071 4097 -1 4071 4083 4097 -1 4082 4084 4083 -1 4062 4074 4098 -1 4093 4086 4099 -1 4100 4077 4089 -1 4093 4099 4101 -1 4099 4102 4101 -1 4103 4094 4043 -1 4043 4044 4103 -1 4044 4065 4103 -1 4103 4065 4104 -1 4065 4095 4104 -1 4096 4081 4090 -1 4091 4105 4106 -1 4090 4069 4097 -1 4069 4070 4097 -1 4097 4083 4107 -1 4062 4098 4075 -1 4085 4108 4086 -1 4101 4102 4100 -1 4109 4104 4095 -1 4095 4061 4109 -1 4109 4061 4096 -1 4110 4067 4092 -1 4068 4067 4110 -1 4111 4068 4110 -1 4083 4084 4107 -1 4072 4068 4111 -1 4112 4063 4062 -1 4075 4077 4113 -1 4113 4077 4114 -1 4085 4072 4111 -1 4115 4085 4111 -1 4116 4085 4115 -1 4085 4116 4108 -1 4086 4108 4117 -1 4099 4086 4117 -1 4094 4118 4079 -1 4119 4118 4094 -1 4094 4103 4119 -1 4106 4105 4120 -1 4091 4106 4092 -1 4121 4090 4122 -1 4097 4122 4090 -1 4122 4097 4107 -1 4123 4107 4084 -1 4123 4084 4112 -1 4084 4063 4112 -1 4112 4062 4124 -1 4062 4075 4124 -1 4113 4124 4075 -1 4125 4099 4117 -1 4099 4125 4102 -1 4114 4100 4126 -1 4077 4100 4114 -1 4119 4103 4127 -1 4127 4103 4128 -1 4103 4104 4128 -1 4104 4109 4129 -1 4129 4109 4130 -1 4109 4096 4130 -1 4130 4096 4131 -1 4090 4131 4096 -1 4106 4120 4132 -1 4133 4106 4132 -1 4133 4092 4106 -1 4110 4092 4133 -1 4090 4121 4131 -1 4134 4107 4135 -1 4107 4123 4135 -1 4111 4110 4136 -1 4123 4112 4137 -1 4113 4114 4138 -1 4115 4111 4136 -1 4116 4115 4136 -1 4108 4116 4139 -1 4139 4140 4108 -1 4141 4108 4140 -1 4117 4108 4141 -1 4100 4102 4126 -1 4114 4126 4138 -1 4142 4118 4119 -1 4127 4142 4119 -1 4143 4144 4145 -1 4128 4104 4129 -1 4130 4131 4146 -1 4147 4133 4132 -1 4110 4133 4147 -1 4148 4110 4147 -1 4136 4110 4148 -1 4121 4122 4134 -1 4107 4134 4122 -1 4135 4123 4149 -1 4123 4137 4149 -1 4112 4150 4137 -1 4150 4112 4124 -1 4151 4136 4148 -1 4116 4136 4151 -1 4139 4116 4151 -1 4125 4117 4141 -1 4126 4102 4152 -1 4118 4153 4144 -1 4153 4118 4142 -1 4128 4142 4127 -1 4143 4145 4154 -1 4144 4153 4145 -1 4128 4129 4146 -1 4129 4130 4146 -1 4120 4155 4132 -1 4155 4156 4132 -1 4157 4132 4156 -1 4147 4132 4157 -1 4148 4147 4157 -1 4146 4131 4121 -1 4121 4134 4158 -1 4134 4135 4158 -1 4158 4135 4159 -1 4149 4159 4135 -1 4159 4149 4160 -1 4139 4151 4161 -1 4162 4149 4137 -1 4160 4149 4162 -1 4162 4137 4150 -1 4124 4113 4163 -1 4113 4138 4163 -1 4138 4126 4164 -1 4126 4152 4164 -1 4165 4153 4142 -1 4142 4128 4165 -1 4166 4154 4145 -1 4167 4165 4128 -1 4128 4146 4167 -1 4168 4155 4169 -1 4156 4155 4168 -1 4170 4156 4168 -1 4157 4156 4170 -1 4171 4157 4170 -1 4172 4157 4171 -1 4148 4157 4172 -1 4173 4167 4146 -1 4146 4121 4173 -1 4174 4173 4121 -1 4121 4158 4174 -1 4174 4158 4175 -1 4158 4159 4175 -1 4159 4160 4176 -1 4160 4177 4176 -1 4162 4177 4160 -1 4150 4178 4162 -1 4178 4150 4179 -1 4150 4124 4179 -1 4163 4179 4124 -1 4163 4138 4180 -1 4141 4181 4125 -1 4102 4125 4181 -1 4152 4102 4181 -1 4164 4180 4138 -1 4182 4153 4183 -1 4153 4165 4183 -1 4166 4145 4182 -1 4145 4153 4182 -1 4184 4169 4185 -1 4169 4184 4168 -1 4170 4168 4184 -1 4175 4176 4186 -1 4159 4176 4175 -1 4162 4178 4177 -1 4177 4187 4188 -1 4177 4178 4187 -1 4188 4161 4172 -1 4161 4151 4172 -1 4151 4148 4172 -1 4188 4187 4161 -1 4161 4187 4189 -1 4161 4189 4139 -1 4140 4139 4189 -1 4141 4140 4181 -1 4180 4164 4190 -1 4164 4152 4190 -1 4191 4192 4182 -1 4183 4191 4182 -1 4191 4183 4193 -1 4165 4193 4183 -1 4193 4165 4194 -1 4165 4167 4194 -1 4182 4192 4166 -1 4167 4195 4194 -1 4195 4167 4173 -1 4196 4197 4185 -1 4198 4185 4197 -1 4185 4198 4184 -1 4184 4198 4170 -1 4170 4198 4199 -1 4170 4199 4171 -1 4200 4171 4199 -1 4171 4200 4172 -1 4201 4195 4173 -1 4174 4201 4173 -1 4175 4201 4174 -1 4201 4175 4202 -1 4186 4202 4175 -1 4176 4203 4186 -1 4188 4204 4203 -1 4177 4203 4176 -1 4188 4203 4177 -1 4204 4172 4200 -1 4172 4204 4188 -1 4187 4178 4205 -1 4189 4187 4205 -1 4179 4163 4206 -1 4206 4163 4207 -1 4207 4163 4180 -1 4208 4140 4189 -1 4140 4208 4181 -1 4190 4152 4209 -1 4152 4181 4209 -1 4210 4192 4211 -1 4211 4191 4212 -1 4192 4191 4211 -1 4191 4193 4212 -1 4213 4212 4193 -1 4193 4194 4213 -1 4210 4214 4192 -1 4194 4195 4215 -1 4198 4197 4216 -1 4217 4198 4216 -1 4199 4198 4217 -1 4218 4201 4202 -1 4189 4205 4219 -1 4179 4205 4178 -1 4206 4205 4179 -1 4219 4208 4189 -1 4207 4190 4209 -1 4209 4181 4208 -1 4190 4207 4180 -1 4213 4194 4215 -1 4215 4195 4220 -1 4195 4201 4221 -1 4216 4197 4222 -1 4200 4199 4223 -1 4202 4186 4224 -1 4205 4206 4225 -1 4225 4219 4205 -1 4207 4225 4206 -1 4219 4225 4208 -1 4209 4225 4207 -1 4208 4225 4209 -1 4214 4210 4226 -1 4210 4211 4227 -1 4211 4212 4228 -1 4212 4213 4229 -1 4215 4229 4213 -1 4195 4221 4220 -1 4221 4201 4218 -1 4197 4196 4230 -1 4199 4217 4231 -1 4223 4199 4231 -1 4203 4232 4224 -1 4186 4203 4224 -1 4204 4233 4232 -1 4204 4232 4203 -1 4233 4204 4200 -1 4226 4210 4227 -1 4211 4228 4227 -1 4228 4212 4229 -1 4222 4197 4230 -1 4224 4218 4202 -1 4200 4223 4233 -1 4234 4226 4227 -1 4235 4228 4236 -1 4227 4228 4235 -1 4236 4228 4237 -1 4238 4237 4229 -1 4228 4229 4237 -1 4229 4215 4238 -1 4239 4215 4220 -1 4220 4221 4240 -1 4218 4240 4221 -1 4222 4230 4241 -1 4216 4222 4242 -1 4243 4216 4242 -1 4217 4216 4243 -1 4231 4217 4243 -1 4218 4224 4244 -1 4224 4232 4245 -1 4232 4233 4245 -1 4227 4235 4234 -1 4239 4238 4215 -1 4240 4239 4220 -1 4240 4218 4246 -1 4241 4242 4222 -1 4244 4246 4218 -1 4223 4231 4247 -1 4248 4224 4249 -1 4249 4224 4245 -1 4233 4223 4250 -1 4251 4252 4230 -1 4252 4241 4230 -1 4242 4241 4253 -1 4254 4243 4242 -1 4250 4223 4247 -1 4245 4233 4250 -1 4236 4237 4255 -1 4238 4255 4237 -1 4251 4256 4252 -1 4231 4243 4254 -1 4247 4231 4257 -1 4244 4224 4248 -1 4258 4244 4248 -1 4234 4235 4259 -1 4235 4236 4260 -1 4261 4260 4236 -1 4236 4255 4261 -1 4262 4255 4238 -1 4238 4239 4262 -1 4263 4262 4239 -1 4264 4265 4240 -1 4246 4264 4240 -1 4252 4266 4241 -1 4246 4244 4258 -1 4257 4231 4254 -1 4258 4248 4267 -1 4249 4245 4268 -1 4245 4250 4268 -1 4259 4235 4269 -1 4260 4269 4235 -1 4263 4239 4270 -1 4270 4239 4265 -1 4239 4240 4265 -1 4264 4246 4258 -1 4253 4241 4266 -1 4242 4253 4271 -1 4254 4242 4271 -1 4272 4247 4257 -1 4250 4247 4272 -1 4258 4267 4273 -1 4259 4269 4274 -1 4275 4274 4269 -1 4275 4269 4260 -1 4261 4255 4276 -1 4277 4276 4255 -1 4255 4262 4277 -1 4252 4256 4278 -1 4266 4252 4278 -1 4279 4266 4278 -1 4280 4266 4279 -1 4253 4266 4280 -1 4281 4254 4271 -1 4257 4254 4281 -1 4273 4267 4282 -1 4283 4284 4256 -1 4285 4286 4274 -1 4274 4275 4285 -1 4277 4262 4287 -1 4262 4263 4287 -1 4263 4270 4288 -1 4270 4265 4288 -1 4288 4265 4289 -1 4265 4264 4289 -1 4280 4279 4290 -1 4271 4253 4291 -1 4264 4258 4292 -1 4275 4260 4293 -1 4293 4260 4294 -1 4260 4261 4294 -1 4294 4261 4276 -1 4295 4296 4256 -1 4289 4264 4292 -1 4278 4256 4296 -1 4279 4278 4296 -1 4296 4290 4279 -1 4280 4297 4253 -1 4298 4291 4253 -1 4291 4299 4271 -1 4272 4257 4300 -1 4274 4301 4302 -1 4293 4285 4275 -1 4276 4277 4303 -1 4290 4304 4280 -1 4280 4304 4297 -1 4297 4298 4253 -1 4281 4271 4299 -1 4257 4281 4305 -1 4300 4257 4305 -1 4250 4272 4306 -1 4284 4283 4307 -1 4284 4295 4256 -1 4293 4294 4308 -1 4294 4276 4309 -1 4276 4303 4309 -1 4277 4287 4310 -1 4303 4277 4310 -1 4288 4311 4263 -1 4288 4289 4312 -1 4313 4312 4289 -1 4314 4313 4289 -1 4292 4314 4289 -1 4304 4290 4315 -1 4299 4291 4298 -1 4267 4248 4316 -1 4249 4316 4248 -1 4301 4317 4302 -1 4309 4318 4294 -1 4303 4319 4309 -1 4305 4281 4320 -1 4292 4258 4273 -1 4272 4300 4321 -1 4321 4306 4272 -1 4250 4306 4322 -1 4268 4250 4322 -1 4284 4307 4323 -1 4274 4286 4301 -1 4285 4293 4324 -1 4293 4308 4324 -1 4318 4309 4325 -1 4319 4303 4310 -1 4287 4263 4326 -1 4311 4326 4263 -1 4311 4312 4327 -1 4288 4312 4311 -1 4296 4295 4328 -1 4290 4296 4328 -1 4320 4299 4329 -1 4281 4299 4320 -1 4314 4292 4330 -1 4292 4273 4330 -1 4267 4316 4282 -1 4316 4249 4331 -1 4268 4331 4249 -1 4332 4323 4333 -1 4301 4286 4334 -1 4286 4285 4334 -1 4324 4334 4285 -1 4325 4309 4335 -1 4309 4319 4335 -1 4319 4310 4336 -1 4310 4326 4337 -1 4287 4326 4310 -1 4311 4338 4326 -1 4327 4313 4339 -1 4312 4313 4327 -1 4313 4314 4339 -1 4328 4295 4340 -1 4340 4341 4328 -1 4290 4328 4341 -1 4315 4290 4341 -1 4342 4304 4315 -1 4297 4304 4342 -1 4337 4336 4310 -1 4329 4298 4343 -1 4299 4298 4329 -1 4320 4329 4344 -1 4344 4305 4320 -1 4330 4273 4345 -1 4346 4345 4273 -1 4273 4282 4347 -1 4282 4316 4348 -1 4331 4348 4316 -1 4322 4331 4268 -1 4332 4333 4349 -1 4284 4323 4350 -1 4284 4350 4351 -1 4295 4284 4351 -1 4334 4324 4352 -1 4324 4308 4353 -1 4308 4318 4325 -1 4294 4318 4308 -1 4337 4354 4336 -1 4311 4327 4355 -1 4339 4355 4327 -1 4330 4339 4314 -1 4341 4342 4315 -1 4344 4329 4343 -1 4332 4349 4356 -1 4350 4323 4332 -1 4301 4334 4357 -1 4357 4334 4352 -1 4308 4325 4358 -1 4325 4335 4359 -1 4335 4319 4359 -1 4336 4359 4319 -1 4337 4326 4354 -1 4338 4311 4360 -1 4311 4355 4360 -1 4355 4339 4361 -1 4361 4339 4362 -1 4339 4330 4362 -1 4297 4342 4363 -1 4298 4297 4364 -1 4305 4344 4365 -1 4273 4347 4346 -1 4332 4356 4366 -1 4351 4367 4295 -1 4357 4352 4368 -1 4358 4353 4308 -1 4358 4325 4359 -1 4354 4369 4336 -1 4354 4326 4338 -1 4362 4370 4361 -1 4340 4295 4367 -1 4371 4341 4340 -1 4342 4341 4372 -1 4364 4297 4363 -1 4344 4343 4365 -1 4305 4365 4373 -1 4373 4374 4305 -1 4300 4305 4374 -1 4347 4282 4348 -1 4366 4350 4332 -1 4351 4350 4375 -1 4317 4301 4376 -1 4357 4376 4301 -1 4358 4359 4377 -1 4377 4359 4378 -1 4359 4336 4369 -1 4369 4378 4359 -1 4372 4341 4371 -1 4379 4372 4371 -1 4321 4380 4306 -1 4381 4306 4380 -1 4322 4306 4381 -1 4348 4331 4382 -1 4382 4322 4381 -1 4331 4322 4382 -1 4356 4349 4383 -1 4350 4366 4384 -1 4367 4351 4385 -1 4357 4368 4376 -1 4368 4352 4386 -1 4377 4353 4358 -1 4354 4338 4387 -1 4355 4361 4388 -1 4361 4370 4388 -1 4370 4362 4345 -1 4340 4367 4371 -1 4363 4342 4372 -1 4372 4389 4363 -1 4363 4389 4390 -1 4364 4363 4390 -1 4390 4391 4364 -1 4343 4364 4391 -1 4298 4364 4343 -1 4362 4330 4345 -1 4347 4348 4392 -1 4348 4382 4392 -1 4393 4351 4375 -1 4385 4351 4393 -1 4367 4385 4394 -1 4395 4368 4386 -1 4376 4368 4395 -1 4352 4324 4396 -1 4324 4353 4396 -1 4397 4377 4398 -1 4377 4378 4399 -1 4399 4398 4377 -1 4378 4369 4400 -1 4354 4401 4369 -1 4354 4387 4401 -1 4360 4387 4338 -1 4360 4355 4402 -1 4388 4370 4403 -1 4345 4403 4370 -1 4404 4367 4394 -1 4371 4367 4404 -1 4379 4371 4404 -1 4391 4405 4343 -1 4406 4343 4405 -1 4366 4356 4407 -1 4407 4384 4366 -1 4375 4350 4384 -1 4394 4385 4393 -1 4353 4377 4397 -1 4399 4378 4400 -1 4403 4408 4388 -1 4409 4404 4394 -1 4409 4410 4404 -1 4379 4404 4410 -1 4411 4373 4365 -1 4321 4300 4412 -1 4380 4321 4412 -1 4383 4413 4356 -1 4407 4356 4413 -1 4393 4375 4414 -1 4415 4393 4414 -1 4394 4393 4415 -1 4395 4416 4376 -1 4395 4386 4417 -1 4417 4418 4395 -1 4396 4386 4352 -1 4400 4369 4419 -1 4355 4388 4408 -1 4379 4420 4372 -1 4389 4372 4420 -1 4390 4389 4420 -1 4374 4373 4411 -1 4403 4345 4421 -1 4384 4407 4422 -1 4394 4415 4409 -1 4416 4423 4376 -1 4416 4395 4418 -1 4396 4417 4386 -1 4353 4397 4424 -1 4424 4397 4425 -1 4397 4398 4425 -1 4426 4399 4400 -1 4419 4426 4400 -1 4369 4401 4419 -1 4427 4401 4387 -1 4360 4427 4387 -1 4355 4408 4402 -1 4390 4420 4428 -1 4391 4390 4428 -1 4405 4391 4428 -1 4429 4343 4406 -1 4365 4343 4429 -1 4429 4411 4365 -1 4346 4347 4430 -1 4300 4374 4412 -1 4380 4431 4381 -1 4392 4382 4431 -1 4382 4381 4431 -1 4416 4432 4423 -1 4433 4425 4398 -1 4398 4399 4433 -1 4434 4426 4419 -1 4419 4401 4435 -1 4435 4434 4419 -1 4408 4403 4436 -1 4379 4410 4437 -1 4420 4379 4437 -1 4428 4420 4438 -1 4346 4421 4345 -1 4439 4440 4383 -1 4413 4383 4440 -1 4422 4407 4413 -1 4409 4415 4441 -1 4417 4396 4442 -1 4399 4426 4433 -1 4401 4427 4435 -1 4402 4427 4360 -1 4402 4408 4443 -1 4410 4409 4444 -1 4437 4410 4444 -1 4437 4445 4420 -1 4420 4445 4438 -1 4428 4446 4405 -1 4438 4446 4428 -1 4421 4436 4403 -1 4440 4447 4413 -1 4384 4422 4448 -1 4375 4384 4448 -1 4448 4414 4375 -1 4409 4441 4449 -1 4450 4432 4416 -1 4416 4418 4450 -1 4418 4417 4442 -1 4353 4424 4451 -1 4424 4425 4452 -1 4452 4425 4453 -1 4425 4433 4453 -1 4454 4453 4433 -1 4433 4426 4454 -1 4434 4435 4455 -1 4427 4402 4456 -1 4402 4443 4456 -1 4408 4436 4443 -1 4444 4409 4449 -1 4438 4445 4446 -1 4429 4406 4457 -1 4421 4346 4430 -1 4392 4430 4347 -1 4458 4459 4460 -1 4461 4462 4463 -1 4464 4463 4462 -1 4465 4466 4439 -1 4466 4464 4462 -1 4465 4464 4466 -1 4422 4413 4447 -1 4448 4422 4447 -1 4415 4414 4467 -1 4441 4415 4467 -1 4468 4441 4467 -1 4441 4468 4449 -1 4450 4469 4432 -1 4396 4353 4451 -1 4451 4452 4470 -1 4424 4452 4451 -1 4452 4471 4470 -1 4471 4452 4453 -1 4453 4454 4471 -1 4426 4434 4455 -1 4435 4427 4472 -1 4444 4445 4437 -1 4446 4445 4473 -1 4474 4446 4473 -1 4405 4446 4474 -1 4411 4429 4457 -1 4374 4411 4475 -1 4374 4475 4476 -1 4412 4374 4476 -1 4423 4432 4477 -1 4432 4469 4477 -1 4418 4442 4478 -1 4478 4479 4418 -1 4450 4418 4479 -1 4442 4396 4478 -1 4454 4426 4455 -1 4435 4472 4455 -1 4472 4427 4480 -1 4427 4456 4480 -1 4440 4439 4481 -1 4482 4444 4449 -1 4445 4444 4482 -1 4414 4448 4467 -1 4405 4483 4406 -1 4457 4406 4483 -1 4430 4484 4421 -1 4485 4412 4476 -1 4380 4412 4485 -1 4392 4486 4430 -1 4460 4459 4487 -1 4461 4460 4487 -1 4448 4447 4488 -1 4467 4448 4488 -1 4479 4469 4450 -1 4478 4396 4489 -1 4396 4451 4489 -1 4470 4489 4451 -1 4470 4471 4490 -1 4471 4454 4491 -1 4491 4490 4471 -1 4454 4472 4491 -1 4492 4423 4477 -1 4477 4493 4492 -1 4454 4455 4472 -1 4443 4436 4484 -1 4449 4468 4494 -1 4482 4449 4494 -1 4473 4445 4482 -1 4483 4405 4474 -1 4457 4475 4411 -1 4436 4421 4484 -1 4484 4430 4486 -1 4487 4495 4461 -1 4462 4461 4495 -1 4462 4495 4466 -1 4488 4447 4440 -1 4496 4467 4488 -1 4468 4467 4496 -1 4478 4469 4479 -1 4491 4472 4497 -1 4497 4490 4491 -1 4443 4484 4456 -1 4494 4498 4482 -1 4473 4482 4498 -1 4499 4473 4498 -1 4499 4474 4473 -1 4380 4485 4500 -1 4501 4380 4500 -1 4431 4380 4501 -1 4486 4392 4502 -1 4392 4431 4501 -1 4501 4502 4392 -1 4439 4466 4503 -1 4466 4495 4503 -1 4481 4439 4503 -1 4496 4488 4504 -1 4478 4489 4505 -1 4489 4470 4506 -1 4470 4490 4507 -1 4480 4497 4472 -1 4494 4468 4496 -1 4508 4494 4496 -1 4498 4494 4508 -1 4508 4499 4498 -1 4509 4457 4483 -1 4475 4457 4509 -1 4459 4458 4510 -1 4440 4481 4511 -1 4512 4496 4504 -1 4469 4478 4513 -1 4506 4505 4489 -1 4506 4470 4507 -1 4507 4490 4497 -1 4497 4480 4514 -1 4480 4456 4514 -1 4515 4499 4508 -1 4483 4474 4516 -1 4483 4516 4509 -1 4484 4486 4517 -1 4518 4459 4519 -1 4459 4510 4519 -1 4487 4459 4518 -1 4518 4495 4487 -1 4518 4520 4521 -1 4522 4518 4521 -1 4495 4518 4522 -1 4503 4495 4522 -1 4503 4511 4481 -1 4523 4522 4521 -1 4522 4524 4503 -1 4524 4522 4523 -1 4477 4469 4513 -1 4525 4477 4513 -1 4513 4478 4505 -1 4493 4477 4525 -1 4526 4527 4525 -1 4526 4525 4528 -1 4456 4484 4529 -1 4508 4496 4512 -1 4499 4516 4474 -1 4517 4529 4484 -1 4485 4476 4530 -1 4500 4485 4530 -1 4531 4500 4530 -1 4500 4531 4501 -1 4532 4531 4530 -1 4533 4517 4486 -1 4486 4502 4533 -1 4534 4533 4502 -1 4502 4501 4534 -1 4531 4534 4501 -1 4535 4534 4531 -1 4513 4536 4525 -1 4536 4513 4537 -1 4506 4538 4505 -1 4506 4507 4539 -1 4539 4538 4506 -1 4539 4507 4540 -1 4507 4497 4540 -1 4527 4526 4541 -1 4520 4542 4521 -1 4543 4541 4526 -1 4528 4525 4536 -1 4544 4545 4518 -1 4519 4544 4518 -1 4546 4544 4519 -1 4543 4526 4528 -1 4519 4547 4546 -1 4510 4547 4519 -1 4545 4520 4518 -1 4514 4456 4548 -1 4456 4529 4548 -1 4549 4521 4542 -1 4550 4521 4549 -1 4521 4550 4523 -1 4512 4551 4508 -1 4551 4515 4508 -1 4552 4499 4515 -1 4516 4499 4552 -1 4552 4553 4516 -1 4488 4440 4554 -1 4504 4488 4554 -1 4516 4553 4509 -1 4440 4511 4554 -1 4512 4504 4551 -1 4530 4476 4555 -1 4530 4556 4532 -1 4557 4531 4532 -1 4517 4533 4558 -1 4558 4533 4559 -1 4560 4533 4534 -1 4535 4560 4534 -1 4533 4560 4559 -1 4560 4535 4561 -1 4535 4531 4557 -1 4541 4562 4563 -1 4520 4545 4564 -1 4564 4542 4520 -1 4544 4564 4545 -1 4511 4503 4565 -1 4524 4565 4503 -1 4550 4549 4566 -1 4567 4550 4568 -1 4523 4550 4567 -1 4524 4523 4567 -1 4568 4550 4566 -1 4505 4537 4513 -1 4569 4537 4505 -1 4505 4538 4569 -1 4562 4541 4570 -1 4543 4570 4541 -1 4543 4528 4571 -1 4514 4540 4497 -1 4509 4553 4572 -1 4475 4509 4572 -1 4517 4573 4529 -1 4572 4555 4475 -1 4476 4475 4555 -1 4574 4555 4575 -1 4574 4556 4555 -1 4555 4556 4530 -1 4556 4576 4532 -1 4557 4532 4576 -1 4573 4558 4577 -1 4558 4573 4517 -1 4559 4577 4558 -1 4578 4560 4561 -1 4559 4560 4578 -1 4576 4579 4557 -1 4580 4557 4579 -1 4580 4535 4557 -1 4580 4581 4535 -1 4561 4535 4581 -1 4562 4582 4563 -1 4547 4583 4546 -1 4544 4546 4584 -1 4544 4585 4564 -1 4549 4542 4586 -1 4586 4542 4564 -1 4524 4567 4587 -1 4504 4554 4588 -1 4589 4504 4588 -1 4554 4511 4590 -1 4565 4590 4511 -1 4551 4504 4591 -1 4537 4571 4536 -1 4537 4592 4571 -1 4537 4569 4592 -1 4592 4569 4593 -1 4569 4538 4594 -1 4595 4594 4538 -1 4538 4539 4595 -1 4540 4595 4539 -1 4543 4571 4596 -1 4528 4536 4571 -1 4597 4514 4548 -1 4548 4529 4598 -1 4599 4551 4591 -1 4515 4551 4599 -1 4552 4515 4600 -1 4553 4552 4601 -1 4572 4553 4602 -1 4529 4573 4598 -1 4603 4555 4572 -1 4604 4574 4575 -1 4576 4556 4574 -1 4605 4576 4574 -1 4561 4606 4578 -1 4561 4581 4606 -1 4582 4562 4607 -1 4583 4584 4546 -1 4585 4544 4608 -1 4564 4609 4586 -1 4610 4549 4586 -1 4566 4549 4610 -1 4611 4566 4610 -1 4568 4566 4611 -1 4588 4554 4590 -1 4591 4504 4589 -1 4593 4569 4612 -1 4569 4594 4612 -1 4613 4571 4592 -1 4597 4595 4540 -1 4540 4514 4597 -1 4597 4548 4614 -1 4548 4598 4614 -1 4515 4599 4600 -1 4600 4601 4552 -1 4553 4601 4602 -1 4602 4603 4572 -1 4575 4555 4603 -1 4573 4577 4615 -1 4598 4573 4615 -1 4616 4615 4577 -1 4577 4559 4578 -1 4578 4616 4577 -1 4581 4580 4617 -1 4580 4579 4617 -1 4562 4570 4618 -1 4544 4584 4608 -1 4610 4586 4619 -1 4565 4524 4587 -1 4591 4589 4620 -1 4612 4594 4621 -1 4594 4595 4622 -1 4622 4621 4594 -1 4623 4622 4595 -1 4595 4624 4623 -1 4596 4625 4543 -1 4625 4618 4570 -1 4570 4543 4625 -1 4595 4597 4624 -1 4597 4614 4624 -1 4600 4599 4626 -1 4601 4600 4626 -1 4627 4601 4626 -1 4602 4601 4627 -1 4574 4604 4605 -1 4616 4578 4628 -1 4578 4629 4628 -1 4629 4606 4630 -1 4578 4606 4629 -1 4606 4581 4631 -1 4632 4581 4617 -1 4633 4576 4634 -1 4579 4576 4633 -1 4617 4579 4633 -1 4635 4617 4633 -1 4562 4618 4636 -1 4607 4562 4636 -1 4637 4638 4585 -1 4564 4585 4638 -1 4639 4593 4640 -1 4592 4593 4639 -1 4640 4593 4612 -1 4585 4608 4637 -1 4586 4609 4619 -1 4609 4564 4638 -1 4612 4621 4641 -1 4610 4619 4642 -1 4611 4610 4642 -1 4643 4568 4611 -1 4621 4622 4644 -1 4587 4567 4645 -1 4645 4568 4643 -1 4567 4568 4645 -1 4588 4590 4646 -1 4646 4647 4588 -1 4648 4646 4590 -1 4590 4565 4648 -1 4589 4588 4647 -1 4624 4614 4649 -1 4649 4614 4650 -1 4614 4598 4650 -1 4620 4651 4591 -1 4599 4591 4651 -1 4651 4652 4599 -1 4626 4599 4652 -1 4653 4626 4652 -1 4627 4654 4602 -1 4655 4602 4654 -1 4603 4602 4655 -1 4656 4603 4655 -1 4575 4603 4656 -1 4605 4604 4657 -1 4615 4616 4658 -1 4631 4630 4606 -1 4631 4581 4632 -1 4634 4576 4605 -1 4632 4617 4635 -1 4637 4608 4659 -1 4565 4587 4648 -1 4660 4589 4647 -1 4620 4589 4660 -1 4613 4592 4639 -1 4661 4612 4641 -1 4641 4621 4662 -1 4644 4662 4621 -1 4622 4663 4644 -1 4596 4571 4664 -1 4571 4613 4664 -1 4623 4624 4665 -1 4666 4665 4624 -1 4666 4624 4649 -1 4650 4598 4667 -1 4627 4626 4668 -1 4667 4598 4615 -1 4604 4575 4656 -1 4658 4669 4615 -1 4628 4629 4670 -1 4671 4607 4672 -1 4673 4607 4671 -1 4672 4607 4674 -1 4607 4636 4674 -1 4638 4637 4659 -1 4619 4609 4675 -1 4609 4638 4675 -1 4642 4619 4676 -1 4642 4643 4611 -1 4587 4645 4677 -1 4648 4587 4677 -1 4646 4648 4678 -1 4647 4646 4660 -1 4679 4620 4660 -1 4613 4639 4680 -1 4639 4640 4681 -1 4680 4639 4681 -1 4640 4612 4661 -1 4661 4681 4640 -1 4641 4662 4682 -1 4683 4662 4644 -1 4663 4683 4644 -1 4622 4623 4684 -1 4625 4596 4664 -1 4665 4684 4623 -1 4649 4650 4685 -1 4650 4667 4685 -1 4652 4686 4653 -1 4668 4626 4653 -1 4687 4627 4668 -1 4654 4627 4687 -1 4656 4655 4654 -1 4688 4656 4654 -1 4667 4615 4669 -1 4604 4656 4689 -1 4657 4604 4689 -1 4605 4657 4690 -1 4628 4691 4658 -1 4616 4628 4658 -1 4628 4670 4691 -1 4670 4630 4692 -1 4629 4630 4670 -1 4633 4634 4693 -1 4635 4633 4693 -1 4632 4635 4694 -1 4694 4695 4632 -1 4671 4696 4673 -1 4636 4618 4697 -1 4675 4676 4619 -1 4642 4676 4698 -1 4698 4643 4642 -1 4677 4645 4699 -1 4643 4699 4645 -1 4678 4648 4700 -1 4646 4678 4660 -1 4679 4701 4620 -1 4651 4620 4701 -1 4679 4660 4702 -1 4680 4681 4703 -1 4661 4703 4681 -1 4703 4641 4682 -1 4661 4641 4703 -1 4622 4684 4663 -1 4625 4664 4704 -1 4618 4625 4705 -1 4697 4618 4705 -1 4705 4625 4704 -1 4664 4613 4706 -1 4706 4613 4680 -1 4666 4649 4707 -1 4649 4685 4707 -1 4708 4707 4685 -1 4685 4667 4669 -1 4652 4651 4686 -1 4668 4653 4709 -1 4689 4656 4688 -1 4690 4657 4689 -1 4669 4658 4710 -1 4710 4658 4691 -1 4691 4670 4692 -1 4605 4690 4634 -1 4632 4695 4631 -1 4635 4693 4694 -1 4697 4674 4636 -1 4698 4676 4711 -1 4700 4677 4699 -1 4648 4677 4700 -1 4700 4712 4678 -1 4660 4678 4712 -1 4702 4660 4712 -1 4701 4679 4713 -1 4714 4706 4680 -1 4680 4703 4714 -1 4662 4715 4682 -1 4715 4662 4716 -1 4662 4683 4716 -1 4706 4704 4664 -1 4684 4665 4717 -1 4708 4685 4669 -1 4701 4686 4651 -1 4653 4686 4718 -1 4709 4653 4718 -1 4719 4654 4687 -1 4688 4654 4719 -1 4689 4688 4720 -1 4690 4689 4720 -1 4710 4691 4692 -1 4634 4690 4721 -1 4631 4722 4630 -1 4631 4695 4723 -1 4695 4724 4723 -1 4694 4724 4695 -1 4698 4711 4725 -1 4643 4698 4725 -1 4726 4643 4725 -1 4727 4700 4699 -1 4699 4643 4726 -1 4712 4700 4727 -1 4728 4729 4701 -1 4730 4679 4702 -1 4713 4679 4730 -1 4714 4703 4731 -1 4703 4682 4731 -1 4715 4732 4682 -1 4716 4683 4733 -1 4683 4663 4733 -1 4663 4684 4717 -1 4717 4733 4663 -1 4704 4706 4734 -1 4734 4706 4714 -1 4735 4717 4665 -1 4735 4666 4736 -1 4665 4666 4735 -1 4736 4707 4737 -1 4666 4707 4736 -1 4686 4701 4729 -1 4718 4686 4738 -1 4709 4739 4668 -1 4740 4668 4739 -1 4687 4668 4740 -1 4720 4688 4719 -1 4721 4690 4720 -1 4708 4669 4710 -1 4710 4692 4741 -1 4741 4692 4630 -1 4634 4721 4742 -1 4722 4741 4630 -1 4722 4631 4723 -1 4693 4634 4742 -1 4693 4724 4694 -1 4696 4671 4743 -1 4672 4743 4671 -1 4743 4674 4744 -1 4672 4674 4743 -1 4674 4697 4744 -1 4734 4714 4745 -1 4731 4682 4732 -1 4732 4715 4746 -1 4747 4746 4715 -1 4715 4716 4747 -1 4716 4733 4747 -1 4733 4717 4748 -1 4749 4705 4750 -1 4705 4704 4750 -1 4697 4705 4749 -1 4704 4734 4750 -1 4707 4708 4751 -1 4738 4686 4729 -1 4738 4752 4718 -1 4709 4718 4752 -1 4739 4709 4753 -1 4754 4687 4740 -1 4676 4675 4755 -1 4711 4676 4755 -1 4756 4725 4711 -1 4719 4687 4757 -1 4719 4721 4720 -1 4758 4726 4725 -1 4708 4710 4741 -1 4759 4712 4760 -1 4702 4712 4759 -1 4730 4702 4759 -1 4728 4701 4761 -1 4713 4761 4701 -1 4693 4742 4724 -1 4762 4696 4743 -1 4711 4755 4756 -1 4725 4756 4763 -1 4758 4725 4763 -1 4699 4726 4758 -1 4727 4699 4764 -1 4758 4764 4699 -1 4712 4727 4760 -1 4730 4761 4713 -1 4731 4745 4714 -1 4732 4765 4731 -1 4749 4750 4766 -1 4697 4749 4744 -1 4750 4734 4745 -1 4717 4735 4748 -1 4738 4729 4767 -1 4752 4738 4767 -1 4768 4709 4752 -1 4753 4709 4768 -1 4754 4739 4753 -1 4740 4739 4754 -1 4708 4741 4769 -1 4742 4721 4770 -1 4724 4742 4771 -1 4723 4724 4771 -1 4722 4723 4772 -1 4743 4744 4762 -1 4745 4731 4773 -1 4773 4731 4765 -1 4746 4765 4732 -1 4746 4747 4774 -1 4775 4749 4766 -1 4750 4745 4766 -1 4707 4751 4737 -1 4751 4708 4776 -1 4777 4729 4728 -1 4767 4729 4777 -1 4756 4755 4778 -1 4757 4687 4754 -1 4769 4776 4708 -1 4757 4779 4719 -1 4727 4764 4780 -1 4758 4763 4764 -1 4780 4781 4727 -1 4721 4719 4779 -1 4760 4727 4781 -1 4769 4741 4782 -1 4782 4741 4772 -1 4772 4741 4722 -1 4771 4772 4723 -1 4742 4770 4771 -1 4762 4744 4783 -1 4744 4775 4783 -1 4763 4778 4784 -1 4756 4778 4763 -1 4780 4763 4784 -1 4764 4763 4780 -1 4746 4774 4765 -1 4760 4781 4785 -1 4759 4760 4786 -1 4786 4787 4759 -1 4730 4788 4761 -1 4728 4761 4788 -1 4730 4759 4787 -1 4788 4730 4787 -1 4744 4749 4775 -1 4775 4766 4789 -1 4766 4745 4790 -1 4790 4745 4773 -1 4748 4735 4791 -1 4735 4736 4791 -1 4791 4736 4792 -1 4736 4737 4792 -1 4793 4777 4728 -1 4768 4752 4794 -1 4795 4779 4757 -1 4779 4795 4770 -1 4721 4779 4770 -1 4782 4796 4769 -1 4782 4772 4797 -1 4772 4771 4797 -1 4797 4771 4798 -1 4771 4770 4798 -1 4783 4799 4762 -1 4783 4775 4800 -1 4780 4784 4801 -1 4801 4802 4780 -1 4802 4803 4780 -1 4781 4780 4804 -1 4804 4780 4803 -1 4786 4760 4785 -1 4787 4786 4785 -1 4788 4787 4805 -1 4805 4793 4788 -1 4728 4788 4793 -1 4790 4773 4806 -1 4807 4747 4808 -1 4774 4747 4807 -1 4747 4733 4808 -1 4748 4808 4733 -1 4775 4789 4800 -1 4789 4766 4809 -1 4809 4766 4790 -1 4791 4810 4748 -1 4737 4751 4792 -1 4776 4811 4751 -1 4793 4812 4777 -1 4767 4777 4812 -1 4794 4767 4812 -1 4752 4767 4794 -1 4795 4798 4770 -1 4811 4776 4796 -1 4776 4769 4796 -1 4796 4782 4813 -1 4799 4783 4814 -1 4800 4814 4783 -1 4785 4781 4804 -1 4806 4773 4765 -1 4774 4815 4765 -1 4816 4789 4809 -1 4816 4800 4789 -1 4792 4817 4791 -1 4792 4751 4811 -1 4768 4794 4818 -1 4753 4768 4818 -1 4819 4754 4753 -1 4820 4757 4754 -1 4795 4757 4820 -1 4821 4798 4795 -1 4782 4797 4813 -1 4797 4798 4821 -1 4799 4814 4822 -1 4803 4802 4823 -1 4824 4803 4823 -1 4825 4804 4826 -1 4826 4804 4803 -1 4785 4827 4787 -1 4827 4785 4825 -1 4805 4787 4827 -1 4804 4825 4785 -1 4765 4815 4806 -1 4815 4774 4807 -1 4808 4748 4810 -1 4814 4800 4828 -1 4816 4829 4828 -1 4800 4816 4828 -1 4816 4809 4830 -1 4829 4816 4830 -1 4830 4809 4831 -1 4809 4790 4831 -1 4831 4790 4806 -1 4832 4810 4791 -1 4817 4832 4791 -1 4811 4817 4792 -1 4819 4753 4818 -1 4820 4754 4819 -1 4795 4833 4821 -1 4811 4796 4834 -1 4796 4813 4834 -1 4797 4835 4813 -1 4836 4797 4821 -1 4797 4836 4835 -1 4822 4814 4828 -1 4806 4815 4837 -1 4808 4838 4807 -1 4808 4810 4839 -1 4839 4838 4808 -1 4840 4839 4810 -1 4830 4831 4841 -1 4829 4830 4841 -1 4831 4806 4837 -1 4841 4831 4837 -1 4810 4832 4840 -1 4842 4812 4793 -1 4794 4812 4843 -1 4843 4844 4794 -1 4818 4794 4844 -1 4844 4819 4818 -1 4826 4803 4824 -1 4820 4833 4795 -1 4845 4821 4833 -1 4805 4842 4793 -1 4813 4846 4834 -1 4813 4835 4846 -1 4845 4836 4821 -1 4847 4822 4848 -1 4849 4848 4822 -1 4822 4828 4849 -1 4850 4849 4828 -1 4826 4824 4851 -1 4825 4826 4851 -1 4824 4823 4852 -1 4853 4827 4854 -1 4805 4827 4853 -1 4842 4805 4853 -1 4853 4855 4842 -1 4827 4825 4851 -1 4854 4827 4851 -1 4837 4815 4856 -1 4815 4807 4856 -1 4856 4807 4838 -1 4850 4829 4857 -1 4828 4829 4850 -1 4858 4857 4829 -1 4829 4841 4858 -1 4841 4837 4859 -1 4859 4858 4841 -1 4856 4859 4837 -1 4840 4832 4860 -1 4832 4817 4860 -1 4812 4842 4855 -1 4843 4812 4855 -1 4843 4861 4844 -1 4819 4844 4861 -1 4861 4862 4819 -1 4820 4819 4862 -1 4862 4863 4820 -1 4863 4864 4820 -1 4833 4820 4864 -1 4864 4845 4833 -1 4860 4817 4865 -1 4817 4811 4865 -1 4865 4834 4866 -1 4811 4834 4865 -1 4834 4846 4866 -1 4866 4846 4867 -1 4846 4835 4867 -1 4835 4836 4868 -1 4868 4867 4835 -1 4848 4849 4869 -1 4849 4850 4869 -1 4870 4871 4856 -1 4856 4838 4870 -1 4872 4870 4838 -1 4838 4839 4872 -1 4869 4850 4873 -1 4850 4857 4873 -1 4873 4857 4874 -1 4858 4874 4857 -1 4874 4858 4875 -1 4858 4859 4871 -1 4875 4858 4871 -1 4856 4871 4859 -1 4839 4840 4876 -1 4860 4876 4840 -1 4877 4876 4860 -1 4878 4879 4855 -1 4843 4855 4879 -1 4861 4843 4879 -1 4879 4880 4861 -1 4880 4881 4861 -1 4861 4882 4862 -1 4881 4882 4861 -1 4863 4862 4882 -1 4883 4863 4882 -1 4851 4824 4884 -1 4885 4851 4884 -1 4824 4852 4884 -1 4864 4863 4883 -1 4853 4854 4886 -1 4887 4845 4864 -1 4886 4878 4853 -1 4860 4865 4877 -1 4888 4877 4865 -1 4853 4878 4855 -1 4854 4851 4885 -1 4886 4854 4885 -1 4865 4866 4888 -1 4888 4866 4889 -1 4889 4866 4890 -1 4866 4867 4890 -1 4868 4836 4887 -1 4890 4867 4868 -1 4836 4845 4887 -1 4869 4891 4848 -1 4892 4893 4894 -1 4894 4893 4885 -1 4885 4884 4894 -1 4885 4895 4886 -1 4893 4895 4885 -1 4895 4896 4897 -1 4895 4897 4886 -1 4886 4897 4878 -1 4896 4898 4897 -1 4878 4897 4898 -1 4899 4900 4901 -1 4902 4903 4904 -1 4902 4899 4903 -1 4905 4903 4899 -1 4899 4901 4905 -1 4901 4906 4905 -1 4903 4905 4906 -1 4904 4903 4907 -1 4903 4906 4907 -1 4906 4901 4871 -1 4906 4871 4870 -1 4906 4870 4907 -1 4908 4907 4870 -1 4872 4908 4870 -1 4872 4839 4876 -1 4909 4891 4869 -1 4873 4909 4869 -1 4909 4873 4910 -1 4910 4900 4909 -1 4910 4873 4874 -1 4900 4910 4875 -1 4875 4910 4874 -1 4900 4875 4911 -1 4901 4900 4911 -1 4901 4911 4871 -1 4871 4911 4875 -1 4876 4912 4913 -1 4876 4877 4912 -1 4912 4914 4913 -1 4915 4914 4912 -1 4912 4877 4915 -1 4916 4881 4917 -1 4917 4881 4880 -1 4916 4918 4919 -1 4919 4918 4920 -1 4881 4916 4882 -1 4919 4882 4916 -1 4921 4882 4919 -1 4882 4921 4883 -1 4922 4883 4921 -1 4883 4922 4864 -1 4923 4922 4921 -1 4864 4922 4887 -1 4877 4888 4915 -1 4915 4889 4924 -1 4915 4888 4889 -1 4925 4924 4889 -1 4924 4925 4923 -1 4925 4889 4890 -1 4925 4922 4923 -1 4922 4925 4868 -1 4925 4890 4868 -1 4887 4922 4868 -1 4898 4926 4878 -1 4927 4904 4907 -1 4928 4907 4908 -1 4929 4876 4913 -1 4914 4930 4913 -1 4931 4932 4918 -1 4933 4932 4930 -1 4930 4914 4933 -1 4914 4915 4933 -1 4879 4878 4926 -1 4880 4879 4926 -1 4917 4880 4934 -1 4916 4917 4934 -1 4935 4916 4934 -1 4918 4916 4935 -1 4920 4918 4932 -1 4932 4933 4920 -1 4936 4920 4933 -1 4936 4921 4920 -1 4933 4915 4936 -1 4936 4915 4924 -1 4921 4919 4920 -1 4923 4921 4936 -1 4924 4923 4936 -1 4898 4937 4926 -1 4927 4907 4928 -1 4928 4908 4938 -1 4908 4872 4938 -1 4872 4929 4938 -1 4872 4876 4929 -1 4929 4913 4939 -1 4930 4939 4913 -1 4930 4940 4939 -1 4918 4935 4931 -1 4940 4932 4931 -1 4930 4932 4940 -1 4880 4926 4941 -1 4941 4934 4880 -1 4927 4928 4942 -1 4943 4928 4938 -1 4942 4928 4943 -1 4939 4944 4929 -1 4944 4939 4945 -1 4939 4940 4945 -1 4940 4931 4946 -1 4945 4940 4946 -1 4941 4926 4947 -1 4934 4941 4947 -1 4948 4934 4947 -1 4948 4935 4934 -1 4943 4938 4949 -1 4950 4949 4938 -1 4938 4929 4950 -1 4929 4944 4950 -1 4946 4931 4951 -1 4931 4935 4951 -1 4926 4937 4952 -1 4947 4926 4952 -1 4951 4935 4948 -1 4950 4944 4953 -1 4954 4953 4944 -1 4944 4945 4954 -1 4954 4945 4955 -1 4945 4946 4955 -1 4955 4946 4956 -1 4946 4951 4956 -1 4956 4951 4957 -1 4947 4952 4958 -1 4958 4948 4947 -1 4948 4957 4951 -1 4942 4943 4959 -1 4959 4949 4960 -1 4943 4949 4959 -1 4960 4950 4961 -1 4949 4950 4960 -1 4953 4961 4950 -1 4953 4954 4962 -1 4962 4954 4963 -1 4954 4955 4963 -1 4964 4965 4956 -1 4955 4956 4965 -1 4963 4955 4965 -1 4956 4957 4964 -1 4948 4958 4966 -1 4966 4957 4948 -1 4959 4960 4967 -1 4961 4967 4960 -1 4961 4953 4962 -1 4964 4957 4968 -1 4957 4966 4968 -1 4969 4970 4967 -1 4967 4961 4969 -1 4971 4969 4961 -1 4962 4971 4961 -1 4971 4962 4972 -1 4963 4972 4962 -1 4972 4963 4973 -1 4974 4973 4965 -1 4963 4965 4973 -1 4974 4964 4968 -1 4974 4965 4964 -1 4975 4976 4977 -1 4970 4969 4976 -1 4977 4976 4969 -1 4977 4969 4971 -1 4975 4977 4971 -1 4978 4979 4968 -1 4980 4981 4982 -1 4982 4975 4983 -1 4975 4971 4983 -1 4982 4983 4980 -1 4983 4971 4972 -1 4980 4983 4972 -1 4980 4972 4973 -1 4979 4974 4968 -1 4979 4973 4974 -1 4973 4979 4980 -1 4984 4985 4986 -1 4985 4984 4987 -1 4988 4984 4986 -1 4985 4987 4989 -1 4986 4990 4988 -1 4986 4985 4991 -1 4989 4991 4985 -1 4992 4993 4994 -1 4986 4991 4995 -1 4996 4989 4997 -1 4991 4989 4996 -1 4998 4990 4995 -1 4995 4999 4998 -1 4990 4986 4995 -1 4994 4993 5000 -1 4992 4994 5001 -1 5001 4996 4997 -1 4997 4992 5001 -1 5002 4991 4996 -1 4995 4991 5002 -1 4995 5003 4999 -1 5004 5005 5006 -1 4993 5006 5005 -1 4996 5001 5007 -1 5002 4996 5008 -1 4999 5003 5009 -1 5003 4995 5002 -1 5010 5011 5012 -1 5004 5011 5010 -1 5005 5000 4993 -1 5001 4994 5000 -1 4996 5007 5013 -1 5013 5008 4996 -1 5009 5003 5014 -1 5002 5008 5015 -1 5015 5003 5002 -1 5016 5005 5004 -1 5000 5005 5016 -1 5000 5007 5001 -1 5009 5014 5017 -1 5015 5008 5013 -1 5003 5015 5014 -1 5016 5004 5010 -1 5000 5016 5018 -1 5018 5007 5000 -1 5017 5014 5019 -1 5015 5013 5020 -1 5012 5021 5022 -1 5010 5023 5016 -1 5014 5015 5020 -1 5024 5014 5020 -1 5022 5021 5025 -1 5026 5027 5012 -1 5012 5027 5010 -1 5018 5016 5023 -1 5007 5018 5028 -1 5013 5007 5028 -1 5020 5013 5028 -1 5019 5014 5024 -1 5024 5029 5019 -1 5030 5019 5029 -1 5012 5022 5026 -1 5023 5010 5027 -1 5018 5023 5031 -1 5031 5028 5018 -1 5028 5031 5032 -1 5020 5028 5032 -1 5029 5024 5033 -1 5034 5020 5032 -1 5024 5020 5034 -1 5035 5030 5029 -1 5036 5037 5038 -1 5038 5037 5039 -1 5027 5026 5040 -1 5034 5033 5024 -1 5041 5029 5033 -1 5035 5029 5041 -1 5039 5042 5043 -1 5043 5044 5039 -1 5043 5042 5045 -1 5046 5047 5048 -1 5022 5025 5049 -1 5049 5050 5022 -1 5026 5022 5050 -1 5050 5040 5026 -1 5023 5027 5040 -1 5051 5023 5040 -1 5031 5023 5051 -1 5051 5052 5031 -1 5032 5031 5052 -1 5053 5032 5052 -1 5034 5032 5053 -1 5053 5054 5034 -1 5033 5034 5054 -1 5054 5055 5033 -1 5056 5033 5055 -1 5041 5033 5056 -1 5047 5057 5048 -1 5058 5048 5057 -1 5058 5059 5060 -1 5059 5061 5060 -1 5061 5036 5060 -1 5062 5060 5036 -1 5036 5038 5062 -1 5038 5039 5044 -1 5044 5062 5038 -1 5043 5063 5044 -1 5064 5063 5043 -1 5064 5043 5045 -1 5065 5066 5049 -1 5065 5067 5068 -1 5067 5069 5068 -1 5068 5069 5070 -1 5066 5065 5068 -1 5071 5068 5070 -1 5072 5073 5074 -1 5073 5072 5075 -1 5076 5077 5075 -1 5078 5048 5058 -1 5058 5060 5078 -1 5078 5060 5079 -1 5072 5046 5076 -1 5079 5060 5080 -1 5076 5046 5081 -1 5046 5048 5081 -1 5082 5060 5062 -1 5076 5075 5072 -1 5060 5082 5080 -1 5044 5063 5062 -1 5069 5075 5077 -1 5062 5063 5082 -1 5082 5083 5084 -1 5070 5069 5077 -1 5084 5080 5082 -1 5066 5050 5049 -1 5066 5085 5050 -1 5083 5086 5084 -1 5087 5050 5085 -1 5040 5050 5087 -1 5083 5088 5086 -1 5089 5040 5087 -1 5051 5040 5089 -1 5051 5090 5052 -1 5089 5091 5051 -1 5051 5091 5090 -1 5052 5090 5092 -1 5090 5093 5094 -1 5094 5093 5095 -1 5092 5090 5096 -1 5052 5092 5053 -1 5092 5096 5097 -1 5090 5094 5096 -1 5096 5094 5098 -1 5094 5095 5098 -1 5095 5099 5098 -1 5053 5097 5054 -1 5100 5054 5097 -1 5055 5054 5100 -1 5101 5055 5100 -1 5097 5053 5092 -1 5055 5101 5056 -1 5102 5064 5045 -1 5064 5102 5103 -1 5104 5105 5106 -1 5106 5105 5067 -1 5107 5071 5070 -1 5073 5104 5074 -1 5069 5104 5075 -1 5105 5104 5069 -1 5075 5104 5073 -1 5077 5076 5108 -1 5076 5081 5108 -1 5069 5067 5105 -1 5077 5108 5109 -1 5077 5109 5070 -1 5068 5071 5066 -1 5110 5071 5107 -1 5066 5071 5110 -1 5066 5110 5085 -1 5091 5093 5090 -1 5111 5096 5098 -1 5112 5095 5093 -1 5099 5095 5112 -1 5099 5112 5113 -1 5099 5113 5114 -1 5097 5096 5111 -1 5097 5111 5115 -1 5100 5097 5115 -1 5100 5116 5101 -1 5100 5115 5116 -1 5099 5114 5098 -1 5111 5098 5114 -1 5117 5111 5114 -1 5115 5111 5118 -1 5111 5117 5118 -1 5113 5119 5114 -1 5120 5114 5119 -1 5081 5048 5121 -1 5063 5122 5082 -1 5083 5082 5122 -1 5063 5123 5122 -1 5084 5124 5080 -1 5083 5122 5088 -1 5063 5064 5123 -1 5064 5103 5123 -1 5103 5102 5125 -1 5126 5123 5103 -1 5103 5125 5126 -1 5122 5123 5088 -1 5126 5088 5123 -1 5127 5108 5128 -1 5081 5128 5108 -1 5081 5121 5128 -1 5109 5108 5127 -1 5107 5070 5109 -1 5087 5085 5129 -1 5091 5089 5130 -1 5091 5130 5131 -1 5093 5091 5131 -1 5093 5131 5112 -1 5132 5113 5112 -1 5113 5133 5119 -1 5121 5048 5134 -1 5048 5078 5134 -1 5135 5079 5080 -1 5124 5135 5080 -1 5086 5124 5084 -1 5109 5127 5136 -1 5107 5109 5136 -1 5137 5107 5136 -1 5138 5110 5137 -1 5110 5138 5085 -1 5129 5085 5138 -1 5129 5139 5087 -1 5107 5137 5110 -1 5089 5087 5139 -1 5139 5130 5089 -1 5132 5112 5131 -1 5133 5113 5132 -1 5140 5119 5133 -1 5119 5140 5120 -1 5079 5134 5078 -1 5134 5079 5141 -1 5135 5141 5079 -1 5086 5142 5124 -1 5143 5142 5086 -1 5143 5144 5142 -1 5145 5146 5128 -1 5121 5145 5128 -1 5137 5136 5147 -1 5127 5128 5146 -1 5138 5137 5148 -1 5149 5138 5148 -1 5129 5138 5149 -1 5133 5132 5150 -1 5121 5134 5151 -1 5141 5151 5134 -1 5141 5135 5152 -1 5136 5127 5153 -1 5127 5146 5153 -1 5149 5139 5129 -1 5148 5137 5147 -1 5130 5139 5154 -1 5131 5130 5154 -1 5155 5131 5154 -1 5131 5155 5132 -1 5150 5132 5155 -1 5133 5150 5156 -1 5140 5133 5157 -1 5151 5145 5121 -1 5152 5135 5158 -1 5135 5124 5158 -1 5124 5142 5158 -1 5159 5158 5142 -1 5146 5145 5160 -1 5136 5153 5161 -1 5147 5136 5161 -1 5153 5146 5162 -1 5146 5160 5162 -1 5149 5163 5139 -1 5164 5147 5161 -1 5148 5147 5164 -1 5154 5139 5163 -1 5163 5165 5154 -1 5154 5165 5155 -1 5166 5155 5165 -1 5167 5155 5166 -1 5150 5155 5167 -1 5156 5150 5167 -1 5157 5133 5156 -1 5145 5151 5160 -1 5151 5168 5160 -1 5151 5141 5169 -1 5169 5168 5151 -1 5169 5141 5152 -1 5158 5170 5152 -1 5170 5158 5159 -1 5171 5159 5142 -1 5142 5144 5171 -1 5171 5144 5172 -1 5140 5157 5173 -1 5174 5162 5160 -1 5148 5164 5175 -1 5149 5148 5175 -1 5175 5176 5149 -1 5163 5149 5176 -1 5166 5165 5177 -1 5177 5178 5166 -1 5167 5166 5178 -1 5173 5157 5179 -1 5174 5160 5168 -1 5168 5169 5180 -1 5181 5173 5179 -1 5162 5174 5182 -1 5183 5161 5184 -1 5164 5161 5183 -1 5161 5185 5184 -1 5153 5185 5161 -1 5185 5162 5182 -1 5153 5162 5185 -1 5186 5176 5187 -1 5163 5176 5186 -1 5188 5163 5186 -1 5175 5164 5183 -1 5189 5175 5183 -1 5187 5175 5189 -1 5187 5176 5175 -1 5163 5188 5165 -1 5177 5165 5188 -1 5167 5178 5190 -1 5191 5167 5190 -1 5156 5167 5191 -1 5192 5156 5191 -1 5157 5156 5192 -1 5193 5157 5192 -1 5179 5157 5193 -1 5193 5194 5179 -1 5174 5168 5180 -1 5180 5169 5195 -1 5169 5152 5195 -1 5195 5152 5196 -1 5152 5170 5196 -1 5196 5159 5197 -1 5170 5159 5196 -1 5159 5171 5197 -1 5197 5171 5198 -1 5171 5172 5198 -1 5172 5199 5198 -1 5199 5172 5200 -1 5181 5179 5194 -1 5174 5201 5182 -1 5202 5185 5203 -1 5183 5184 5204 -1 5185 5202 5184 -1 5184 5202 5204 -1 5185 5182 5203 -1 5203 5182 5201 -1 5186 5187 5205 -1 5206 5186 5205 -1 5186 5207 5188 -1 5206 5207 5186 -1 5208 5183 5204 -1 5189 5183 5208 -1 5205 5189 5208 -1 5187 5189 5205 -1 5209 5188 5207 -1 5177 5188 5209 -1 5178 5177 5209 -1 5190 5178 5209 -1 5191 5210 5192 -1 5210 5193 5192 -1 5195 5196 5211 -1 5197 5211 5196 -1 5212 5199 5200 -1 5202 5203 5213 -1 5202 5213 5204 -1 5203 5201 5214 -1 5213 5203 5214 -1 5204 5213 5215 -1 5204 5215 5208 -1 5211 5197 5216 -1 5198 5216 5197 -1 5217 5208 5215 -1 5205 5208 5217 -1 5198 5218 5216 -1 5205 5217 5206 -1 5218 5198 5199 -1 5199 5219 5218 -1 5199 5212 5219 -1 5209 5207 5220 -1 5221 5209 5220 -1 5209 5221 5190 -1 5190 5221 5191 -1 5210 5191 5221 -1 5193 5210 5222 -1 5194 5193 5222 -1 5223 5201 5174 -1 5223 5174 5180 -1 5180 5195 5223 -1 5223 5195 5224 -1 5222 5225 5194 -1 5211 5224 5195 -1 5194 5225 5181 -1 5225 5226 5181 -1 5227 5213 5214 -1 5214 5201 5228 -1 5215 5227 5229 -1 5213 5227 5215 -1 5215 5229 5217 -1 5217 5229 5206 -1 5206 5229 5230 -1 5206 5230 5207 -1 5220 5207 5230 -1 5220 5230 5231 -1 5231 5232 5220 -1 5232 5221 5220 -1 5233 5221 5232 -1 5221 5233 5210 -1 5234 5210 5233 -1 5210 5234 5222 -1 5201 5223 5228 -1 5228 5223 5235 -1 5224 5235 5223 -1 5224 5211 5236 -1 5236 5211 5237 -1 5216 5237 5211 -1 5216 5238 5237 -1 5218 5238 5216 -1 5238 5218 5219 -1 5219 5239 5238 -1 5240 5238 5239 -1 5225 5222 5241 -1 5242 5225 5241 -1 5225 5242 5226 -1 5242 5243 5226 -1 5227 5214 5244 -1 5214 5245 5244 -1 5214 5228 5245 -1 5228 5246 5245 -1 5229 5227 5247 -1 5247 5227 5244 -1 5230 5229 5248 -1 5229 5247 5249 -1 5229 5249 5248 -1 5230 5248 5231 -1 5231 5248 5250 -1 5250 5232 5231 -1 5251 5232 5250 -1 5232 5251 5233 -1 5252 5253 5251 -1 5251 5253 5233 -1 5228 5235 5254 -1 5228 5254 5246 -1 5255 5246 5254 -1 5254 5256 5255 -1 5224 5254 5235 -1 5257 5254 5224 -1 5256 5257 5258 -1 5254 5257 5256 -1 5236 5257 5224 -1 5258 5257 5259 -1 5237 5257 5236 -1 5260 5259 5257 -1 5257 5237 5238 -1 5238 5260 5257 -1 5259 5260 5261 -1 5262 5261 5260 -1 5240 5260 5238 -1 5240 5263 5260 -1 5262 5260 5263 -1 5263 5264 5262 -1 5263 5240 5265 -1 5263 5265 5266 -1 5266 5264 5263 -1 5266 5265 5267 -1 5234 5233 5253 -1 5268 5253 5252 -1 5268 5234 5253 -1 5234 5268 5241 -1 5234 5241 5222 -1 5268 5242 5241 -1 5268 5269 5242 -1 5269 5270 5242 -1 5242 5270 5243 -1 5267 5271 5272 -1 5267 5265 5271 -1 5272 5273 5274 -1 5275 5272 5271 -1 5272 5275 5273 -1 5245 5276 5244 -1 5245 5246 5277 -1 5276 5245 5278 -1 5245 5277 5278 -1 5246 5279 5277 -1 5244 5276 5247 -1 5276 5280 5247 -1 5249 5247 5280 -1 5249 5281 5248 -1 5248 5281 5282 -1 5250 5248 5282 -1 5282 5283 5250 -1 5251 5250 5283 -1 5284 5251 5283 -1 5285 5251 5284 -1 5251 5285 5252 -1 5255 5279 5246 -1 5286 5279 5255 -1 5255 5256 5287 -1 5258 5287 5256 -1 5287 5258 5288 -1 5259 5288 5258 -1 5259 5261 5288 -1 5289 5261 5262 -1 5264 5266 5290 -1 5266 5267 5291 -1 5291 5290 5266 -1 5285 5292 5252 -1 5252 5292 5268 -1 5292 5293 5269 -1 5293 5294 5269 -1 5295 5274 5294 -1 5274 5269 5294 -1 5269 5274 5273 -1 5292 5269 5268 -1 5273 5270 5269 -1 5291 5267 5296 -1 5267 5272 5296 -1 5272 5295 5296 -1 5274 5295 5272 -1 5280 5297 5298 -1 5280 5276 5297 -1 5249 5280 5298 -1 5299 5249 5298 -1 5281 5249 5299 -1 5283 5282 5300 -1 5284 5283 5300 -1 5301 5285 5284 -1 5255 5287 5286 -1 5302 5286 5287 -1 5288 5261 5289 -1 5303 5289 5262 -1 5264 5303 5262 -1 5304 5285 5301 -1 5305 5285 5304 -1 5292 5285 5305 -1 5305 5293 5292 -1 5306 5279 5307 -1 5277 5279 5306 -1 5306 5308 5277 -1 5276 5278 5308 -1 5308 5309 5276 -1 5297 5276 5309 -1 5277 5308 5278 -1 5281 5299 5310 -1 5282 5281 5310 -1 5311 5282 5310 -1 5300 5282 5311 -1 5284 5300 5312 -1 5301 5284 5312 -1 5307 5286 5313 -1 5279 5286 5307 -1 5302 5313 5286 -1 5302 5287 5314 -1 5287 5288 5314 -1 5315 5314 5288 -1 5288 5289 5315 -1 5316 5315 5289 -1 5289 5303 5316 -1 5303 5264 5317 -1 5317 5290 5318 -1 5264 5290 5317 -1 5290 5291 5318 -1 5319 5320 5295 -1 5293 5305 5321 -1 5293 5321 5322 -1 5294 5293 5322 -1 5322 5319 5294 -1 5295 5294 5319 -1 5291 5296 5323 -1 5323 5318 5291 -1 5323 5296 5320 -1 5295 5320 5296 -1 5324 5308 5325 -1 5307 5325 5306 -1 5306 5325 5308 -1 5308 5324 5309 -1 5311 5326 5300 -1 5300 5326 5312 -1 5312 5327 5301 -1 5328 5301 5327 -1 5313 5329 5307 -1 5316 5330 5315 -1 5316 5303 5330 -1 5330 5303 5331 -1 5303 5317 5331 -1 5332 5317 5318 -1 5301 5328 5304 -1 5305 5304 5328 -1 5321 5305 5328 -1 5307 5333 5325 -1 5325 5333 5324 -1 5334 5309 5335 -1 5297 5309 5334 -1 5298 5297 5334 -1 5334 5336 5298 -1 5335 5309 5324 -1 5299 5298 5336 -1 5299 5336 5310 -1 5336 5337 5310 -1 5338 5310 5337 -1 5311 5310 5338 -1 5326 5311 5338 -1 5326 5339 5312 -1 5327 5312 5339 -1 5339 5340 5327 -1 5329 5313 5341 -1 5329 5333 5307 -1 5313 5302 5341 -1 5342 5341 5302 -1 5314 5342 5302 -1 5342 5314 5343 -1 5315 5343 5314 -1 5315 5344 5343 -1 5344 5315 5330 -1 5345 5344 5330 -1 5331 5345 5330 -1 5346 5345 5331 -1 5317 5346 5331 -1 5317 5332 5346 -1 5340 5347 5327 -1 5328 5327 5347 -1 5347 5348 5328 -1 5328 5348 5321 -1 5322 5349 5319 -1 5321 5348 5322 -1 5349 5322 5348 -1 5318 5323 5332 -1 5332 5323 5350 -1 5323 5320 5350 -1 5320 5351 5350 -1 5319 5351 5320 -1 5351 5319 5349 -1 5333 5352 5324 -1 5334 5335 5353 -1 5353 5354 5334 -1 5336 5334 5354 -1 5354 5355 5336 -1 5335 5324 5352 -1 5352 5353 5335 -1 5355 5356 5336 -1 5337 5336 5356 -1 5357 5337 5356 -1 5338 5337 5357 -1 5358 5338 5357 -1 5326 5338 5358 -1 5359 5326 5358 -1 5339 5326 5359 -1 5360 5339 5359 -1 5340 5339 5360 -1 5333 5329 5361 -1 5361 5341 5362 -1 5329 5341 5361 -1 5341 5342 5362 -1 5363 5362 5342 -1 5363 5343 5364 -1 5342 5343 5363 -1 5343 5344 5365 -1 5365 5364 5343 -1 5365 5344 5366 -1 5344 5345 5366 -1 5366 5345 5367 -1 5345 5346 5367 -1 5346 5332 5368 -1 5368 5367 5346 -1 5348 5347 5369 -1 5370 5349 5371 -1 5371 5348 5369 -1 5349 5348 5371 -1 5350 5368 5332 -1 5350 5351 5372 -1 5372 5351 5370 -1 5351 5349 5370 -1 5333 5373 5352 -1 5333 5361 5373 -1 5352 5373 5374 -1 5353 5375 5354 -1 5376 5354 5375 -1 5355 5354 5376 -1 5353 5352 5374 -1 5375 5353 5374 -1 5355 5377 5356 -1 5377 5357 5356 -1 5378 5357 5377 -1 5378 5358 5357 -1 5358 5378 5379 -1 5359 5358 5379 -1 5380 5359 5379 -1 5360 5359 5380 -1 5381 5360 5380 -1 5360 5381 5340 -1 5361 5362 5382 -1 5382 5362 5383 -1 5373 5361 5382 -1 5362 5363 5383 -1 5383 5363 5384 -1 5363 5364 5384 -1 5385 5366 5367 -1 5386 5385 5367 -1 5367 5368 5386 -1 5347 5340 5381 -1 5387 5347 5381 -1 5369 5347 5387 -1 5387 5388 5369 -1 5370 5371 5388 -1 5389 5370 5388 -1 5369 5388 5371 -1 5368 5350 5386 -1 5350 5372 5390 -1 5390 5386 5350 -1 5372 5370 5389 -1 5391 5373 5392 -1 5374 5373 5391 -1 5374 5376 5375 -1 5374 5391 5376 -1 5376 5391 5393 -1 5391 5392 5394 -1 5391 5394 5393 -1 5376 5393 5395 -1 5376 5396 5355 -1 5376 5395 5396 -1 5396 5395 5397 -1 5396 5398 5377 -1 5377 5355 5396 -1 5397 5399 5396 -1 5378 5377 5398 -1 5379 5378 5398 -1 5398 5396 5399 -1 5398 5399 5400 -1 5400 5379 5398 -1 5379 5400 5401 -1 5401 5380 5379 -1 5380 5401 5381 -1 5392 5373 5382 -1 5392 5402 5394 -1 5403 5402 5392 -1 5382 5383 5392 -1 5404 5392 5383 -1 5392 5404 5403 -1 5384 5404 5383 -1 5404 5384 5405 -1 5384 5364 5405 -1 5405 5364 5406 -1 5365 5406 5364 -1 5407 5406 5365 -1 5407 5365 5366 -1 5385 5407 5366 -1 5385 5386 5408 -1 5401 5400 5409 -1 5409 5410 5401 -1 5401 5387 5381 -1 5387 5410 5388 -1 5401 5410 5387 -1 5410 5411 5388 -1 5388 5411 5389 -1 5408 5390 5412 -1 5390 5408 5386 -1 5412 5389 5411 -1 5389 5390 5372 -1 5412 5390 5389 -1 5393 5394 5413 -1 5393 5413 5414 -1 5393 5414 5395 -1 5415 5395 5414 -1 5395 5415 5397 -1 5415 5416 5397 -1 5416 5399 5397 -1 5416 5417 5399 -1 5399 5417 5418 -1 5400 5399 5418 -1 5419 5400 5418 -1 5400 5419 5409 -1 5394 5402 5420 -1 5402 5403 5420 -1 5421 5403 5404 -1 5405 5421 5404 -1 5413 5394 5422 -1 5394 5420 5422 -1 5420 5403 5423 -1 5421 5423 5403 -1 5423 5421 5424 -1 5421 5405 5425 -1 5425 5424 5421 -1 5425 5405 5406 -1 5406 5426 5425 -1 5426 5406 5407 -1 5407 5427 5426 -1 5427 5407 5385 -1 5427 5428 5429 -1 5429 5426 5427 -1 5427 5385 5408 -1 5408 5428 5427 -1 5430 5409 5419 -1 5431 5432 5412 -1 5431 5412 5411 -1 5409 5430 5433 -1 5430 5434 5433 -1 5409 5433 5410 -1 5434 5435 5433 -1 5433 5435 5410 -1 5435 5431 5411 -1 5435 5411 5410 -1 5429 5428 5432 -1 5432 5428 5408 -1 5412 5432 5408 -1 5413 5422 5436 -1 5436 5437 5413 -1 5414 5413 5437 -1 5437 5438 5414 -1 5415 5414 5438 -1 5439 5415 5438 -1 5440 5415 5439 -1 5416 5415 5440 -1 5440 5441 5416 -1 5417 5416 5441 -1 5441 5442 5417 -1 5418 5417 5442 -1 5442 5443 5418 -1 5419 5418 5443 -1 5444 5419 5443 -1 5422 5420 5445 -1 5445 5436 5422 -1 5445 5420 5446 -1 5420 5423 5446 -1 5423 5424 5447 -1 5447 5446 5423 -1 5447 5424 5448 -1 5425 5448 5424 -1 5425 5426 5448 -1 5448 5426 5449 -1 5450 5449 5426 -1 5426 5429 5450 -1 5451 5450 5429 -1 5451 5429 5452 -1 5430 5419 5444 -1 5453 5435 5454 -1 5455 5432 5453 -1 5432 5431 5453 -1 5431 5435 5453 -1 5456 5430 5444 -1 5434 5430 5456 -1 5456 5454 5434 -1 5435 5434 5454 -1 5429 5432 5452 -1 5452 5432 5455 -1 5439 5457 5440 -1 5457 5458 5441 -1 5441 5440 5457 -1 5442 5441 5458 -1 5459 5443 5442 -1 5460 5443 5459 -1 5444 5443 5460 -1 5449 5450 5461 -1 5461 5450 5462 -1 5450 5451 5462 -1 5451 5452 5462 -1 5453 5454 5463 -1 5453 5464 5455 -1 5464 5453 5463 -1 5456 5444 5460 -1 5438 5437 5465 -1 5466 5438 5465 -1 5465 5437 5467 -1 5437 5436 5467 -1 5468 5467 5436 -1 5438 5466 5469 -1 5469 5470 5439 -1 5439 5438 5469 -1 5439 5470 5457 -1 5470 5471 5457 -1 5458 5457 5471 -1 5471 5472 5458 -1 5458 5472 5442 -1 5459 5442 5472 -1 5460 5459 5473 -1 5473 5474 5460 -1 5475 5460 5474 -1 5476 5468 5445 -1 5445 5468 5436 -1 5477 5476 5445 -1 5478 5477 5445 -1 5445 5446 5478 -1 5478 5446 5479 -1 5447 5479 5446 -1 5448 5480 5447 -1 5480 5448 5481 -1 5449 5481 5448 -1 5481 5449 5482 -1 5461 5482 5449 -1 5461 5462 5483 -1 5463 5484 5464 -1 5485 5464 5484 -1 5456 5460 5475 -1 5475 5486 5456 -1 5454 5456 5486 -1 5463 5454 5487 -1 5488 5462 5452 -1 5452 5455 5489 -1 5488 5452 5489 -1 5455 5490 5489 -1 5455 5464 5490 -1 5490 5464 5485 -1 5491 5470 5469 -1 5465 5467 5492 -1 5493 5470 5491 -1 5471 5493 5494 -1 5493 5471 5470 -1 5495 5471 5494 -1 5472 5471 5495 -1 5495 5496 5472 -1 5472 5497 5459 -1 5473 5459 5497 -1 5467 5468 5498 -1 5498 5468 5499 -1 5476 5499 5468 -1 5477 5478 5500 -1 5500 5478 5501 -1 5478 5479 5501 -1 5479 5447 5502 -1 5447 5480 5502 -1 5482 5461 5503 -1 5483 5503 5461 -1 5488 5504 5462 -1 5483 5462 5504 -1 5486 5505 5454 -1 5506 5463 5487 -1 5487 5454 5505 -1 5484 5463 5506 -1 5507 5492 5467 -1 5492 5508 5465 -1 5466 5465 5508 -1 5469 5466 5509 -1 5509 5510 5469 -1 5491 5469 5510 -1 5472 5496 5511 -1 5497 5472 5511 -1 5511 5512 5497 -1 5513 5497 5512 -1 5473 5497 5513 -1 5513 5514 5473 -1 5474 5473 5514 -1 5514 5515 5474 -1 5516 5474 5515 -1 5475 5474 5516 -1 5498 5507 5467 -1 5499 5476 5517 -1 5518 5517 5476 -1 5476 5477 5518 -1 5519 5518 5477 -1 5477 5500 5519 -1 5500 5501 5520 -1 5520 5519 5500 -1 5520 5501 5521 -1 5501 5479 5521 -1 5521 5502 5522 -1 5479 5502 5521 -1 5502 5480 5522 -1 5522 5480 5523 -1 5480 5481 5524 -1 5524 5523 5480 -1 5524 5482 5525 -1 5481 5482 5524 -1 5482 5503 5525 -1 5503 5483 5526 -1 5504 5526 5483 -1 5485 5484 5527 -1 5527 5528 5485 -1 5516 5529 5475 -1 5486 5475 5529 -1 5529 5530 5486 -1 5505 5486 5530 -1 5506 5527 5484 -1 5490 5485 5528 -1 5509 5466 5531 -1 5531 5466 5508 -1 5532 5508 5492 -1 5510 5509 5531 -1 5491 5510 5533 -1 5493 5491 5533 -1 5495 5494 5534 -1 5496 5495 5534 -1 5535 5512 5511 -1 5512 5535 5513 -1 5499 5517 5536 -1 5536 5517 5518 -1 5537 5518 5519 -1 5520 5537 5519 -1 5521 5522 5538 -1 5524 5525 5539 -1 5503 5526 5540 -1 5541 5504 5488 -1 5540 5526 5541 -1 5526 5504 5541 -1 5528 5527 5542 -1 5529 5516 5543 -1 5544 5529 5543 -1 5530 5529 5544 -1 5545 5506 5487 -1 5487 5505 5546 -1 5527 5545 5542 -1 5545 5527 5506 -1 5488 5489 5547 -1 5490 5547 5489 -1 5547 5490 5528 -1 5492 5507 5532 -1 5533 5510 5531 -1 5534 5493 5533 -1 5494 5493 5534 -1 5548 5511 5496 -1 5548 5535 5511 -1 5549 5513 5535 -1 5514 5513 5549 -1 5515 5514 5549 -1 5498 5550 5507 -1 5550 5499 5536 -1 5498 5499 5550 -1 5520 5521 5538 -1 5522 5523 5551 -1 5538 5522 5551 -1 5523 5524 5551 -1 5524 5539 5551 -1 5539 5525 5552 -1 5552 5525 5553 -1 5525 5503 5553 -1 5503 5540 5553 -1 5528 5542 5554 -1 5516 5515 5543 -1 5555 5530 5544 -1 5505 5530 5555 -1 5546 5505 5555 -1 5487 5546 5545 -1 5541 5488 5556 -1 5556 5488 5547 -1 5547 5528 5554 -1 5531 5508 5557 -1 5532 5557 5508 -1 5496 5534 5548 -1 5558 5549 5535 -1 5515 5549 5543 -1 5550 5532 5507 -1 5520 5538 5537 -1 5533 5559 5534 -1 5543 5549 5558 -1 5532 5550 5560 -1 5536 5518 5561 -1 5518 5537 5561 -1 5562 5538 5563 -1 5537 5538 5562 -1 5538 5551 5563 -1 5540 5564 5553 -1 5540 5541 5565 -1 5541 5556 5565 -1 5545 5546 5566 -1 5557 5532 5560 -1 5533 5531 5567 -1 5559 5533 5567 -1 5548 5534 5568 -1 5535 5548 5569 -1 5550 5536 5570 -1 5551 5539 5571 -1 5552 5571 5539 -1 5552 5553 5564 -1 5554 5542 5566 -1 5555 5572 5546 -1 5542 5545 5566 -1 5547 5573 5556 -1 5531 5557 5567 -1 5568 5534 5559 -1 5569 5548 5568 -1 5558 5535 5574 -1 5543 5558 5575 -1 5570 5560 5550 -1 5536 5561 5570 -1 5561 5537 5562 -1 5563 5551 5571 -1 5571 5552 5564 -1 5564 5540 5565 -1 5547 5554 5576 -1 5576 5573 5547 -1 5566 5576 5554 -1 5577 5543 5575 -1 5544 5543 5577 -1 5555 5544 5577 -1 5572 5555 5577 -1 5566 5546 5572 -1 5556 5573 5565 -1 5578 5579 5567 -1 5559 5567 5579 -1 5568 5559 5579 -1 5579 5580 5568 -1 5569 5568 5580 -1 5569 5574 5535 -1 5581 5582 5563 -1 5563 5571 5583 -1 5581 5563 5583 -1 5564 5565 5584 -1 5573 5576 5585 -1 5566 5572 5586 -1 5567 5557 5587 -1 5557 5560 5588 -1 5578 5567 5587 -1 5569 5580 5589 -1 5574 5569 5589 -1 5558 5574 5590 -1 5575 5558 5590 -1 5588 5560 5591 -1 5570 5591 5560 -1 5591 5570 5592 -1 5570 5561 5593 -1 5593 5592 5570 -1 5561 5562 5593 -1 5562 5563 5582 -1 5583 5564 5584 -1 5571 5564 5583 -1 5584 5565 5594 -1 5565 5573 5594 -1 5585 5576 5595 -1 5595 5566 5586 -1 5576 5566 5595 -1 5577 5575 5596 -1 5596 5597 5577 -1 5577 5597 5572 -1 5586 5572 5597 -1 5585 5594 5573 -1 5578 5587 5598 -1 5599 5579 5578 -1 5599 5600 5579 -1 5580 5579 5600 -1 5600 5601 5580 -1 5589 5580 5601 -1 5575 5590 5602 -1 5592 5593 5603 -1 5603 5593 5604 -1 5604 5593 5562 -1 5582 5581 5605 -1 5584 5594 5606 -1 5606 5594 5607 -1 5597 5596 5608 -1 5594 5585 5607 -1 5587 5557 5609 -1 5609 5588 5610 -1 5557 5588 5609 -1 5599 5578 5598 -1 5574 5589 5611 -1 5611 5590 5574 -1 5588 5591 5612 -1 5610 5588 5612 -1 5612 5592 5603 -1 5591 5592 5612 -1 5582 5604 5562 -1 5581 5583 5605 -1 5583 5606 5605 -1 5583 5584 5606 -1 5596 5575 5602 -1 5608 5596 5602 -1 5613 5597 5608 -1 5614 5597 5613 -1 5586 5597 5614 -1 5615 5609 5616 -1 5609 5610 5616 -1 5598 5587 5615 -1 5600 5599 5617 -1 5598 5618 5599 -1 5601 5600 5617 -1 5619 5589 5601 -1 5619 5611 5589 -1 5590 5611 5620 -1 5602 5590 5620 -1 5610 5612 5621 -1 5603 5621 5612 -1 5621 5603 5622 -1 5603 5604 5623 -1 5623 5622 5603 -1 5605 5606 5624 -1 5606 5607 5625 -1 5595 5586 5626 -1 5608 5602 5627 -1 5613 5608 5628 -1 5614 5626 5586 -1 5607 5585 5629 -1 5587 5609 5615 -1 5617 5599 5618 -1 5617 5630 5601 -1 5620 5611 5619 -1 5631 5604 5632 -1 5604 5582 5632 -1 5624 5606 5633 -1 5633 5606 5634 -1 5625 5634 5606 -1 5627 5628 5608 -1 5613 5628 5635 -1 5613 5635 5614 -1 5635 5626 5614 -1 5607 5636 5625 -1 5607 5629 5636 -1 5585 5595 5629 -1 5598 5615 5637 -1 5598 5637 5618 -1 5619 5601 5630 -1 5627 5602 5638 -1 5623 5604 5631 -1 5605 5632 5582 -1 5639 5625 5636 -1 5634 5625 5639 -1 5629 5595 5640 -1 5640 5595 5626 -1 5628 5627 5638 -1 5638 5641 5628 -1 5635 5628 5641 -1 5626 5635 5642 -1 5616 5610 5643 -1 5618 5644 5617 -1 5630 5617 5644 -1 5602 5620 5645 -1 5638 5602 5645 -1 5643 5621 5646 -1 5610 5621 5643 -1 5621 5622 5647 -1 5647 5646 5621 -1 5647 5622 5648 -1 5622 5623 5648 -1 5648 5623 5631 -1 5631 5632 5649 -1 5605 5624 5650 -1 5624 5633 5651 -1 5634 5639 5652 -1 5639 5636 5652 -1 5645 5653 5638 -1 5641 5638 5653 -1 5642 5654 5626 -1 5629 5655 5636 -1 5656 5637 5615 -1 5644 5618 5657 -1 5619 5630 5658 -1 5620 5619 5658 -1 5632 5605 5650 -1 5650 5649 5632 -1 5624 5651 5659 -1 5660 5651 5633 -1 5633 5634 5660 -1 5652 5660 5634 -1 5653 5661 5641 -1 5641 5661 5662 -1 5635 5641 5662 -1 5654 5663 5626 -1 5616 5643 5664 -1 5643 5646 5664 -1 5616 5665 5615 -1 5656 5615 5665 -1 5666 5618 5637 -1 5657 5618 5666 -1 5666 5667 5657 -1 5668 5657 5667 -1 5644 5657 5668 -1 5668 5669 5644 -1 5644 5669 5630 -1 5658 5630 5669 -1 5670 5658 5669 -1 5645 5620 5671 -1 5672 5645 5671 -1 5646 5647 5673 -1 5647 5648 5674 -1 5649 5650 5675 -1 5676 5650 5659 -1 5624 5659 5650 -1 5677 5659 5651 -1 5651 5660 5677 -1 5678 5660 5652 -1 5678 5652 5679 -1 5640 5626 5663 -1 5653 5645 5672 -1 5661 5653 5672 -1 5662 5680 5635 -1 5642 5635 5680 -1 5642 5680 5654 -1 5652 5636 5679 -1 5679 5636 5655 -1 5681 5629 5640 -1 5655 5629 5681 -1 5664 5646 5673 -1 5673 5682 5664 -1 5665 5616 5664 -1 5666 5637 5656 -1 5667 5683 5668 -1 5684 5668 5683 -1 5669 5668 5684 -1 5684 5670 5669 -1 5671 5620 5685 -1 5673 5647 5686 -1 5686 5647 5687 -1 5647 5674 5687 -1 5688 5674 5648 -1 5648 5631 5688 -1 5649 5688 5631 -1 5675 5650 5676 -1 5677 5660 5689 -1 5678 5689 5660 -1 5678 5679 5690 -1 5661 5691 5692 -1 5672 5691 5661 -1 5693 5661 5692 -1 5662 5661 5693 -1 5663 5654 5680 -1 5655 5681 5679 -1 5667 5694 5683 -1 5695 5683 5694 -1 5667 5666 5696 -1 5697 5684 5683 -1 5697 5670 5684 -1 5620 5658 5685 -1 5672 5671 5691 -1 5687 5674 5698 -1 5675 5676 5699 -1 5659 5677 5676 -1 5700 5676 5677 -1 5677 5689 5700 -1 5700 5689 5701 -1 5678 5701 5689 -1 5690 5702 5678 -1 5692 5703 5693 -1 5662 5693 5704 -1 5682 5673 5705 -1 5666 5656 5696 -1 5683 5695 5697 -1 5670 5685 5658 -1 5686 5687 5706 -1 5687 5707 5706 -1 5687 5698 5707 -1 5707 5698 5708 -1 5698 5674 5709 -1 5709 5708 5698 -1 5673 5686 5705 -1 5674 5688 5709 -1 5688 5649 5675 -1 5701 5678 5710 -1 5678 5702 5710 -1 5663 5680 5711 -1 5693 5703 5712 -1 5713 5693 5712 -1 5704 5693 5713 -1 5680 5662 5714 -1 5662 5704 5714 -1 5664 5682 5665 -1 5696 5715 5694 -1 5694 5667 5696 -1 5695 5694 5715 -1 5697 5695 5716 -1 5671 5685 5717 -1 5671 5717 5691 -1 5718 5686 5706 -1 5705 5686 5718 -1 5699 5676 5719 -1 5700 5719 5676 -1 5720 5700 5701 -1 5681 5640 5721 -1 5640 5663 5711 -1 5711 5721 5640 -1 5722 5704 5713 -1 5714 5704 5722 -1 5714 5711 5680 -1 5682 5705 5723 -1 5723 5724 5682 -1 5665 5682 5725 -1 5656 5665 5725 -1 5656 5726 5696 -1 5727 5696 5726 -1 5695 5715 5728 -1 5716 5695 5728 -1 5729 5697 5716 -1 5670 5697 5729 -1 5729 5730 5670 -1 5717 5685 5731 -1 5717 5732 5691 -1 5733 5691 5732 -1 5707 5734 5706 -1 5734 5718 5706 -1 5723 5705 5735 -1 5709 5688 5736 -1 5688 5675 5736 -1 5700 5720 5737 -1 5690 5738 5702 -1 5701 5710 5739 -1 5738 5739 5710 -1 5710 5702 5738 -1 5692 5740 5703 -1 5740 5741 5703 -1 5712 5703 5741 -1 5713 5742 5722 -1 5712 5742 5713 -1 5741 5742 5712 -1 5690 5679 5743 -1 5679 5681 5743 -1 5681 5721 5743 -1 5725 5682 5724 -1 5726 5656 5725 -1 5696 5727 5744 -1 5728 5715 5744 -1 5728 5745 5716 -1 5715 5696 5744 -1 5716 5745 5729 -1 5685 5670 5730 -1 5731 5732 5717 -1 5705 5718 5735 -1 5707 5746 5734 -1 5708 5746 5707 -1 5709 5746 5708 -1 5736 5675 5747 -1 5675 5699 5747 -1 5719 5700 5737 -1 5701 5739 5720 -1 5739 5738 5748 -1 5692 5691 5733 -1 5744 5749 5728 -1 5745 5728 5749 -1 5730 5729 5745 -1 5730 5750 5685 -1 5731 5685 5750 -1 5734 5751 5718 -1 5718 5751 5735 -1 5746 5751 5734 -1 5736 5746 5709 -1 5699 5719 5747 -1 5739 5748 5720 -1 5748 5738 5752 -1 5738 5690 5752 -1 5721 5711 5753 -1 5692 5733 5740 -1 5754 5714 5722 -1 5741 5755 5742 -1 5722 5742 5755 -1 5754 5711 5714 -1 5690 5743 5752 -1 5725 5724 5726 -1 5724 5723 5756 -1 5730 5745 5757 -1 5750 5730 5757 -1 5731 5750 5758 -1 5731 5758 5732 -1 5723 5735 5756 -1 5736 5759 5746 -1 5747 5719 5760 -1 5719 5737 5760 -1 5760 5737 5761 -1 5737 5720 5761 -1 5720 5748 5761 -1 5761 5748 5762 -1 5748 5752 5762 -1 5743 5721 5753 -1 5753 5711 5763 -1 5755 5740 5764 -1 5741 5740 5755 -1 5754 5722 5755 -1 5751 5746 5759 -1 5761 5762 5765 -1 5753 5766 5743 -1 5733 5764 5740 -1 5763 5711 5754 -1 5752 5743 5766 -1 5766 5762 5752 -1 5744 5727 5767 -1 5768 5749 5744 -1 5757 5749 5768 -1 5745 5749 5757 -1 5757 5769 5750 -1 5758 5750 5769 -1 5732 5758 5770 -1 5733 5732 5770 -1 5756 5735 5771 -1 5735 5751 5771 -1 5751 5759 5771 -1 5759 5736 5747 -1 5772 5760 5773 -1 5747 5760 5772 -1 5760 5761 5773 -1 5765 5773 5761 -1 5765 5762 5774 -1 5764 5733 5775 -1 5755 5764 5776 -1 5754 5755 5776 -1 5762 5766 5774 -1 5744 5767 5768 -1 5770 5758 5769 -1 5733 5770 5775 -1 5759 5747 5772 -1 5777 5772 5773 -1 5753 5763 5778 -1 5776 5763 5754 -1 5779 5756 5780 -1 5724 5756 5779 -1 5726 5724 5779 -1 5727 5726 5779 -1 5779 5781 5727 -1 5767 5727 5781 -1 5757 5768 5782 -1 5769 5757 5783 -1 5783 5784 5769 -1 5770 5769 5784 -1 5771 5759 5785 -1 5756 5771 5786 -1 5787 5785 5759 -1 5759 5772 5787 -1 5773 5765 5788 -1 5765 5774 5789 -1 5775 5790 5764 -1 5776 5764 5790 -1 5763 5776 5791 -1 5753 5774 5766 -1 5767 5792 5768 -1 5792 5782 5768 -1 5782 5783 5757 -1 5775 5770 5784 -1 5786 5771 5793 -1 5785 5793 5771 -1 5787 5772 5777 -1 5777 5773 5788 -1 5788 5765 5789 -1 5778 5774 5753 -1 5791 5776 5790 -1 5756 5786 5780 -1 5779 5780 5794 -1 5767 5781 5795 -1 5784 5783 5796 -1 5796 5797 5784 -1 5775 5784 5797 -1 5798 5785 5799 -1 5793 5785 5798 -1 5785 5787 5800 -1 5787 5777 5801 -1 5777 5788 5802 -1 5803 5778 5804 -1 5774 5778 5803 -1 5790 5775 5805 -1 5789 5774 5806 -1 5779 5794 5781 -1 5767 5795 5792 -1 5792 5795 5807 -1 5782 5792 5807 -1 5807 5808 5782 -1 5808 5809 5782 -1 5782 5809 5783 -1 5796 5783 5809 -1 5785 5800 5799 -1 5810 5800 5787 -1 5787 5801 5810 -1 5801 5777 5811 -1 5812 5811 5777 -1 5777 5802 5812 -1 5813 5802 5788 -1 5788 5789 5813 -1 5814 5813 5789 -1 5814 5789 5815 -1 5815 5789 5806 -1 5805 5775 5797 -1 5804 5778 5816 -1 5778 5763 5816 -1 5817 5790 5805 -1 5791 5790 5817 -1 5817 5818 5791 -1 5816 5791 5818 -1 5763 5791 5816 -1 5806 5774 5803 -1 5780 5786 5819 -1 5795 5781 5820 -1 5786 5793 5819 -1 5821 5819 5793 -1 5793 5798 5821 -1 5799 5800 5822 -1 5816 5818 5823 -1 5823 5824 5816 -1 5804 5816 5824 -1 5825 5806 5826 -1 5815 5806 5825 -1 5806 5803 5827 -1 5826 5806 5827 -1 5794 5820 5781 -1 5794 5780 5819 -1 5828 5829 5807 -1 5808 5807 5829 -1 5809 5808 5830 -1 5800 5810 5831 -1 5812 5802 5832 -1 5814 5815 5833 -1 5807 5795 5834 -1 5834 5828 5807 -1 5796 5809 5835 -1 5799 5836 5798 -1 5800 5831 5837 -1 5805 5838 5817 -1 5823 5818 5839 -1 5838 5840 5817 -1 5818 5817 5840 -1 5841 5820 5794 -1 5828 5842 5829 -1 5843 5829 5842 -1 5808 5829 5843 -1 5830 5835 5809 -1 5844 5796 5845 -1 5797 5796 5844 -1 5805 5797 5844 -1 5798 5846 5821 -1 5799 5822 5847 -1 5822 5800 5847 -1 5801 5811 5848 -1 5813 5849 5802 -1 5813 5814 5850 -1 5804 5824 5851 -1 5804 5851 5803 -1 5839 5818 5840 -1 5820 5852 5795 -1 5796 5835 5853 -1 5836 5799 5854 -1 5799 5847 5854 -1 5847 5800 5837 -1 5849 5813 5855 -1 5850 5814 5833 -1 5827 5803 5856 -1 5803 5851 5856 -1 5841 5852 5820 -1 5828 5834 5857 -1 5842 5828 5857 -1 5830 5808 5843 -1 5831 5810 5858 -1 5801 5858 5810 -1 5812 5848 5811 -1 5838 5805 5844 -1 5859 5840 5838 -1 5834 5795 5852 -1 5852 5857 5834 -1 5843 5842 5860 -1 5798 5836 5846 -1 5812 5861 5848 -1 5812 5832 5862 -1 5832 5802 5849 -1 5849 5862 5832 -1 5839 5840 5859 -1 5824 5823 5863 -1 5851 5824 5864 -1 5865 5852 5866 -1 5857 5852 5865 -1 5842 5857 5860 -1 5830 5843 5860 -1 5845 5867 5844 -1 5819 5821 5868 -1 5801 5848 5858 -1 5812 5862 5861 -1 5838 5844 5869 -1 5839 5863 5823 -1 5841 5866 5852 -1 5857 5865 5870 -1 5854 5847 5871 -1 5837 5871 5847 -1 5831 5858 5872 -1 5867 5869 5844 -1 5839 5859 5873 -1 5874 5830 5860 -1 5835 5830 5874 -1 5853 5835 5874 -1 5836 5875 5846 -1 5871 5837 5876 -1 5876 5831 5877 -1 5837 5831 5876 -1 5872 5877 5831 -1 5858 5848 5878 -1 5878 5872 5858 -1 5878 5848 5861 -1 5833 5815 5879 -1 5825 5879 5815 -1 5859 5838 5869 -1 5824 5863 5880 -1 5864 5824 5880 -1 5864 5881 5851 -1 5860 5857 5870 -1 5867 5882 5869 -1 5866 5883 5865 -1 5870 5865 5883 -1 5884 5860 5870 -1 5874 5860 5884 -1 5871 5876 5885 -1 5826 5827 5886 -1 5827 5856 5887 -1 5887 5886 5827 -1 5856 5851 5881 -1 5881 5887 5856 -1 5888 5854 5871 -1 5871 5885 5888 -1 5889 5890 5891 -1 5892 5891 5890 -1 5893 5894 5895 -1 5896 5893 5895 -1 5897 5898 5899 -1 5900 5899 5898 -1 5901 5894 5902 -1 5903 5901 5902 -1 5902 5904 5903 -1 5892 5890 5905 -1 5906 5907 5908 -1 5909 5908 5907 -1 5899 5900 5910 -1 5900 5911 5910 -1 5912 5913 5914 -1 5915 5914 5913 -1 5906 5915 5913 -1 5916 5917 5918 -1 5919 5916 5918 -1 5920 5921 5922 -1 5921 5923 5922 -1 5924 5925 5926 -1 5927 5928 5929 -1 5905 5890 5930 -1 5931 5932 5933 -1 5934 5933 5932 -1 5909 5907 5935 -1 5904 5902 5936 -1 5925 5904 5926 -1 5924 5937 5938 -1 5937 5927 5938 -1 5928 5927 5939 -1 5889 5929 5928 -1 5930 5940 5905 -1 5912 5905 5940 -1 5941 5942 5943 -1 5944 5943 5942 -1 5910 5911 5945 -1 5946 5947 5948 -1 5913 5912 5949 -1 5950 5951 5948 -1 5917 5909 5935 -1 5947 5950 5948 -1 5902 5894 5952 -1 5936 5902 5952 -1 5890 5889 5928 -1 5930 5890 5928 -1 5943 5953 5941 -1 5954 5943 5944 -1 5955 5954 5944 -1 5911 5946 5945 -1 5946 5948 5945 -1 5917 5935 5956 -1 5957 5917 5956 -1 5918 5917 5957 -1 5919 5918 5957 -1 5958 5906 5913 -1 5907 5906 5958 -1 5904 5936 5926 -1 5896 5931 5893 -1 5923 5941 5953 -1 5954 5955 5959 -1 5955 5960 5959 -1 5913 5949 5958 -1 5935 5907 5958 -1 5937 5939 5927 -1 5939 5961 5928 -1 5893 5931 5962 -1 5933 5962 5931 -1 5935 5958 5956 -1 5963 5919 5964 -1 5957 5964 5919 -1 5936 5965 5926 -1 5937 5924 5926 -1 5939 5937 5966 -1 5961 5967 5928 -1 5894 5893 5952 -1 5960 5968 5959 -1 5960 5897 5968 -1 5922 5923 5969 -1 5953 5969 5923 -1 5958 5949 5970 -1 5930 5928 5967 -1 5897 5899 5971 -1 5899 5910 5971 -1 5956 5958 5970 -1 5970 5972 5956 -1 5956 5972 5973 -1 5957 5956 5973 -1 5940 5930 5974 -1 5952 5893 5975 -1 5893 5962 5975 -1 5933 5934 5976 -1 5977 5976 5934 -1 5910 5945 5978 -1 5978 5945 5979 -1 5945 5948 5979 -1 5912 5940 5980 -1 5949 5912 5980 -1 5970 5949 5981 -1 5951 5979 5948 -1 5951 5963 5964 -1 5952 5982 5936 -1 5937 5926 5983 -1 5966 5937 5983 -1 5939 5966 5984 -1 5967 5961 5985 -1 5930 5967 5986 -1 5930 5986 5974 -1 5968 5897 5971 -1 5971 5910 5987 -1 5978 5987 5910 -1 5981 5949 5980 -1 5988 5970 5981 -1 5964 5957 5989 -1 5957 5973 5989 -1 5936 5982 5990 -1 5965 5983 5926 -1 5961 5939 5984 -1 5952 5975 5982 -1 5920 5922 5991 -1 5969 5991 5922 -1 5953 5943 5992 -1 5943 5954 5992 -1 5959 5968 5993 -1 5993 5968 5994 -1 5968 5971 5994 -1 5987 5994 5971 -1 5980 5940 5974 -1 5972 5970 5988 -1 5973 5972 5995 -1 5986 5967 5985 -1 5992 5954 5996 -1 5959 5996 5954 -1 5981 5980 5997 -1 5998 5999 5979 -1 5979 5951 5998 -1 5951 5964 6000 -1 6000 5998 5951 -1 5964 5989 6000 -1 5989 5973 6001 -1 5995 5972 5988 -1 5973 5995 6001 -1 5965 5936 5990 -1 5986 6002 5974 -1 5993 5996 5959 -1 5978 5979 5999 -1 5980 5974 6003 -1 5961 5984 5985 -1 5986 5985 6004 -1 5982 5975 6005 -1 6005 5962 6006 -1 5975 5962 6005 -1 5933 6006 5962 -1 5977 5920 5991 -1 5990 5982 6007 -1 5965 5990 6008 -1 6006 5933 5976 -1 5994 5987 6009 -1 6003 6010 5980 -1 5997 5980 6010 -1 5981 5997 6011 -1 5988 5981 6011 -1 5998 6000 6012 -1 6013 6000 5989 -1 5965 6008 5983 -1 5966 5983 6014 -1 5984 5966 6014 -1 6015 5974 6002 -1 6005 6007 5982 -1 5977 6016 5976 -1 5993 5994 6017 -1 6009 5987 6018 -1 5978 6018 5987 -1 6003 5974 6015 -1 6011 6019 5988 -1 5999 5998 6020 -1 5998 6012 6020 -1 6012 6000 6013 -1 5995 5988 6019 -1 6001 6013 5989 -1 6008 5990 6021 -1 6021 5990 6007 -1 5983 6008 6022 -1 6015 6002 6023 -1 6007 6005 6024 -1 6006 6024 6005 -1 6006 5976 6016 -1 6016 5977 5991 -1 5996 5993 6025 -1 5993 6017 6025 -1 6009 6017 5994 -1 6009 6018 6026 -1 6018 5978 6027 -1 6027 6026 6018 -1 5978 5999 6027 -1 6010 6003 6015 -1 6010 6028 5997 -1 6011 5997 6028 -1 6020 6012 6029 -1 6013 6029 6012 -1 6001 5995 6019 -1 6022 6030 5983 -1 6014 5983 6030 -1 6031 5984 6014 -1 5985 5984 6031 -1 6031 6004 5985 -1 6002 6004 6023 -1 5986 6004 6002 -1 5969 5953 6032 -1 5992 6032 5953 -1 5999 6020 6033 -1 6027 5999 6033 -1 6019 6011 6034 -1 6021 6007 6035 -1 5996 6025 6036 -1 6037 6036 6025 -1 6025 6017 6037 -1 6009 6037 6017 -1 6010 6015 6038 -1 6039 6040 6013 -1 6029 6013 6040 -1 6041 6019 6034 -1 6001 6019 6041 -1 6013 6001 6039 -1 6016 5991 6042 -1 5991 5969 6043 -1 6008 6021 6022 -1 6031 6014 6044 -1 6044 6045 6031 -1 6046 6031 6045 -1 6004 6031 6046 -1 6023 6004 6046 -1 6015 6023 6047 -1 6024 6006 6048 -1 6042 5991 6049 -1 6043 6049 5991 -1 6032 6043 5969 -1 6038 6015 6047 -1 6028 6010 6038 -1 6011 6028 6050 -1 6034 6011 6050 -1 6039 6001 6041 -1 6022 6051 6030 -1 6014 6030 6044 -1 6007 6024 6048 -1 6032 5992 6052 -1 6052 5996 6036 -1 5992 5996 6052 -1 6037 6053 6036 -1 6037 6009 6054 -1 6026 6054 6009 -1 6026 6027 6055 -1 6027 6033 6055 -1 6039 6041 6056 -1 6022 6021 6057 -1 6058 6051 6059 -1 6030 6051 6058 -1 6030 6058 6044 -1 6023 6046 6060 -1 6047 6023 6060 -1 6006 6016 6061 -1 6042 6061 6016 -1 6052 6062 6032 -1 6033 6020 6063 -1 6029 6063 6020 -1 6057 6021 6064 -1 6064 6065 6057 -1 6021 6035 6064 -1 6058 6066 6044 -1 6045 6044 6066 -1 6060 6046 6067 -1 6035 6007 6048 -1 6062 6043 6032 -1 6052 6036 6068 -1 6053 6068 6036 -1 6069 6053 6037 -1 6033 6063 6070 -1 6054 6069 6037 -1 6054 6026 6071 -1 6055 6071 6026 -1 6055 6033 6070 -1 6038 6047 6072 -1 6073 6038 6072 -1 6028 6038 6073 -1 6050 6028 6073 -1 6034 6050 6074 -1 6063 6029 6075 -1 6029 6040 6075 -1 6056 6076 6039 -1 6056 6034 6074 -1 6041 6034 6056 -1 6040 6039 6076 -1 6051 6022 6057 -1 6057 6059 6051 -1 6046 6045 6067 -1 6060 6067 6077 -1 6068 6053 6078 -1 6078 6069 6079 -1 6053 6069 6078 -1 6054 6071 6069 -1 6050 6073 6080 -1 6074 6050 6080 -1 6066 6058 6081 -1 6045 6066 6081 -1 6047 6060 6077 -1 6061 6042 6049 -1 6071 6055 6070 -1 6072 6047 6077 -1 6082 6073 6072 -1 6073 6082 6080 -1 6056 6074 6083 -1 6083 6076 6056 -1 6065 6084 6057 -1 6059 6057 6084 -1 6067 6045 6085 -1 6086 6077 6067 -1 6048 6006 6087 -1 6061 6087 6006 -1 6049 6043 6088 -1 6043 6062 6088 -1 6089 6088 6062 -1 6062 6052 6089 -1 6052 6068 6089 -1 6090 6068 6078 -1 6079 6069 6071 -1 6072 6077 6091 -1 6074 6080 6082 -1 6070 6063 6092 -1 6075 6040 6093 -1 6063 6075 6092 -1 6040 6076 6093 -1 6065 6064 6094 -1 6094 6064 6095 -1 6064 6035 6095 -1 6077 6086 6091 -1 6087 6061 6049 -1 6089 6068 6096 -1 6090 6096 6068 -1 6082 6072 6097 -1 6083 6074 6098 -1 6082 6098 6074 -1 6099 6100 6093 -1 6076 6083 6099 -1 6093 6076 6099 -1 6081 6058 6101 -1 6085 6045 6081 -1 6102 6067 6085 -1 6102 6086 6067 -1 6095 6035 6103 -1 6048 6103 6035 -1 6048 6087 6104 -1 6049 6088 6105 -1 6106 6078 6079 -1 6070 6092 6107 -1 6079 6071 6106 -1 6097 6072 6091 -1 6098 6082 6097 -1 6093 6100 6108 -1 6109 6093 6108 -1 6075 6093 6109 -1 6092 6075 6109 -1 6099 6110 6100 -1 6099 6083 6110 -1 6059 6084 6111 -1 6059 6101 6058 -1 6102 6112 6086 -1 6091 6086 6112 -1 6087 6049 6105 -1 6108 6113 6109 -1 6092 6109 6113 -1 6110 6083 6114 -1 6095 6115 6094 -1 6111 6084 6116 -1 6084 6065 6116 -1 6116 6065 6094 -1 6101 6059 6111 -1 6101 6117 6081 -1 6085 6081 6117 -1 6117 6102 6085 -1 6118 6071 6070 -1 6106 6071 6118 -1 6112 6119 6091 -1 6098 6097 6120 -1 6100 6110 6108 -1 6114 6083 6098 -1 6111 6121 6101 -1 6102 6117 6122 -1 6123 6102 6122 -1 6112 6102 6124 -1 6103 6048 6104 -1 6104 6087 6125 -1 6088 6089 6096 -1 6096 6090 6126 -1 6090 6078 6126 -1 6126 6078 6106 -1 6070 6107 6118 -1 6097 6091 6119 -1 6108 6110 6127 -1 6114 6098 6120 -1 6116 6094 6128 -1 6111 6116 6129 -1 6121 6111 6129 -1 6117 6101 6121 -1 6122 6117 6121 -1 6124 6102 6123 -1 6103 6115 6095 -1 6087 6105 6130 -1 6105 6088 6130 -1 6106 6131 6126 -1 6119 6112 6132 -1 6133 6119 6132 -1 6097 6119 6133 -1 6107 6092 6113 -1 6113 6108 6134 -1 6127 6134 6108 -1 6114 6135 6110 -1 6127 6110 6135 -1 6094 6115 6136 -1 6128 6094 6136 -1 6129 6116 6128 -1 6129 6137 6121 -1 6122 6121 6137 -1 6123 6122 6137 -1 6132 6112 6124 -1 6138 6103 6104 -1 6104 6125 6138 -1 6087 6130 6125 -1 6130 6088 6139 -1 6088 6096 6139 -1 6118 6131 6106 -1 6120 6097 6133 -1 6127 6140 6134 -1 6113 6141 6142 -1 6107 6113 6142 -1 6141 6113 6134 -1 6135 6114 6143 -1 6143 6140 6135 -1 6114 6120 6143 -1 6127 6135 6140 -1 6136 6115 6144 -1 6145 6129 6128 -1 6145 6146 6137 -1 6137 6129 6145 -1 6123 6137 6146 -1 6147 6123 6146 -1 6123 6147 6124 -1 6132 6124 6147 -1 6144 6103 6138 -1 6115 6103 6144 -1 6125 6130 6148 -1 6130 6139 6148 -1 6139 6096 6149 -1 6149 6096 6126 -1 6126 6131 6149 -1 6131 6118 6150 -1 6118 6107 6142 -1 6150 6118 6142 -1 6151 6120 6133 -1 6141 6134 6152 -1 6140 6152 6134 -1 6151 6152 6143 -1 6140 6143 6152 -1 6143 6120 6151 -1 6128 6136 6153 -1 6153 6136 6144 -1 6145 6128 6153 -1 6154 6145 6153 -1 6146 6154 6155 -1 6145 6154 6146 -1 6155 6147 6146 -1 6156 6147 6155 -1 6156 6132 6147 -1 6157 6144 6138 -1 6138 6125 6157 -1 6157 6125 6148 -1 6144 6157 6158 -1 6153 6144 6158 -1 6157 6148 6159 -1 6160 6148 6139 -1 6159 6148 6160 -1 6160 6139 6149 -1 6159 6160 6161 -1 6160 6149 6161 -1 6162 6161 6149 -1 6149 6131 6162 -1 6162 6131 6150 -1 6150 6163 6162 -1 6164 6165 6166 -1 6163 6165 6164 -1 6165 6150 6142 -1 6163 6150 6165 -1 6166 6167 6168 -1 6168 6133 6132 -1 6156 6168 6132 -1 6133 6168 6151 -1 6168 6167 6151 -1 6167 6165 6141 -1 6166 6165 6167 -1 6141 6152 6167 -1 6165 6142 6141 -1 6152 6151 6167 -1 6153 6169 6154 -1 6169 6155 6154 -1 6158 6170 6153 -1 6158 6157 6170 -1 6157 6159 6171 -1 6171 6170 6157 -1 6171 6159 6161 -1 6153 6170 6169 -1 6169 6170 6172 -1 6171 6161 6173 -1 6172 6171 6164 -1 6170 6171 6172 -1 6173 6164 6171 -1 6174 6155 6169 -1 6172 6174 6169 -1 6174 6172 6175 -1 6175 6164 6166 -1 6172 6164 6175 -1 6173 6161 6162 -1 6162 6163 6173 -1 6164 6173 6163 -1 6155 6174 6156 -1 6175 6156 6174 -1 6156 6175 6168 -1 6175 6166 6168 -1" solid="false">
    <Coordinate point="-2.14795 -1.93053 -8.74747 -1.93692 -2.1837 -8.74749 -2.04372 -2.05112 -8.63403 -2.08632 -1.99942 -8.60612 -2.17768 -1.86352 -8.60996 -2.22709 -1.77079 -8.7475 -2.22384 -1.76236 -8.60858 -2.26832 -1.64099 -8.74751 -2.26915 -1.59639 -8.61407 -2.30054 -1.47875 -8.74756 -2.29847 -1.39089 -8.63319 -2.32931 -1.1183 -8.7475 -2.31812 -1.06638 -8.63645 -2.33404 -0.721138 -8.7475 -2.31837 -0.579294 -8.63403 -2.32701 -0.352343 -8.7475 -2.31199 -0.249118 -8.63591 -2.3102 -0.0119174 -8.7475 -2.29945 0.0145807 -8.63082 -2.28365 0.216962 -8.7475 -2.27827 0.243458 -8.6349 -2.25326 0.385247 -8.63403 -2.24984 0.385247 -8.7475 -2.21914 0.498722 -8.63403 -2.21354 0.498722 -8.7475 -2.15582 0.62304 -8.74747 -2.16097 0.597738 -8.63692 -2.04674 0.725673 -8.68254 -2.03358 0.725475 -8.63932 -2.05081 0.727874 -8.7475 -1.93326 0.785566 -8.63403 -1.93326 0.779279 -8.7475 -1.78087 0.819324 -8.74754 -1.78194 0.823726 -8.63989 -1.59284 0.833216 -8.7475 -1.96828 -2.10738 -8.58169 -2.12108 -1.9224 -8.54146 -2.02092 -2.02562 -8.51682 -2.17632 -1.80346 -8.51402 -2.21904 -1.67269 -8.51144 -2.26674 -1.41678 -8.54527 -2.27292 -1.20779 -8.52599 -2.27721 -0.804877 -8.51958 -2.27696 -0.413127 -8.52187 -2.27223 0.00460552 -8.53224 -2.2687 0.151584 -8.54684 -2.24083 0.305534 -8.51843 -2.22325 0.429564 -8.51605 -2.20388 0.531165 -8.53007 -2.16419 0.646222 -8.52148 -2.08165 0.736066 -8.51283 -1.9552 0.780433 -8.526 -1.85105 0.798306 -8.52432 -1.72604 0.809722 -8.52122 -2.06235 -1.93314 -8.46601 -1.96012 -2.01786 -8.44132 -2.00997 -1.95074 -8.43415 -2.16049 -1.72532 -8.44244 -2.20673 -1.5923 -8.48046 -2.11963 -1.80302 -8.44011 -2.23768 -0.703169 -8.46272 -2.23821 -0.431475 -8.46247 -2.22917 -0.0643662 -8.45848 -2.22149 0.189468 -8.45964 -2.20179 0.445566 -8.46587 -2.18123 0.585791 -8.46214 -2.15914 0.668186 -8.46351 -2.11467 0.727183 -8.4122 -2.05552 0.745801 -8.43638 -1.97234 0.765871 -8.45979 -1.68303 0.789519 -8.46003 -2.21945 -1.27832 -8.46438 -2.23423 -1.0633 -8.46514 -2.11708 -1.72162 -8.42113 -2.12797 -1.58268 -8.42213 -2.1604 -1.40549 -8.4257 -1.99979 -1.63807 -8.41442 -2.12002 -1.33845 -8.4076 -1.86911 -2.05925 -8.44306 -1.96955 -1.96086 -8.42032 -2.1593 -1.16428 -8.41177 -1.82342 -1.98039 -8.41401 -1.76124 -1.83489 -8.40599 -1.75803 -1.72857 -8.4038 -2.16541 -0.817494 -8.40688 -2.16897 -0.4171 -8.39881 -2.16876 -0.237235 -8.40213 -2.16363 0.176154 -8.39303 -2.16541 0.316474 -8.39854 -2.16231 0.458836 -8.40263 -2.1602 0.606601 -8.40924 -2.14494 0.691064 -8.40308 -2.00978 0.735365 -8.39601 -1.74226 0.754654 -8.40889 -1.77734 -1.93469 -8.37343 -1.6967 -1.92555 -8.38378 -1.70373 -1.8453 -8.39194 -1.66004 -1.87176 -8.37704 -1.70875 -1.73872 -8.38269 -1.68778 -1.65923 -8.39855 -1.69291 -1.82255 -8.37658 -2.06185 -0.700708 -8.38332 -2.12453 -0.389244 -8.38123 -2.1256 -0.81375 -8.39244 -1.61932 -1.70257 -8.36965 -1.91332 -0.761304 -8.37973 -1.719 -0.636121 -8.37172 -1.95246 -0.424903 -8.37472 -2.12271 -0.185558 -8.37977 -2.12953 0.241261 -8.37389 -2.12517 0.326688 -8.37498 -2.12917 0.487944 -8.37833 -1.86836 -1.44391 -8.40038 -2.12061 0.694815 -8.37339 -2.04774 0.722608 -8.38071 -1.88711 0.690167 -8.37231 -1.71861 0.720896 -8.37726 -1.69932 -1.47519 -8.39458 -1.63797 -1.61322 -8.37728 -1.63108 -1.53324 -8.38173 -1.64147 -1.40056 -8.3752 -1.72069 -1.14375 -8.38622 -1.6804 -1.25768 -8.38898 -1.60491 -1.241 -8.36418 -1.76638 -1.01276 -8.38114 -1.71155 -1.08435 -8.37587 -1.61569 -1.15051 -8.37958 -1.67308 -1.11566 -8.37367 -1.76503 -0.920252 -8.37905 -1.73665 -0.857815 -8.37572 -1.71448 -1.99873 -8.34774 -1.77277 -1.99001 -8.35469 -1.63596 -1.93444 -8.34883 -1.64268 -1.88649 -8.35666 -1.63626 -1.86186 -8.32127 -1.68921 -1.77329 -8.31633 -1.59715 -1.67636 -8.339 -1.57603 -1.60117 -8.29779 -1.58547 -1.51057 -8.35562 -1.73564 -1.01266 -8.35215 -1.73976 -0.957414 -8.3434 -1.58899 -1.1172 -8.36448 -1.59158 -1.08686 -8.34054 -1.71996 -0.880571 -8.3628 -1.6744 -0.849348 -8.35691 -1.7121 -0.684443 -8.37077 -1.66094 -0.777523 -8.36209 -1.61419 -0.650344 -8.33846 -1.60877 -0.56969 -8.36045 -1.65981 -0.452203 -8.36429 -1.61666 -0.492935 -8.35153 -1.77933 -0.266837 -8.36784 -1.93034 -0.297286 -8.37549 -1.68557 -0.306002 -8.36702 -1.71161 -0.265419 -8.36797 -1.596 -0.350119 -8.34877 -2.01818 -0.0325309 -8.37375 -1.8276 0.165703 -8.37212 -1.77388 -0.0826325 -8.36853 -1.74501 0.0345705 -8.37043 -1.67646 -0.219509 -8.3574 -1.65317 -0.082223 -8.36168 -1.72655 0.289079 -8.3738 -1.59756 0.219466 -8.36547 -1.62944 0.0784568 -8.36625 -1.59631 -0.0447579 -8.3543 -1.59171 0.118905 -8.3534 -1.96084 0.290725 -8.37095 -2.02446 0.479211 -8.36926 -2.09187 0.676897 -8.36678 -1.64535 0.412116 -8.37102 -1.75677 -2.02058 -8.32608 -1.61667 -1.93693 -8.32169 -1.64336 -1.78228 -8.29083 -1.62769 -1.72467 -8.28024 -1.58987 -1.66487 -8.2867 -1.5669 -1.52794 -8.3229 -1.57355 -1.40811 -8.30199 -1.56606 -1.2983 -8.31263 -1.56306 -1.21599 -8.30636 -1.73803 -1.01346 -8.28516 -1.69895 -1.06928 -8.31088 -1.56132 -1.12088 -8.31212 -1.7122 -0.889208 -8.30708 -1.67392 -0.865018 -8.31787 -1.64307 -0.795455 -8.27825 -1.62428 -0.756774 -8.3084 -1.59512 -0.687356 -8.32157 -1.5606 -0.578482 -8.31166 -1.5606 -0.491242 -8.29862 -1.56492 -0.435371 -8.31961 -1.62952 -0.270367 -8.29875 -1.57175 -0.311221 -8.32416 -1.62542 -0.227892 -8.27361 -1.62252 -0.166524 -8.32914 -1.58366 -0.153499 -8.32658 -1.55669 -0.0747438 -8.31204 -1.56334 0.150336 -8.32581 -1.56084 -0.29821 -8.29651 -1.58399 -0.259923 -8.27319 -1.59083 -0.202759 -8.29699 -1.56703 -0.185952 -8.28636 -1.6199 -1.87036 -8.24136 -1.62565 -1.79129 -8.28315 -1.56921 -1.57129 -8.28283 -1.66896 -1.05458 -8.24919 -1.7561 -0.959779 -8.27961 -1.5774 -1.08141 -8.27611 -1.56065 -0.716067 -8.27705 -1.56593 -0.632954 -8.28426 -1.62618 -1.82887 -8.21795 -1.61611 -1.67177 -8.21582 -1.60507 -1.62901 -8.21758 -1.56622 -1.37467 -8.24942 -1.56644 -1.2218 -8.26714 -1.56813 -1.12416 -8.25821 -1.76862 -0.907492 -8.24595 -1.66848 -0.834555 -8.24828 -1.58247 -0.782031 -8.26442 -1.56294 -0.624581 -8.25139 -1.56337 -0.301945 -8.26315 -1.6124 -0.236134 -8.26066 -1.61058 -0.212258 -8.26443 -1.56202 -0.0741404 -8.25114 -1.61372 -1.74076 -8.23235 -1.73331 -1.00358 -8.22841 -1.63983 -1.07497 -8.19183 -1.60595 -0.782808 -8.22888 -1.58293 -0.741057 -8.23413 -1.60069 -0.404335 -8.21076 -1.57522 -0.29223 -8.23983 -1.60947 -0.162958 -8.21579 -1.62437 -1.86329 -8.17004 -1.61384 -1.3645 -8.1847 -1.60337 -1.20255 -8.21621 -1.72979 -1.04055 -8.19357 -1.75345 -0.958294 -8.19596 -1.63425 -1.1221 -8.15821 -1.60424 -0.681259 -8.2052 -1.69786 -0.878971 -8.18666 -1.67615 -0.24087 -8.18293 -1.67123 -0.28125 -8.16789 -1.69397 -0.206064 -8.17155 -1.64107 -0.140781 -8.15187 -1.6029 -0.0712891 -8.20876 -1.63097 -1.78899 -8.15382 -1.63312 -0.724078 -8.14422 -1.65572 -0.496328 -8.10815 -1.63646 -1.52319 -8.14415 -1.63437 -1.27747 -8.14754 -1.76603 -0.983951 -8.18406 -1.63188 -0.818874 -8.18038 -1.73378 -0.950792 -8.06706 -1.67927 -0.843236 -8.13217 -1.65849 -0.432242 -8.11881 -1.68291 -0.36897 -8.14542 -1.70584 -0.270557 -8.13289 -1.82185 -1.03588 -8.15205 -1.82209 -1.00425 -8.15372 -1.75028 -0.947158 -8.13957 -1.66963 -0.805847 -8.13183 -1.6898 -0.710281 -8.06999 -1.74245 -0.21563 -8.12452 -1.66271 -1.69859 -8.10901 -1.68779 -1.26959 -8.07591 -1.82793 -1.00226 -8.10905 -1.81458 -0.974522 -8.10863 -1.73244 -1.09365 -8.12194 -1.67795 -1.20926 -8.10029 -1.68452 -1.60975 -8.07289 -1.69301 -1.51025 -8.07174 -1.74624 -1.13378 -8.0898 -1.80385 -1.0447 -8.07754 -1.78247 -1.08375 -8.06947 -1.78478 -0.97678 -8.03834 -1.72083 -0.916242 -8.05376 -1.72876 -0.774981 -8.04124 -1.7293 -0.28961 -8.06478 -1.68619 -0.408649 -8.0718 -1.71778 -1.75284 -8.05266 -1.75122 -1.24145 -8.02455 -1.75329 -0.603393 -8.01823 -1.7526 -0.37694 -8.01619 -1.76071 -1.54446 -8.00919 -1.74731 -1.46647 -8.02362 -1.78007 -1.22599 -7.99449 -1.7899 -1.11934 -8.03005 -1.80244 -1.0776 -8.02262 -1.80141 -1.00255 -8.02825 -1.76226 -1.69603 -8.01023 -1.79493 -1.16156 -8.01411 -1.81994 -1.12232 -7.97146 -1.78815 -0.899685 -7.98605 -1.78646 -0.837108 -7.97545 -1.78581 -0.611824 -7.97899 -1.78742 -1.39497 -7.97882 -1.83403 -1.16 -7.88506 -1.80096 -1.20224 -7.95666 -1.81565 -1.03701 -7.96109 -1.80233 -1.64806 -7.95378 -1.85624 -1.08989 -7.91848 -1.82604 -1.02038 -7.9172 -1.8156 -1.38751 -7.91617 -1.81646 -1.23489 -7.91241 -1.87532 -1.11246 -7.87085 -1.81307 -0.910859 -7.91579 -1.80979 -0.654075 -7.92593 -1.81559 -0.893012 -7.88244 -1.81772 -1.28388 -7.8675 -1.82125 -1.18019 -7.85484 -1.84909 -1.06102 -7.83467 -1.83809 -0.955603 -7.84406 -1.81342 -0.90853 -7.84306 -1.81349 -1.31504 -7.83955 -1.81758 -1.09669 -7.82289 -1.86005 -1.10585 -7.84161 -1.82955 -0.997153 -7.80513 -1.8105 -0.652448 -7.84039 -1.80398 -1.17942 -7.81126 -1.79776 -0.930822 -7.7974 -1.79201 -0.886694 -7.79185 -1.78804 -1.26695 -7.7851 -1.78961 -1.0916 -7.78247 -1.76099 -1.09267 -7.75703 -1.81979 -1.07005 -7.78296 -1.84509 -1.04681 -7.74421 -1.75886 -1.57594 -7.75792 -1.821 -1.06241 -7.73747 -1.81165 -1.00366 -7.75403 -1.77901 -1.04475 -7.75123 -1.76144 -0.975561 -7.75789 -1.76136 -0.871569 -7.76067 -1.74354 -0.849588 -7.75112 -1.7346 -1.3865 -7.74413 -1.67855 -1.53087 -7.72576 -1.6788 -0.95364 -7.72594 -1.73869 -1.02548 -7.74462 -1.82747 -1.03216 -7.71612 -1.67845 -0.707349 -7.72528 -1.73459 -0.625752 -7.74566 -1.65641 -1.49969 -7.6933 -1.65708 -1.1644 -7.69597 -1.65915 -0.990624 -7.69594 -1.03418 -4.42285 -8.63774 -1.15693 -4.3805 -8.56768 -1.06463 -4.42025 -8.74748 0.0850686 -4.34872 -8.74748 0.222769 -4.26758 -8.7475 0.223841 -4.27161 -8.55576 0.348941 -4.16593 -8.7475 0.352329 -4.16952 -8.63334 0.452674 -4.04446 -8.7475 0.455707 -4.05202 -8.63295 0.554235 -3.84714 -8.74756 0.524394 -3.93839 -8.62378 0.55939 -3.84791 -8.6278 0.589061 -3.70423 -8.74751 0.58711 -3.70959 -8.63546 0.600559 -3.56103 -8.61855 0.613801 -3.37669 -8.7475 0.618509 -3.23913 -8.62044 0.651321 -2.70436 -8.7475 0.637741 -2.76084 -8.60785 0.659403 -2.5 -8.63631 0.676512 -2.45048 -8.7475 0.683485 -2.32544 -8.63394 0.506467 -4.00388 -8.54418 0.599175 -3.79062 -8.5135 0.603694 -3.54724 -8.51596 0.622299 -2.89588 -8.53626 0.652472 -2.42501 -8.57549 0.60133 -3.89016 -8.41436 0.603717 -3.63601 -8.48593 0.609008 -3.30202 -8.51544 0.624716 -2.60286 -8.50105 0.640086 -2.29738 -8.50916 -1.02055 -4.41182 -8.48869 0.106281 -4.32989 -8.47199 0.324236 -4.20959 -8.464 0.408554 -4.14128 -8.46162 0.449719 -4.08301 -8.52055 -0.79851 -4.46022 -8.52055 -0.79851 -4.4756 -8.7475 -0.571559 -4.49153 -8.7475 -0.571559 -4.47549 -8.52055 -0.344608 -4.47575 -8.7475 -0.344608 -4.46126 -8.52055 -0.117658 -4.42668 -8.7475 -0.117658 -4.41461 -8.52055 0.0140018 -4.38072 -8.7475 -0.0135641 -4.38072 -8.52055 0.619133 -3.83274 -8.41499 0.590142 -3.44484 -8.39009 0.592747 -3.15593 -8.42855 0.595661 -2.96099 -8.38176 0.603597 -2.66181 -8.41839 0.606642 -2.42997 -8.42312 0.602235 -2.5509 -8.43239 0.609552 -3.71458 -8.42333 0.584071 -3.59501 -8.3752 0.596246 -2.83198 -8.42366 0.529776 -4.04151 -8.3165 0.550823 -3.98748 -8.38668 0.226693 -4.27352 -8.4099 0.596434 -3.88347 -8.36268 0.582348 -3.81227 -8.35618 0.579572 -3.67665 -8.34735 0.589438 -3.30211 -8.37778 0.59081 -2.80494 -8.35114 0.602753 -2.63257 -8.38493 0.579774 -3.9278 -8.33204 0.575506 -3.85459 -8.33544 0.569484 -3.62296 -8.34524 0.577964 -3.49415 -8.34716 0.589337 -3.06841 -8.35221 0.595909 -2.59831 -8.34149 0.535225 -3.81144 -8.33902 0.503158 -3.76402 -8.33075 0.535804 -3.64055 -8.34811 0.502846 -3.61418 -8.33447 0.535606 -3.56084 -8.34098 0.508371 -3.56448 -8.32109 0.51922 -3.33368 -8.32547 0.562272 -3.13301 -8.33157 0.524527 -3.09021 -8.32458 0.563985 -2.91596 -8.32551 0.522743 -2.91247 -8.32255 0.524722 -2.77399 -8.32329 0.567966 -2.73202 -8.32254 0.535729 -2.71952 -8.32131 0.585242 -2.38184 -8.32196 0.502556 -3.78181 -8.2987 0.542945 -3.84837 -8.27424 0.503573 -3.61383 -8.2911 0.572545 -3.90157 -8.2689 0.576656 -3.93328 -8.25842 0.506872 -3.51953 -8.29524 0.509719 -3.26874 -8.29394 0.506805 -2.91463 -8.29754 0.507446 -2.82502 -8.29479 0.505904 -2.73731 -8.2968 0.507867 -2.36889 -8.29369 0.563094 -2.37558 -8.31401 0.564655 -3.98111 -8.26179 0.144789 -4.30272 -8.28378 0.336244 -4.21755 -8.2936 0.457382 -4.14853 -8.22504 0.500187 -4.09704 -8.26511 -0.795962 -4.40273 -8.28417 -1.00173 -4.37593 -8.30377 -0.594844 -4.42064 -8.295 -0.367877 -4.41121 -8.28785 -0.116556 -4.37761 -8.29551 -0.238856 -4.39579 -8.28623 -0.028222 -4.35631 -8.29838 0.530777 -3.70502 -8.23185 0.528606 -3.52949 -8.24507 0.523026 -3.38038 -8.25699 0.513614 -2.8546 -8.26758 0.504772 -2.77358 -8.24926 0.504072 -2.45758 -8.26695 0.558366 -3.82061 -8.19584 0.542025 -3.19377 -8.21342 0.532993 -2.86719 -8.2369 0.564342 -4.04377 -8.20027 0.595463 -3.9168 -8.18365 0.544367 -3.58379 -8.20447 0.552259 -3.06394 -8.19166 0.567163 -2.90226 -8.16419 0.563242 -2.83498 -8.14155 0.614002 -3.81204 -8.10833 0.612232 -3.66271 -8.10585 0.59434 -3.54376 -8.12753 0.593621 -3.24995 -8.12665 0.557457 -4.10614 -8.11452 0.456445 -4.15894 -8.16362 0.60716 -3.98182 -8.15697 -0.68314 -4.37475 -8.18892 -0.50598 -4.37842 -8.18713 -0.973211 -4.33873 -8.18534 -0.79851 -4.36088 -8.18013 -0.30813 -4.36676 -8.182 -0.0493257 -4.3293 -8.17771 0.162757 -4.27963 -8.17493 0.336244 -4.22053 -8.18013 0.623756 -3.9289 -8.13393 0.597411 -3.06122 -8.12117 0.619625 -4.03731 -8.12153 0.690519 -3.98429 -8.07303 0.623695 -3.57772 -8.10203 0.675259 -3.68309 -8.06393 0.619526 -3.44928 -8.09724 0.62252 -3.12432 -8.09597 0.62699 -2.9036 -8.09601 0.666502 -2.83483 -8.06346 0.701944 -3.88897 -8.04366 0.676009 -3.38057 -8.06226 0.672622 -3.15724 -8.06226 0.701539 -4.03843 -8.04279 -1.13921 -4.25303 -8.07297 -0.956529 -4.28017 -8.05753 -0.792253 -4.29814 -8.05307 -0.641476 -4.31669 -8.06892 -0.307412 -4.30845 -8.06185 -0.118004 -4.28863 -8.05631 0.0893356 -4.26793 -8.07613 0.222769 -4.23665 -8.06665 0.336244 -4.2087 -8.06665 0.461226 -4.17027 -8.05725 0.735433 -3.94213 -8.00847 0.704524 -3.76451 -8.03429 0.70455 -3.31035 -8.03171 0.705337 -2.84131 -8.02423 0.742193 -3.98206 -7.9765 0.722724 -3.82596 -7.99461 0.725166 -3.35158 -7.98657 0.567884 -4.13056 -8.00918 0.661923 -4.08773 -8.0094 0.71213 -4.05545 -7.95355 0.725359 -2.84932 -7.98318 0.637059 -4.10838 -7.94372 0.73318 -3.82621 -7.93769 0.732092 -3.35779 -7.95587 0.474954 -4.15307 -7.95203 -0.707737 -4.24191 -7.96316 -0.893903 -4.21393 -7.94585 -0.533746 -4.25578 -7.97667 -0.175452 -4.23763 -7.96632 0.120721 -4.2061 -7.96058 0.280966 -4.1871 -7.96189 0.402438 -4.17562 -8.00046 0.73354 -3.37285 -7.90648 0.669265 -4.07244 -7.85853 0.705475 -4.03989 -7.86063 0.727617 -3.95418 -7.88692 0.725332 -3.71584 -7.88499 -0.869458 -4.17103 -7.89193 -0.683219 -4.18929 -7.89971 -0.390509 -4.19556 -7.90731 0.0180634 -4.168 -7.89377 0.327336 -4.1494 -7.9021 0.43386 -4.13727 -7.89703 0.622221 -4.09979 -7.87859 0.721656 -3.44989 -7.86865 0.704002 -3.95916 -7.84457 0.65512 -4.02492 -7.80761 0.703072 -3.49711 -7.84001 0.706106 -2.84971 -7.8358 -0.601149 -4.13032 -7.84582 -0.883959 -4.10495 -7.83216 -0.402058 -4.11751 -7.84101 -0.114743 -4.12097 -7.84614 0.195352 -4.0911 -7.82713 0.344591 -4.09966 -7.83868 0.57995 -4.07819 -7.82861 -0.718213 -4.04961 -7.79916 -0.892808 -4.04048 -7.79412 -0.575383 -4.05912 -7.79839 -0.456574 -4.0551 -7.80653 -0.299589 -4.05173 -7.79987 0.2391 -4.04872 -7.80469 0.145362 -4.05208 -7.799 0.378984 -4.05803 -7.80347 0.66643 -3.68067 -7.80748 0.669136 -3.50993 -7.80905 -0.774465 -3.96415 -7.78849 -0.898888 -3.90648 -7.78603 -0.673116 -4.00993 -7.7953 -0.538358 -4.00744 -7.78878 -0.631699 -3.7501 -7.79006 -0.66769 -3.6762 -7.78781 -0.888903 -3.81244 -7.79117 -0.451971 -3.69 -7.78628 -0.447132 -3.99261 -7.79313 -0.200975 -4.02637 -7.79557 -0.210923 -4.0761 -7.81623 -0.280748 -4.00256 -7.7903 0.614919 -3.27774 -7.78368 0.581414 -3.30928 -7.7798 0.618554 -3.60765 -7.78838 0.648383 -3.2249 -7.79425 -0.04578 -4.02261 -7.79452 -0.180022 -3.88721 -7.7892 0.61654 -2.87839 -7.78239 0.0564714 -4.00268 -7.79065 0.221855 -3.9657 -7.78988 0.458278 -4.01234 -7.7882 -0.315581 -3.47868 -7.78342 -0.440441 -3.34815 -7.77932 0.00529831 -3.63316 -7.78337 0.00305181 -3.50875 -7.78209 0.28218 -3.75576 -7.78498 -0.226137 -3.28376 -7.77774 0.610782 -4.02267 -7.79375 0.432224 -3.54876 -7.78166 0.581501 -3.7344 -7.78413 0.576873 -2.90861 -7.78056 -1.48929 -4.16671 -8.7475 -1.50964 -4.15309 -8.66027 -1.58498 -4.02276 -8.74744 -1.58458 -4.01471 -8.63632 -1.60748 -3.92682 -8.7475 -1.60442 -3.91999 -8.54128 -1.62107 -3.74152 -8.74745 -1.6126 -3.78489 -8.60588 -1.61362 -3.64793 -8.64147 -1.62692 -3.36397 -8.62001 -1.64044 -3.30321 -8.74739 -1.36297 -4.28067 -8.74747 -1.48225 -4.20473 -8.49312 -1.24726 -4.3481 -8.7475 -1.63221 -3.08629 -8.63713 -1.65341 -2.96171 -8.7475 -1.65074 -2.83194 -8.63321 -1.66733 -2.79206 -8.7475 -1.67878 -2.61776 -8.6424 -1.69726 -2.62721 -8.7475 -1.75368 -2.45164 -8.7475 -1.71544 -2.47501 -8.63078 -1.81719 -2.33433 -8.7475 -1.78007 -2.35455 -8.63582 -1.86502 -2.23849 -8.63544 -1.54838 -4.13501 -8.44205 -1.58419 -4.04778 -8.54873 -1.59448 -3.70334 -8.56524 -1.59537 -3.58833 -8.57236 -1.59147 -3.49945 -8.51525 -1.39465 -4.26992 -8.50427 -1.60008 -3.21805 -8.54378 -1.61112 -3.08131 -8.57609 -1.6453 -2.68984 -8.58187 -1.65152 -2.57037 -8.57166 -1.58233 -2.62914 -8.47487 -1.71061 -2.40607 -8.56549 -1.66519 -2.50735 -8.56758 -1.73101 -2.33905 -8.54142 -1.81982 -2.24802 -8.57234 -1.58313 -4.03371 -8.4542 -1.59518 -3.81409 -8.49799 -1.59061 -3.73561 -8.52549 -1.54476 -3.64046 -8.49657 -1.59361 -3.38614 -8.5202 -1.58535 -3.09664 -8.52775 -1.59018 -2.94779 -8.50535 -1.59625 -2.80552 -8.50157 -1.57614 -2.67087 -8.43716 -1.55343 -2.56097 -8.47038 -1.55208 -2.46649 -8.46089 -1.64115 -2.43796 -8.50814 -1.76787 -2.24108 -8.51115 -1.91024 -2.11791 -8.52111 -1.25241 -4.33871 -8.52055 -1.58646 -3.91752 -8.475 -1.56192 -3.87667 -8.44428 -1.55239 -3.76463 -8.43123 -1.53071 -3.70534 -8.46513 -1.45566 -3.66412 -8.43975 -1.54006 -3.59474 -8.47621 -1.54302 -3.53494 -8.4299 -1.54756 -3.40745 -8.4517 -1.54388 -3.36735 -8.43404 -1.54938 -3.23031 -8.44327 -1.54047 -3.14629 -8.47147 -1.53309 -3.08383 -8.45688 -1.48569 -3.02786 -8.33476 -1.53461 -2.99697 -8.40875 -1.55698 -2.89491 -8.44008 -1.568 -2.82208 -8.46796 -1.64786 -2.38636 -8.45109 -1.668 -2.30481 -8.47159 -1.69883 -2.22193 -8.45836 -1.79142 -2.1277 -8.4332 -1.45981 -3.14264 -8.4019 -1.4972 -2.8302 -8.38217 -1.54811 -2.74414 -8.42112 -1.50945 -2.62799 -8.43237 -1.53244 -2.46648 -8.4347 -1.46675 -2.55567 -8.41044 -1.56018 -2.43867 -8.42349 -1.62418 -2.39775 -8.41393 -1.59378 -2.31605 -8.42242 -1.61669 -2.27403 -8.43712 -1.63627 -2.20449 -8.43106 -1.52836 -3.92832 -8.37152 -1.45307 -3.73828 -8.36173 -1.43551 -3.59076 -8.37998 -1.45903 -3.51139 -8.36469 -1.4815 -3.39437 -8.37084 -1.53363 -3.31954 -8.382 -1.5181 -3.21377 -8.3824 -1.45091 -3.11003 -8.38068 -1.53299 -2.89554 -8.37711 -1.47162 -2.66965 -8.40969 -1.48898 -2.62185 -8.40708 -1.44429 -2.52215 -8.39466 -1.4594 -2.42715 -8.40996 -1.62396 -2.36459 -8.40322 -1.4875 -2.39287 -8.40642 -1.54279 -2.32366 -8.40259 -1.53682 -2.22197 -8.4037 -1.56645 -2.11559 -8.40613 -1.65148 -2.10385 -8.41021 -1.77902 -2.04482 -8.40684 -1.528 -4.1505 -8.38363 -1.47399 -4.2069 -8.37521 -1.40282 -4.25812 -8.38523 -1.12702 -4.36775 -8.40637 -1.25241 -4.32749 -8.40708 -1.53787 -4.089 -8.33679 -1.46431 -3.85893 -8.3518 -1.45068 -3.77069 -8.3367 -1.42179 -3.66182 -8.35505 -1.48852 -3.18941 -8.34783 -1.49873 -2.8704 -8.35732 -1.49624 -2.76006 -8.3718 -1.48574 -2.6259 -8.36001 -1.44453 -2.73186 -8.35402 -1.45515 -2.66305 -8.37673 -1.5933 -2.36995 -8.36376 -1.52712 -2.34589 -8.37547 -1.45259 -2.38525 -8.36747 -1.5299 -2.27101 -8.38335 -1.50014 -2.21104 -8.35671 -1.53947 -2.12445 -8.38429 -1.69444 -2.055 -8.36578 -1.7641 -2.02663 -8.35306 -1.62018 -2.09937 -8.36796 -1.55716 -2.09692 -8.37227 -1.42797 -2.43853 -8.3725 -1.42304 -2.50046 -8.3637 -1.51133 -4.02867 -8.31339 -1.41078 -3.62878 -8.33676 -1.36302 -3.585 -8.34166 -1.36967 -3.52271 -8.35033 -1.50165 -3.32134 -8.355 -1.40262 -2.93547 -8.34068 -1.43308 -3.43886 -8.33666 -1.43464 -3.35312 -8.35551 -1.40905 -3.14764 -8.36077 -1.40198 -3.06778 -8.3443 -1.43895 -2.84052 -8.35659 -1.35426 -2.89012 -8.35132 -1.36745 -2.80762 -8.36217 -1.41969 -2.78289 -8.34708 -1.34173 -2.79767 -8.34717 -1.36492 -2.75477 -8.34246 -1.46936 -2.65579 -8.32382 -1.4651 -2.55898 -8.34113 -1.57654 -2.2807 -8.32767 -1.55 -2.12973 -8.32913 -1.73405 -2.04498 -8.34951 -1.41984 -3.87187 -8.30474 -1.34826 -3.51371 -8.30575 -1.37153 -3.46151 -8.31681 -1.42185 -3.2679 -8.32189 -1.40012 -3.41614 -8.31999 -1.35683 -3.30626 -8.30518 -1.40521 -3.20848 -8.30691 -1.37543 -3.17343 -8.29316 -1.36459 -3.08597 -8.30575 -1.34152 -3.02139 -8.35784 -1.30597 -3.0151 -8.31447 -1.33184 -2.85821 -8.32303 -1.41115 -2.74846 -8.32365 -1.45003 -2.70313 -8.3072 -1.3356 -2.76728 -8.31727 -1.43693 -2.39008 -8.29354 -1.56277 -2.32864 -8.26564 -1.62261 -2.12311 -8.32246 -1.53699 -2.18597 -8.28889 -1.70914 -2.08103 -8.30683 -1.66671 -2.02011 -8.29001 -1.62317 -1.98531 -8.31234 -1.58065 -1.97627 -8.29999 -1.49571 -2.51321 -8.27812 -1.42583 -2.42546 -8.27329 -1.46425 -3.99561 -8.27655 -1.42028 -3.7693 -8.28436 -1.4116 -3.62063 -8.28437 -1.36638 -3.58228 -8.29837 -1.36623 -3.45471 -8.28807 -1.37151 -3.41977 -8.27863 -1.31408 -2.94656 -8.28556 -1.41622 -2.73806 -8.26981 -1.37946 -2.74384 -8.27667 -1.33887 -2.76515 -8.26644 -1.48047 -2.63069 -8.26927 -1.6417 -2.09626 -8.29538 -1.58934 -2.10437 -8.29719 -1.75222 -2.06165 -8.27437 -1.62617 -2.04545 -8.27664 -1.47306 -2.47146 -8.26896 -1.47462 -4.16727 -8.27403 -1.42305 -4.21246 -8.26577 -1.39214 -4.24358 -8.29216 -1.26576 -4.28446 -8.24581 -1.16159 -4.31727 -8.24692 -1.40893 -3.87151 -8.26939 -1.42576 -3.69055 -8.25923 -1.43402 -3.56042 -8.22647 -1.36719 -3.50767 -8.26572 -1.37416 -3.45414 -8.2561 -1.3586 -3.34532 -8.2599 -1.36895 -3.26456 -8.25507 -1.37934 -3.20503 -8.24901 -1.37017 -3.06166 -8.24147 -1.33469 -2.95826 -8.24564 -1.33312 -2.79398 -8.24359 -1.50916 -2.58174 -8.22801 -1.57543 -2.26324 -8.24746 -1.59655 -2.06868 -8.24588 -1.68774 -2.05792 -8.27754 -1.74305 -2.02488 -8.26038 -1.61527 -2.0216 -8.2553 -1.58246 -1.95514 -8.26645 -1.48979 -4.04504 -8.22553 -1.47175 -3.99422 -8.19954 -1.4139 -3.84661 -8.22502 -1.44747 -3.62708 -8.22179 -1.39338 -3.46043 -8.22623 -1.38297 -2.9716 -8.19657 -1.43687 -2.76569 -8.18395 -1.46386 -2.72463 -8.16974 -1.46295 -2.35288 -8.20843 -1.53194 -2.18418 -8.21759 -1.41668 -2.39258 -8.21445 -1.47177 -4.09534 -8.18895 -1.45832 -3.87237 -8.1452 -1.44168 -3.82446 -8.17161 -1.45902 -3.69722 -8.19562 -1.4866 -2.63271 -8.16055 -1.38912 -3.31105 -8.20732 -1.41744 -3.0737 -8.16569 -1.37207 -2.82583 -8.19797 -1.51559 -2.4809 -8.19383 -1.51752 -2.28907 -8.18423 -1.60826 -2.1066 -8.16497 -1.63018 -2.04501 -8.1603 -1.41924 -2.43558 -8.1793 -1.50209 -3.59491 -8.1739 -1.4959 -2.54799 -8.14369 -1.42522 -3.39504 -8.17907 -1.43535 -3.19959 -8.15264 -1.49438 -2.32497 -8.15232 -1.51798 -2.24767 -8.16224 -1.52647 -2.19679 -8.16258 -1.42232 -2.3925 -8.16436 -1.42188 -4.15583 -8.16157 -1.51594 -3.65431 -8.1473 -1.52359 -3.46034 -8.14345 -1.48739 -3.25989 -8.13116 -1.50807 -2.86574 -8.07974 -1.47795 -2.8154 -8.1191 -1.4674 -2.48676 -8.14052 -1.52257 -2.26132 -8.14044 -1.56235 -2.16137 -8.14637 -1.54968 -3.64436 -8.10803 -1.51967 -2.73038 -8.10889 -1.52507 -2.66691 -8.11025 -1.50925 -2.57113 -8.12706 -1.47424 -2.97236 -8.10992 -1.68027 -2.12343 -8.09149 -1.44443 -2.46352 -8.11643 -1.43704 -2.42273 -8.11594 -1.52015 -2.34924 -8.09196 -1.35689 -4.16674 -8.07171 -1.42432 -4.11211 -8.07267 -1.27703 -4.18727 -8.01746 -1.45999 -4.06826 -8.12399 -1.47035 -3.95971 -8.11226 -1.55974 -3.58825 -8.07503 -1.55731 -3.47822 -8.08333 -1.53523 -3.27342 -8.10101 -1.52499 -3.14529 -8.07597 -1.56825 -2.57056 -8.09386 -1.49131 -2.51469 -8.07841 -1.54487 -2.31695 -8.09115 -1.61759 -2.17229 -8.09432 -1.56129 -2.26546 -8.0213 -1.68602 -1.8968 -8.07557 -1.50361 -2.40034 -8.07209 -1.56627 -3.69175 -8.03111 -1.54855 -3.35595 -8.0522 -1.5501 -3.2088 -8.0485 -1.5276 -2.96303 -8.05132 -1.5622 -2.71418 -8.0311 -1.63258 -2.23327 -8.03181 -1.59535 -2.25074 -8.01288 -1.74206 -2.19519 -8.0413 -1.71297 -2.04641 -8.05493 -1.75382 -2.13724 -8.03723 -1.52606 -2.47374 -8.03231 -1.53479 -3.77809 -8.0625 -1.46824 -4.05144 -8.05486 -1.56006 -3.58265 -7.99006 -1.55231 -3.13069 -8.01121 -1.55887 -2.77616 -7.9704 -1.57942 -2.62274 -8.01859 -1.5257 -2.54531 -8.02477 -1.54708 -2.36407 -8.02452 -1.69875 -2.22576 -8.03821 -1.54501 -3.48189 -8.00188 -1.57244 -2.41217 -7.95686 -1.75743 -2.22653 -8.00924 -1.70079 -2.24166 -8.00944 -1.78193 -2.08578 -7.98824 -1.76355 -2.00958 -8.01203 -1.52982 -3.97055 -8.0003 -1.53946 -4.0204 -7.93879 -1.57681 -3.74425 -7.97329 -1.42654 -4.1056 -8.01092 -1.57961 -3.65934 -7.9323 -1.5448 -3.35692 -7.97682 -1.57013 -2.71099 -7.96477 -1.59167 -2.63646 -7.96442 -1.57881 -2.60661 -7.94297 -1.56789 -2.55987 -7.95881 -1.78125 -2.24031 -7.94555 -1.80557 -2.22686 -7.95108 -1.62825 -2.2319 -7.95838 -1.58077 -2.28932 -7.94268 -1.78875 -1.97906 -7.98186 -1.55239 -3.90268 -7.93651 -1.55803 -3.38544 -7.93167 -1.56557 -3.19135 -7.94303 -1.5662 -2.84458 -7.93522 -1.59501 -2.34869 -7.89478 -1.80181 -2.02655 -7.95491 -1.45668 -4.09147 -7.95364 -1.36067 -4.11871 -7.90759 -1.2151 -4.17658 -7.95965 -1.10102 -4.18087 -7.93817 -1.53543 -4.03035 -7.89644 -1.56476 -3.56899 -7.90514 -1.57833 -2.78922 -7.89327 -1.57607 -2.66256 -7.90735 -1.6313 -2.23609 -7.88449 -1.59266 -2.25889 -7.86539 -1.81944 -2.19613 -7.91185 -1.8162 -2.0443 -7.91181 -1.49249 -4.05914 -7.86443 -1.57208 -3.69771 -7.88231 -1.5636 -3.17372 -7.90143 -1.55947 -2.85373 -7.88792 -1.57354 -2.65653 -7.85905 -1.58266 -2.40034 -7.87394 -1.78872 -2.24264 -7.87379 -1.82186 -2.21931 -7.86056 -1.32342 -4.09294 -7.84633 -1.04034 -4.15287 -7.89747 -1.53541 -3.82779 -7.85521 -1.55258 -3.58928 -7.86884 -1.55175 -3.23879 -7.86745 -1.55406 -3.02021 -7.86628 -1.81769 -2.12621 -7.86837 -1.49715 -4.00826 -7.83505 -1.49776 -3.90453 -7.81689 -1.52432 -3.73858 -7.83126 -1.53444 -3.62733 -7.84176 -1.5354 -3.37356 -7.84213 -1.53749 -2.97131 -7.83746 -1.52317 -2.85457 -7.82297 -1.56342 -2.79498 -7.82575 -1.78701 -2.22816 -7.81616 -1.76305 -2.23679 -7.8397 -1.62626 -2.22209 -7.8188 -1.81231 -2.03445 -7.84052 -1.42907 -4.04364 -7.81052 -1.20981 -4.06507 -7.81453 -1.30954 -4.05987 -7.8072 -1.001 -4.08461 -7.83433 -1.50002 -3.69888 -7.81056 -1.4993 -3.4766 -7.80924 -0.984196 -4.0268 -7.80472 -1.51034 -2.95805 -7.81034 -1.53816 -2.79069 -7.78553 -1.56525 -2.35649 -7.81301 -1.806 -2.19351 -7.81274 -1.80099 -1.90792 -7.81214 -1.5797 -2.23322 -7.81853 -1.5675 -2.29358 -7.80037 -1.38653 -3.94948 -7.79304 -1.4325 -3.91239 -7.79069 -1.28493 -4.01421 -7.79118 -1.30807 -3.83525 -7.7952 -1.11231 -4.00593 -7.80503 -1.12579 -3.85871 -7.79309 -1.44497 -3.52801 -7.79157 -1.34374 -3.54145 -7.7876 -1.04917 -3.69908 -7.78752 -1.03645 -3.80493 -7.78783 -1.14085 -3.6553 -7.78482 -0.91513 -3.67304 -7.78664 -1.09829 -3.41761 -7.782 -0.836287 -3.40819 -7.78291 -1.44894 -3.44353 -7.78544 -1.46574 -3.06452 -7.78526 -1.47195 -2.85358 -7.78855 -1.54041 -2.34572 -7.7782 -1.77596 -2.1835 -7.773 -1.73247 -2.1987 -7.77275 -1.78797 -2.13862 -7.78471 -1.55951 -2.22225 -7.79005 -1.5585 -2.18609 -7.76928 -1.78785 -1.84002 -7.78867 -1.50343 -2.78756 -7.75581 -1.4149 -3.11044 -7.77789 -0.968583 -3.32136 -7.78037 -1.4066 -2.8557 -7.77714 -1.04969 -2.88673 -7.77958 -1.14604 -2.8499 -7.77677 -0.799801 -2.84914 -7.7736 -1.02178 -2.7931 -7.73691 -1.51096 -2.22781 -7.75437 -1.70962 -2.16085 -7.74596 -1.75487 -2.14417 -7.75446 -1.75 -1.90099 -7.75336 -1.43393 -2.78813 -7.73289 -1.17583 -2.7912 -7.73954 -1.47509 -2.75296 -7.74353 -1.42998 -2.45126 -7.73435 -1.1715 -2.75815 -7.73435 -0.816294 -2.76336 -7.73375 -1.48133 -2.20576 -7.7419 -1.49842 -2.12222 -7.73949 -1.63918 -2.08551 -7.72857 -1.67839 -2.04878 -7.72814 -1.72942 -2.02798 -7.74287 -1.67423 -1.77473 -7.72668 -1.72623 -1.67837 -7.74302 -1.42302 -2.08218 -7.72796 -1.45121 -2.11611 -7.73669 -1.06938 -2.11163 -7.73723 -1.64885 -2.05385 -7.70025 -1.61898 -2.06956 -7.69637 -1.65628 -2.0252 -7.69541 -1.43301 -2.06719 -7.69656 -1.65456 -1.72682 -7.69642 -1.13034 -2.06581 -7.69672 -1.64927 -2.05435 -7.44243 -1.65408 -1.903 -7.49143 -1.65643 -2.02564 -7.4416 -1.62149 -2.0705 -7.44365 -1.65593 -1.65353 -7.4433 -1.6513 -1.91303 -7.43322 -1.62846 -2.05677 -7.41108 -1.64542 -2.02905 -7.415 -1.63531 -1.85758 -7.409 -1.61931 -2.02625 -7.39881 -1.60246 -1.85922 -7.4015 -1.42998 -2.02871 -7.40233 -1.53814 -1.91243 -7.40299 -0.685034 0.416598 -8.63403 -0.548502 0.389221 -8.63446 -0.685034 0.435555 -8.7475 -0.536271 0.400508 -8.74751 0.884349 -1.51535 -8.6335 0.881559 -1.57007 -8.7475 0.891932 -1.24931 -8.74751 0.89157 -1.00487 -8.63041 0.89124 -0.898779 -8.74751 0.87692 -0.663195 -8.62682 0.859188 -0.392875 -8.74749 0.859351 -0.383666 -8.615 0.844379 -0.212627 -8.60296 0.735022 0.152528 -8.61131 0.783858 0.0544408 -8.63635 0.683683 0.16604 -8.7475 0.779277 0.0168551 -8.74765 0.831347 -0.18213 -8.7475 0.81847 -0.0241477 -8.5567 -0.259502 0.371438 -8.7475 -0.25877 0.362758 -8.63743 0.0525556 0.346778 -8.7475 0.0320283 0.342076 -8.62467 0.236548 0.32138 -8.56369 0.356655 0.310949 -8.74746 0.330058 0.315174 -8.58876 0.427518 0.298786 -8.63238 0.5391 0.273711 -8.62407 0.556564 0.252777 -8.74748 0.626234 0.225698 -8.65929 0.669488 0.213233 -8.61708 -0.669572 0.370224 -8.53563 0.881792 -1.07825 -8.52624 0.872401 -1.56247 -8.52379 0.872758 -0.742278 -8.51301 0.852951 -0.313164 -8.51921 0.787645 0.119765 -8.54315 -0.523946 0.356226 -8.5239 -0.254285 0.340673 -8.53034 0.621988 0.269145 -8.5557 0.857195 -0.518505 -8.5204 0.845191 -0.187643 -8.45883 0.0382436 0.325202 -8.46038 0.538358 0.304557 -8.50946 0.675624 0.280464 -8.49172 0.746301 0.223612 -8.52212 0.862683 -1.41118 -8.47012 0.866397 -1.04021 -8.43744 0.857998 -0.77109 -8.41338 0.833426 -0.638081 -8.42045 0.847528 -0.496467 -8.48054 0.828839 -0.508506 -8.4249 0.828468 0.0791823 -8.41693 0.81971 0.117866 -8.46562 -0.398392 0.329362 -8.44783 -0.304792 0.320899 -8.43802 0.126085 0.313161 -8.4046 0.352099 0.322393 -8.46177 0.608084 0.320421 -8.43833 0.795296 0.213843 -8.48274 0.726342 0.28348 -8.47268 0.777184 0.295179 -8.44592 0.834966 -0.399974 -8.40812 0.619166 0.323708 -8.34913 0.828268 0.252477 -8.40912 0.834878 -0.23201 -8.39187 0.174203 0.316527 -8.34831 0.397399 0.318329 -8.35237 0.715458 0.293793 -8.35415 0.787369 0.305964 -8.40329 0.84303 -1.14433 -8.36601 0.843119 -1.37056 -8.40715 0.840344 -0.740969 -8.32891 0.827074 -0.482241 -8.32702 -0.364704 0.32472 -8.35406 -0.0357285 0.317077 -8.35633 0.0393721 0.319303 -8.35529 0.820375 0.131361 -8.33955 0.840533 0.24675 -8.33642 0.825271 0.282043 -8.33831 0.834856 -0.938524 -8.32139 0.833787 -0.325411 -8.33071 -0.292435 0.31276 -8.3472 0.0838644 0.305951 -8.33625 0.787565 0.302675 -8.30028 0.838535 -1.29269 -8.32115 0.83861 -1.04242 -8.32107 0.817746 -0.0502849 -8.30047 -0.438074 0.305031 -8.29452 -0.345421 0.29494 -8.29737 -0.27095 0.299051 -8.30711 -0.0442536 0.29372 -8.29026 0.0522198 0.298296 -8.29999 0.396481 0.298358 -8.29368 0.760118 -1.47599 -8.29499 0.75515 -1.64861 -8.29906 0.818538 -1.50601 -8.2958 0.817552 -1.30763 -8.29296 0.762195 -1.17359 -8.29357 0.819427 -1.05046 -8.29218 0.819184 -0.770975 -8.29212 0.816565 -0.640634 -8.29229 0.815162 -0.396915 -8.2937 0.816611 -0.272517 -8.29507 0.798948 0.118946 -8.28409 0.658521 0.300453 -8.2956 0.717038 0.300631 -8.25368 0.814611 0.267493 -8.28649 0.742731 -1.5561 -8.26536 0.762118 -1.30312 -8.28923 0.744223 -1.16822 -8.26509 0.747543 -1.02723 -8.26452 0.761886 -1.01085 -8.28237 0.761661 -0.84679 -8.28335 0.749933 -0.799792 -8.26591 0.761423 -0.651923 -8.27641 0.751348 -0.586007 -8.26486 0.759363 -0.524494 -8.26925 0.751156 -0.425493 -8.27435 0.757851 -0.27679 -8.26748 0.758242 -0.0363007 -8.26793 -0.319863 0.295887 -8.25143 -0.513517 0.312185 -8.25634 -0.221362 0.299993 -8.24688 -0.0506497 0.300329 -8.25287 0.122961 0.299138 -8.25984 0.341823 0.298099 -8.25811 0.472459 0.299992 -8.26365 0.76214 0.181165 -8.26339 0.75564 0.285137 -8.25115 0.744862 -1.1877 -8.23723 0.74673 -1.11653 -8.23679 0.750266 -0.659488 -8.236 0.750619 -0.519862 -8.22862 0.747453 -0.406587 -8.23799 0.751112 -0.160095 -8.23356 0.753362 0.0232628 -8.23495 0.756836 0.108259 -8.23258 0.750156 0.217548 -8.23372 0.756753 0.302587 -8.23411 0.773899 -1.20148 -8.16191 0.779439 -1.25724 -8.15332 0.781193 -0.847019 -8.15517 0.785408 -0.68111 -8.14312 -0.282814 0.336151 -8.20828 -0.519702 0.346793 -8.20517 0.144638 0.339151 -8.20928 0.457557 0.33864 -8.20664 0.735752 0.338017 -8.21267 0.783845 -1.01249 -8.14525 0.793709 -0.139397 -8.13032 0.796695 0.0324724 -8.13989 0.790601 0.182884 -8.14546 -0.343387 0.360247 -8.15107 -0.144358 0.361225 -8.15928 0.346001 0.363144 -8.15003 0.671129 0.362006 -8.16283 0.769533 0.375616 -8.13887 0.795992 0.334163 -8.14621 0.790034 -0.372024 -8.1346 -0.485798 0.358576 -8.15088 0.137506 0.362267 -8.15542 0.551825 0.378198 -8.13744 0.850538 -0.63492 -8.06588 0.824637 0.203055 -8.10144 -0.388842 0.393279 -8.11107 -0.267623 0.415419 -8.0819 0.33622 0.418245 -8.07419 0.817974 0.374547 -8.11726 0.845473 -1.21561 -8.07633 0.83418 -1.11401 -8.08004 0.85766 -1.02125 -8.06338 0.837758 -0.924364 -8.07766 0.851249 -0.430703 -8.06719 0.844422 -0.0830046 -8.08094 0.000418738 0.41966 -8.05783 0.135728 0.422006 -8.07095 0.434037 0.419627 -8.06999 0.691842 0.417711 -8.07206 0.826998 0.419935 -8.07396 0.849308 -1.33225 -8.06349 0.893632 -0.912326 -8.03034 -0.313893 0.454227 -8.04976 0.61288 0.452615 -8.05297 0.854669 0.34045 -8.05433 0.912768 -1.34424 -8.01229 0.890801 -0.246285 -8.04296 0.927528 -0.102513 -8.00614 0.884048 0.180071 -8.04025 -0.382753 0.528173 -7.96665 -0.080659 0.500119 -7.99693 0.177648 0.48815 -8.01547 0.377968 0.48639 -8.01817 0.794183 0.493556 -8.0177 0.859563 0.49089 -8.03277 0.881288 0.465047 -8.03914 0.929846 -1.06864 -7.99593 0.918851 -0.611691 -8.00932 0.930827 -0.388435 -8.0049 0.930954 0.136478 -8.00096 0.932884 0.30465 -8.00025 0.939883 0.517723 -7.98864 0.937053 -1.4059 -7.98534 0.936239 -0.822374 -7.98824 0.937516 -0.541418 -7.98765 -0.0687063 0.522925 -7.97031 0.211109 0.527306 -7.97089 0.513525 0.527787 -7.97192 0.820711 0.523116 -7.97846 0.957648 -0.94224 -7.94917 0.960326 -0.566971 -7.9436 0.959236 -0.185129 -7.94976 0.958478 0.252339 -7.95121 0.932585 0.543147 -7.92954 0.961178 0.508668 -7.95642 0.966295 0.269697 -7.92409 -0.0505928 0.540167 -7.92205 0.456722 0.543873 -7.92231 0.971368 0.498537 -7.91251 0.965405 0.535784 -7.89402 0.964323 -1.00239 -7.92375 0.966707 -0.90484 -7.89648 0.967951 0.00762469 -7.89665 -0.0848518 0.543377 -7.89692 0.685119 0.546715 -7.88251 0.843833 0.545776 -7.89595 0.933795 0.547296 -7.85868 0.970836 0.50216 -7.87269 0.965798 0.0181128 -7.86821 0.965346 -0.899341 -7.86829 -0.26714 0.544567 -7.87054 0.112542 0.542406 -7.85135 0.959006 -0.655227 -7.84136 0.959351 -1.29651 -7.84398 0.959695 0.112896 -7.84165 -0.193005 0.537867 -7.84132 0.750734 0.537353 -7.83973 0.960436 0.51636 -7.82575 0.942816 -1.08245 -7.81026 0.942639 -0.738861 -7.81176 0.943756 -0.152962 -7.81015 0.943752 0.126236 -7.81257 0.195651 0.527653 -7.81081 -0.158458 0.526779 -7.80992 0.765231 0.526537 -7.81158 0.922914 0.521505 -7.79288 0.92657 -0.974773 -7.78894 0.926473 -0.717887 -7.78868 0.924696 -0.0737851 -7.78554 0.923525 0.123586 -7.7877 -0.117896 0.507822 -7.78178 0.182115 0.503516 -7.77627 0.642658 0.502321 -7.77979 0.929584 0.466792 -7.78309 0.874635 -1.4146 -7.75502 0.875645 -1.09395 -7.75723 0.846815 -1.06851 -7.74746 0.906287 -1.10498 -7.774 0.90353 -0.417571 -7.7699 0.875121 -0.377912 -7.75516 0.884247 -0.0946014 -7.75599 0.87149 0.129767 -7.75321 -0.0603587 0.498374 -7.7729 0.181315 0.471164 -7.7533 0.451838 0.469093 -7.75517 0.892436 0.470317 -7.75674 0.847354 -0.777717 -7.74578 0.818806 -0.941726 -7.72534 0.818772 -0.44639 -7.72544 0.846374 -0.436374 -7.746 0.846878 -0.193301 -7.74226 0.81941 0.216644 -7.72487 0.846851 0.225646 -7.74367 0.29959 0.41318 -7.73279 -0.346472 0.408214 -7.72799 0.199449 0.401595 -7.72583 0.586629 0.400934 -7.72659 0.813812 0.414404 -7.73695 0.797657 0.392674 -7.7146 0.824478 0.374229 -7.72834 0.81454 -0.752404 -7.69801 0.813675 -1.10402 -7.69837 0.811813 -0.521001 -7.69863 0.813027 -0.0471362 -7.69749 0.247701 0.386991 -7.69761 0.577128 0.389239 -7.69819 0.760975 0.39183 -7.69787 0.812247 0.243712 -7.6972 0.814727 0.356368 -7.68518 0.813883 -0.701385 -7.50623 0.814646 -0.144417 -7.56562 0.708776 0.389545 -7.59817 0.816139 -1.11491 -7.46991 0.797425 0.386901 -7.5338 0.815784 0.224487 -7.4453 0.208285 0.388054 -7.55522 0.819763 0.360685 -7.44044 0.539664 0.389154 -7.44239 0.816508 -0.399967 -7.44465 0.815334 -0.0140511 -7.44373 0.757296 0.391673 -7.44616 0.800069 0.392244 -7.44145 0.814325 -0.856544 -7.44255 0.154813 0.391883 -7.44225 0.80284 -0.353093 -7.41418 0.801031 -0.990077 -7.414 0.804569 0.212081 -7.41436 0.00664229 0.383564 -7.41505 0.534524 0.383949 -7.41532 0.78703 0.385909 -7.41328 0.813258 0.356341 -7.41489 0.391921 -1.10786 -7.38597 0.393362 -0.982671 -7.40586 0.371884 -0.992018 -7.37511 0.362727 -0.824023 -7.38119 0.3918 -0.766123 -7.40747 0.421834 -0.960472 -7.41048 0.364707 -0.735548 -7.38035 0.666026 -0.594007 -7.40768 0.436993 -0.488704 -7.4093 0.76233 -0.593389 -7.40308 0.773935 -1.02751 -7.40366 0.790313 -0.58937 -7.40764 0.292855 0.138718 -7.385 0.134492 0.0860336 -7.40358 0.0767624 0.0351421 -7.38546 0.360001 0.216734 -7.40395 0.388638 -0.594379 -7.396 0.426675 -0.402513 -7.3831 0.467465 -0.370272 -7.40959 0.462149 -0.305354 -7.38022 0.495093 -0.261206 -7.3995 0.562671 -0.175277 -7.4078 0.761863 -0.18154 -7.40137 0.789929 -0.167016 -7.40522 0.533092 -0.168876 -7.38863 0.703788 -0.0963386 -7.40389 0.586417 -0.0828241 -7.39007 0.649226 -0.0448728 -7.40598 0.650269 0.0106005 -7.38632 0.666768 -0.00370965 -7.40589 0.759378 0.0975808 -7.40042 0.789933 0.132329 -7.40608 0.747405 0.116959 -7.38652 -0.0404896 0.328608 -7.39822 0.46544 0.307828 -7.4008 0.504326 0.357628 -7.39988 0.46393 0.272363 -7.38924 0.528446 0.332239 -7.38514 0.595996 0.354486 -7.39661 0.576801 0.329988 -7.38793 0.753295 0.197931 -7.40057 0.740281 0.164437 -7.38497 0.781711 0.354831 -7.39267 0.210331 0.0866618 -7.35488 0.3825 0.194542 -7.35334 0.383047 -0.57341 -7.35955 0.504487 -0.212113 -7.36198 0.555822 -0.119129 -7.35372 0.641972 0.00807692 -7.36053 0.739801 0.121298 -7.35414 0.732328 0.16064 -7.35627 0.534252 0.323902 -7.35337 0.567747 0.322346 -7.35747 0.742604 0.118865 -7.15985 0.531776 0.31924 -7.16231 0.569054 0.319888 -7.16279 0.367687 -0.715141 -7.15525 0.49565 -0.239441 -7.15603 0.537808 -0.155495 -7.13868 0.367749 -0.925154 -7.15607 0.461283 -0.325158 -7.15946 0.647061 0.00437466 -7.13353 0.735381 0.158174 -7.13694 0.396276 -0.541378 -7.13876 0.580081 -0.0871027 -7.13259 0.277841 0.125811 -7.13681 0.166744 0.0657755 -7.1376 0.357639 0.17896 -7.16007 0.420431 -0.443436 -7.1401 0.359529 -0.725838 -7.12863 0.467334 -0.283904 -7.12827 0.73566 0.121759 -7.12626 0.397615 0.199682 -7.12549 0.466632 0.26156 -7.1322 0.529543 0.305471 -7.12034 0.567438 0.307557 -7.12694 0.283621 0.0931426 -7.10362 0.146926 0.00911705 -7.09928 0.334232 -0.583467 -7.08982 0.323234 -0.781281 -7.10048 0.369741 -0.468919 -7.10324 0.433322 -0.265887 -7.09774 0.481763 -0.166116 -7.09178 0.577323 -0.010912 -7.10182 0.425166 0.161506 -7.09773 0.634193 0.0221712 -7.10281 0.617864 0.0819129 -7.09701 0.693001 0.117202 -7.10578 0.624754 0.169853 -7.10241 0.705882 0.157999 -7.11423 0.458397 0.225852 -7.10405 0.541461 0.270623 -7.10037 0.600581 0.247236 -7.11391 0.564914 0.206294 -7.10455 0.303053 -0.759377 -7.05931 0.302037 -0.883946 -7.05906 0.313324 -0.629016 -7.05573 0.189294 0.0246947 -7.06423 0.157679 -0.00551554 -7.06259 0.247883 0.0701615 -7.06147 0.356268 0.111364 -7.06839 0.367139 -0.420661 -7.07951 0.423312 -0.250371 -7.07508 0.532865 -0.0448244 -7.06073 0.55818 0.00677688 -7.08878 0.47632 0.173318 -7.05901 0.53417 0.160583 -7.07617 0.533878 0.101475 -7.07229 0.576084 0.0578189 -7.06684 0.493596 0.207891 -7.08778 0.50782 0.167089 -7.05173 0.337583 -0.487003 -7.03356 0.244524 0.0698395 -7.00896 0.390619 -0.304856 -7.03187 0.489617 -0.166615 -7.00289 0.573979 0.0381022 -7.03824 0.410402 0.170371 -7.01387 0.513466 0.0987186 -7.04357 0.352234 0.127526 -6.98135 0.429316 -0.221107 -6.98843 0.60473 -0.00668912 -6.96016 0.568038 0.0709589 -7.01771 0.501893 0.175608 -7.0183 0.297003 -0.785828 -6.96037 0.310665 -0.630529 -6.97006 0.342182 -0.467007 -6.96709 0.224827 0.0128272 -6.96244 0.384762 -0.317497 -6.96845 0.533988 -0.0737419 -7.00039 0.567901 0.142605 -6.95273 0.544566 0.203255 -6.95396 0.53934 -0.0614916 -6.89908 0.574812 -0.0349842 -6.95479 0.402511 0.192429 -6.93315 0.640328 0.0420905 -6.92164 0.638628 0.0818994 -6.93405 0.631424 0.1015 -6.93132 0.468997 0.239673 -6.92941 0.507094 0.236251 -6.93876 0.30086 -0.678971 -6.93847 0.313942 -0.546971 -6.92699 0.337792 -0.434816 -6.92735 0.355863 0.119039 -6.89804 0.355334 -0.360528 -6.9143 0.430289 -0.176809 -6.92743 0.499022 -0.105434 -6.88434 0.264477 -0.801451 -6.87535 0.267506 -0.756643 -6.85781 0.266329 -0.606263 -6.87047 0.289836 -0.488017 -6.87149 0.327901 0.0760489 -6.85914 0.395078 -0.205117 -6.88277 0.617801 -0.0199804 -6.80153 0.588322 0.159174 -6.88198 0.570163 0.217984 -6.86677 0.279783 -0.561323 -6.86451 0.24492 -0.0180672 -6.88504 0.302903 0.0161266 -6.84215 0.355653 -0.338124 -6.85376 0.425838 -0.129086 -6.86543 0.506838 -0.07245 -6.81436 0.388238 0.149998 -6.81579 0.65765 0.0770134 -6.86569 0.443864 0.228249 -6.82266 0.485004 0.253022 -6.86177 0.54033 0.264436 -6.82521 0.263067 -0.656827 -6.77237 0.26874 -0.56753 -6.77154 0.316751 -0.455714 -6.81318 0.393854 -0.243901 -6.81412 0.407942 -0.207008 -6.823 0.43891 -0.104674 -6.8153 0.691103 0.0613651 -6.77051 0.645272 0.157194 -6.8212 0.594993 0.268727 -6.75825 0.27231 0.00375897 -6.79066 0.325243 0.0557433 -6.7925 0.685216 0.0247038 -6.71572 0.676187 0.124435 -6.80519 0.645914 0.242412 -6.71805 0.312255 -0.429729 -6.7204 0.357077 -0.323844 -6.77971 0.424076 -0.176983 -6.78468 0.555401 -0.0441253 -6.77874 0.361463 0.0944822 -6.73935 0.367456 -0.204435 -6.72323 0.445947 -0.143559 -6.75079 0.502071 -0.0864386 -6.74761 0.502744 -0.0861737 -6.67724 0.720329 0.124355 -6.73261 0.505197 0.275922 -6.75506 0.698136 0.185334 -6.7253 0.587323 -0.0378698 -6.57939 0.40147 0.176014 -6.69721 0.708316 0.0534867 -6.68291 0.433988 -0.163134 -6.67674 0.552346 0.295472 -6.66671 0.723963 0.0880166 -6.58393 0.61131 0.281055 -6.65307 0.419741 0.20345 -6.57746 0.703734 0.187241 -6.62743 0.677275 0.235646 -6.5492 0.707962 -2.29 -8.74753 0.724655 -2.20749 -8.64547 0.782212 -2.0919 -8.61526 0.798866 -2.04356 -8.7475 0.825979 -1.99774 -8.58392 0.855927 -1.84333 -8.74751 0.876041 -1.68074 -8.62498 0.851305 -1.91502 -8.51788 0.683771 -2.24827 -8.57581 0.730263 -2.16682 -8.58839 0.862879 -1.73023 -8.48934 0.66327 -2.22163 -8.51954 0.676445 -2.17733 -8.50605 0.745618 -2.12788 -8.52663 0.812644 -2.05447 -8.52055 0.849796 -1.99201 -8.47305 0.709161 -2.13154 -8.4811 0.615795 -2.13261 -8.43979 0.747011 -2.11888 -8.46047 0.795942 -2.10582 -8.47657 0.844777 -2.06839 -8.46082 0.843378 -1.94577 -8.42319 0.593258 -2.18588 -8.42175 0.623122 -2.11263 -8.41305 0.706614 -2.10834 -8.41417 0.795403 -2.13487 -8.3429 0.844149 -2.10341 -8.42354 0.863312 -2.06335 -8.39435 0.845282 -1.69723 -8.40305 0.594243 -2.14248 -8.4002 0.5949 -2.30838 -8.33989 0.719703 -2.12052 -8.35197 0.833305 -2.11458 -8.32015 0.84572 -1.91845 -8.33755 0.847375 -1.62144 -8.3444 0.59317 -2.13956 -8.32485 0.614933 -2.10674 -8.31203 0.674642 -2.11487 -8.31298 0.848338 -1.78676 -8.34124 0.772402 -2.1174 -8.30468 0.848449 -2.07652 -8.31981 0.84089 -1.90422 -8.32161 0.844125 -1.66695 -8.32359 0.534893 -2.39755 -8.31519 0.520439 -2.13324 -8.30057 0.563234 -2.13947 -8.30635 0.534011 -2.08074 -8.30852 0.506618 -2.07321 -8.27736 0.517499 -2.04819 -8.28007 0.601764 -2.0516 -8.28623 0.670685 -2.08259 -8.29945 0.652778 -2.04194 -8.2983 0.725206 -2.04683 -8.29626 0.811977 -2.08503 -8.29115 0.757911 -1.98995 -8.29909 0.818732 -1.78541 -8.29733 0.752708 -1.85694 -8.30105 0.818532 -1.99373 -8.30056 0.694204 -2.0218 -8.26895 0.739361 -1.99666 -8.26378 0.74071 -1.77769 -8.26593 0.50668 -2.59101 -8.23427 0.507411 -2.2806 -8.24054 0.512829 -2.08126 -8.23491 0.552668 -2.04749 -8.20103 0.712291 -2.02097 -8.23379 0.741609 -1.99022 -8.23772 0.745529 -1.5643 -8.23846 0.535056 -2.77228 -8.14968 0.536926 -2.67626 -8.1548 0.537363 -2.25204 -8.16068 0.626062 -2.06073 -8.15523 0.782108 -2.03724 -8.13646 0.777185 -1.73648 -8.14863 0.776276 -1.58631 -8.15795 0.540257 -2.08471 -8.18117 0.536825 -2.58543 -8.15471 0.583493 -2.22538 -8.10074 0.570844 -2.11762 -8.14578 0.753997 -2.06308 -8.14472 0.839866 -1.68118 -8.06805 0.595856 -2.68431 -8.07969 0.574393 -2.35675 -8.11403 0.839648 -1.84726 -8.0692 0.605546 -2.76016 -8.08208 0.600731 -2.56232 -8.06308 0.602791 -2.25195 -8.06511 0.615612 -2.15169 -8.075 0.629632 -2.11285 -8.07763 0.834432 -2.11233 -8.05902 0.61176 -2.37735 -8.06354 0.694356 -2.11525 -8.06547 0.851809 -2.01089 -8.06453 0.669132 -2.76844 -8.01606 0.684294 -2.56224 -8.00727 0.683635 -2.46056 -8.01297 0.664616 -2.21133 -8.02824 0.733572 -2.17389 -8.02114 0.902367 -2.06074 -8.02064 0.906221 -1.72447 -8.01924 0.70095 -2.79348 -7.9788 0.702404 -2.22689 -7.99363 0.894883 -2.16759 -8.0248 0.927448 -2.22502 -7.97604 0.712945 -2.61276 -7.96967 0.729798 -2.257 -7.94009 0.766952 -2.22842 -7.95585 0.935524 -2.164 -7.99016 0.93558 -1.82997 -7.98782 0.734365 -2.90113 -7.93723 0.71864 -2.81713 -7.93424 0.72823 -2.36107 -7.93527 0.958496 -2.19363 -7.95124 0.954403 -2.04108 -7.95402 0.721367 -2.86211 -7.87097 0.727679 -2.68946 -7.91409 0.929457 -2.25099 -7.89794 0.965778 -2.2265 -7.89667 0.969863 -2.1967 -7.89349 0.961858 -2.0407 -7.93162 0.961244 -1.61721 -7.93245 0.728268 -2.94726 -7.87777 0.729124 -2.44989 -7.87662 0.734558 -2.26312 -7.88647 0.770326 -2.2402 -7.87983 0.966327 -2.00445 -7.89534 0.962466 -1.60087 -7.88722 0.966728 -1.40822 -7.88464 0.724877 -2.74354 -7.86767 0.726421 -2.25956 -7.84462 0.958525 -2.0478 -7.8477 0.961697 -1.81758 -7.85578 0.70803 -2.78464 -7.81677 0.718919 -2.51624 -7.84027 0.759842 -2.22469 -7.82207 0.925775 -2.23081 -7.82307 0.959381 -2.19407 -7.84225 0.949082 -1.59576 -7.83795 0.679585 -3.05311 -7.80961 0.678996 -2.8527 -7.81046 0.678986 -2.79429 -7.77878 0.704903 -2.50635 -7.81123 0.708267 -2.25394 -7.80839 0.715252 -2.2216 -7.80006 0.933523 -2.18635 -7.80001 0.932352 -1.54413 -7.80263 0.643301 -2.85407 -7.7895 0.624733 -2.80446 -7.74785 0.677692 -2.6278 -7.78105 0.683239 -2.2547 -7.78054 0.735087 -2.19448 -7.78524 0.694788 -2.19639 -7.77874 0.887608 -2.1853 -7.77262 0.91021 -1.77428 -7.77683 0.91627 -1.35944 -7.78296 -0.0229411 -2.91284 -7.7781 0.234859 -2.99145 -7.77836 0.118653 -2.87554 -7.78061 0.400927 -2.81786 -7.75545 -0.651802 -2.8199 -7.7527 0.224553 -2.84868 -7.77759 0.355491 -2.87197 -7.78385 0.397658 -2.85158 -7.78202 0.228182 -3.22973 -7.77755 0.572519 -2.84837 -7.77713 -0.579017 -3.18804 -7.78049 0.640118 -2.67537 -7.75494 0.647754 -2.22437 -7.75661 0.675134 -2.1661 -7.76157 0.786958 -2.14938 -7.75303 0.869875 -2.13691 -7.75233 0.902557 -2.13789 -7.77105 0.875233 -1.86723 -7.75553 0.845551 -2.06117 -7.74391 -0.587111 -2.88274 -7.77812 -0.540276 -2.79224 -7.73769 -0.731094 -2.22794 -7.735 -0.452254 -2.74693 -7.73575 -0.579104 -2.11174 -7.73738 -0.499102 -2.21116 -7.73641 -1.15204 -2.0798 -7.72828 -0.832749 -2.08253 -7.72711 -0.166378 -2.08206 -7.72744 0.0524324 -2.76165 -7.73734 0.155343 -2.71426 -7.73873 0.151323 -2.79177 -7.73963 0.365197 -2.78198 -7.74068 0.0750388 -2.30869 -7.73718 0.559918 -2.58039 -7.73778 0.579988 -2.78958 -7.73964 0.602067 -2.28424 -7.7408 -0.0180373 -2.1114 -7.73794 0.28749 -2.10933 -7.73741 0.599836 -2.0829 -7.72698 0.554998 -2.19164 -7.73595 0.609393 -2.13713 -7.74248 0.62173 -2.10906 -7.74017 0.790692 -2.08684 -7.73098 0.819181 -2.05255 -7.72524 0.847194 -1.46145 -7.74439 0.819529 -1.33297 -7.72419 -0.688649 -2.06974 -7.69704 -0.272816 -2.06954 -7.69793 -0.0199208 -2.07167 -7.69824 0.248337 -2.07138 -7.6976 0.665057 -2.07389 -7.6983 0.781952 -2.07557 -7.69748 0.80721 -2.05435 -7.69503 0.813236 -2.02794 -7.69774 -0.913182 -2.06806 -7.57372 -0.438978 -2.07192 -7.56229 -0.0961933 -2.07215 -7.62512 0.783749 -2.07743 -7.44458 0.813822 -1.90193 -7.62499 0.123804 -2.06969 -7.47507 0.696722 -2.0747 -7.47476 -1.32946 -2.06806 -7.44385 0.427932 -2.07072 -7.47041 0.814484 -2.04718 -7.44382 0.81391 -1.79971 -7.47875 -1.00622 -2.06996 -7.44394 -0.756903 -2.06928 -7.44329 -0.228484 -2.07236 -7.44456 0.0940944 -2.06836 -7.44279 0.694087 -2.07147 -7.44336 0.814181 -1.39969 -7.44454 0.811751 -1.7332 -7.443 -1.39332 -2.05464 -7.41316 -1.22773 -2.05358 -7.41536 -0.621766 -2.05413 -7.41382 0.119777 -2.0522 -7.41547 0.573003 -2.05461 -7.41839 0.535001 -2.03493 -7.41181 0.794095 -2.05436 -7.41137 0.758957 -1.41503 -7.40808 0.50569 -1.36972 -7.41456 0.620319 -1.59379 -7.4145 0.792212 -1.81373 -7.4127 0.795728 -1.49354 -7.41236 0.793879 -1.42139 -7.41348 -1.42277 -1.99827 -7.38506 -1.38052 -2.01501 -7.38749 -1.34112 -2.02691 -7.40478 -1.19907 -2.02676 -7.408 -1.29233 -1.94024 -7.39173 -1.20346 -1.89663 -7.4104 -1.09994 -1.83148 -7.41132 -1.16469 -1.83576 -7.39038 -1.0838 -1.79941 -7.39572 -1.01686 -1.7978 -7.40895 -0.993499 -1.75213 -7.38655 -0.917747 -2.02618 -7.40516 -0.695774 -1.92875 -7.40859 -0.544387 -2.02594 -7.40669 -0.548617 -1.67814 -7.40976 -0.877823 -1.7336 -7.40682 -0.873153 -1.70231 -7.38461 -0.74867 -1.69332 -7.4082 -0.709184 -1.65116 -7.37893 -0.634915 -1.65776 -7.40168 -0.492992 -1.65425 -7.40844 -0.373498 -1.94563 -7.41051 0.233158 -2.02592 -7.40986 -0.0264262 -1.88826 -7.41231 -0.226226 -1.66346 -7.40869 -0.126307 -1.68688 -7.41108 0.0378873 -1.72501 -7.41172 -0.0758359 -1.66069 -7.38522 0.348644 -1.88127 -7.41416 0.253055 -1.83302 -7.41389 0.00602938 -1.6844 -7.38712 0.144444 -1.77956 -7.41412 0.144181 -1.7358 -7.38249 0.191347 -1.77504 -7.40415 0.235187 -1.78007 -7.38589 0.354401 -1.84956 -7.39045 0.484048 -1.97521 -7.40588 0.536318 -1.99817 -7.37969 0.577609 -2.01002 -7.38383 0.452088 -1.9201 -7.3776 0.597528 -2.02615 -7.40888 0.763127 -2.02603 -7.40509 0.670396 -1.95077 -7.40971 0.588183 -1.99632 -7.38391 0.761243 -1.86145 -7.40524 0.748912 -1.83499 -7.38138 0.761851 -1.76709 -7.40662 0.746132 -1.79534 -7.37595 0.701164 -1.70272 -7.41132 0.637426 -1.64619 -7.40244 0.653298 -1.68762 -7.37928 0.761268 -1.5263 -7.40659 -0.490046 -1.62337 -7.38967 -0.57709 -1.63153 -7.37774 -0.239754 -1.62999 -7.38163 0.526716 -1.49467 -7.3786 0.582727 -1.59056 -7.37694 0.552377 -1.51174 -7.40411 0.473254 -1.36708 -7.39123 0.484415 -1.31532 -7.41441 0.449196 -1.22855 -7.41 0.419263 -1.19585 -7.39359 0.663428 -1.14463 -7.40903 0.447532 -1.15239 -7.41149 0.421302 -1.08831 -7.41053 -1.40372 -2.00289 -7.35337 -1.36978 -1.99942 -7.35998 -1.27828 -1.91885 -7.35888 -1.09447 -1.79496 -7.35769 -0.954487 -1.72846 -7.35851 -0.831453 -1.68169 -7.35553 0.563092 -2.00591 -7.3506 -0.339805 -1.62222 -7.35613 0.476053 -1.38698 -7.3554 0.425171 -1.24123 -7.35933 -0.65898 -1.64318 -7.16009 0.393426 -1.10788 -7.16039 -1.36156 -1.98444 -7.13803 -1.08843 -1.7934 -7.15816 -0.505832 -1.62603 -7.16129 0.147497 -1.73767 -7.15775 -0.0227312 -1.67429 -7.15931 0.247535 -1.78726 -7.15784 0.53824 -1.99785 -7.15784 0.563273 -2.00828 -7.15762 0.677244 -1.70705 -7.15398 -0.202618 -1.63567 -7.15717 0.461023 -1.92905 -7.15405 0.367563 -1.85946 -7.15901 0.75469 -1.83323 -7.15971 0.75366 -1.7967 -7.1592 -0.357327 -1.62146 -7.16241 0.508397 -1.44732 -7.16004 0.590558 -1.9992 -7.1575 0.601516 -1.60427 -7.16034 0.43597 -1.26836 -7.15896 -0.849761 -1.6927 -7.15837 -0.693383 -1.6411 -7.12966 0.000602746 -1.67204 -7.12944 0.373852 -1.85221 -7.13125 0.198969 -1.75083 -7.12873 0.566842 -1.99215 -7.12327 0.457548 -1.91542 -7.12381 0.684431 -1.8809 -7.12836 0.740188 -1.81787 -7.11991 0.660761 -1.70259 -7.11732 0.613935 -1.64073 -7.13152 -0.514397 -1.61537 -7.12864 -0.31072 -1.61115 -7.12871 -0.179273 -1.62967 -7.12874 0.499163 -1.45164 -7.12941 0.397492 -1.16807 -7.13029 0.361761 -0.944656 -7.13131 0.377494 -1.80898 -7.10407 0.0191772 -1.64228 -7.10144 0.191293 -1.70699 -7.1008 0.496984 -1.8519 -7.08937 0.589539 -1.88954 -7.11609 0.42371 -1.81849 -7.10313 0.419456 -1.79771 -7.08291 0.600261 -1.84496 -7.09741 0.626892 -1.74608 -7.09609 -0.453515 -1.56869 -7.09246 -0.658513 -1.59143 -7.09007 0.58306 -1.69516 -7.10949 0.55852 -1.62778 -7.09979 0.559035 -1.68744 -7.08679 -0.299979 -1.57141 -7.09457 -0.142047 -1.59977 -7.09949 0.480301 -1.47125 -7.10205 0.437313 -1.41292 -7.09218 0.372096 -1.20172 -7.10403 0.330419 -0.958002 -7.10323 0.0214308 -1.62697 -7.07426 0.178273 -1.67911 -7.06235 0.242575 -1.72812 -7.07866 0.347381 -1.77525 -7.06674 0.475875 -1.81931 -7.05499 0.595593 -1.75203 -7.07252 0.532459 -1.76748 -7.05712 0.54911 -1.63315 -7.06678 -0.17283 -1.57636 -7.06351 0.320318 -1.04867 -7.06407 0.501777 -1.50167 -7.01533 0.409954 -1.37883 -7.05982 0.364503 -1.23938 -7.06674 0.231881 -1.69842 -6.9686 0.281615 -1.76128 -6.99976 0.387263 -1.79992 -7.03035 0.590323 -1.73061 -7.03742 -0.504486 -1.55462 -7.01575 -0.325734 -1.55275 -6.98407 -0.0609873 -1.59539 -7.0214 0.566256 -1.62134 -6.9712 0.372316 -1.8047 -6.95726 0.428702 -1.84152 -6.99394 0.488275 -1.83085 -7.01219 0.517184 -1.76034 -7.03214 0.581945 -1.76315 -7.00328 0.646282 -1.71256 -6.94184 0.00654883 -1.60694 -6.94971 0.311437 -1.03776 -6.95195 0.355076 -1.23199 -6.96859 0.443864 -1.46268 -6.99174 -0.172135 -1.56607 -6.96531 0.331368 -1.78026 -6.95995 0.138138 -1.64656 -6.92909 0.300887 -0.907423 -6.96244 0.631056 -1.78253 -6.94815 0.398983 -1.37137 -6.95605 0.494273 -1.89234 -6.93458 0.534459 -1.88176 -6.93694 0.571524 -1.82097 -6.95056 0.657986 -1.75933 -6.91894 0.638423 -1.67772 -6.89116 -0.447839 -1.54726 -6.93876 0.557337 -1.61334 -6.91642 0.442026 -1.49484 -6.93198 0.26432 -1.69942 -6.92807 0.3298 -1.75066 -6.8833 0.433407 -1.87773 -6.89147 -0.394135 -1.51971 -6.85836 -0.267492 -1.5475 -6.92016 -0.180118 -1.55446 -6.93134 0.342769 -1.231 -6.93074 0.284975 -0.959724 -6.87104 0.266714 -0.880422 -6.86026 0.498219 -1.57413 -6.86428 0.214666 -1.65895 -6.90385 0.296652 -1.67874 -6.87925 0.567837 -1.89969 -6.85856 0.599001 -1.86226 -6.85668 0.662381 -1.82759 -6.83622 -0.165538 -1.51346 -6.86645 -0.116029 -1.54265 -6.88499 -0.036181 -1.5547 -6.88379 0.170376 -1.64617 -6.87689 0.298406 -1.1297 -6.89085 0.306214 -1.20986 -6.8802 0.278256 -1.08809 -6.87246 0.413199 -1.52144 -6.87919 0.359797 -1.33228 -6.89548 0.27061 -1.66668 -6.875 0.529044 -1.92611 -6.84744 0.387807 -1.83351 -6.84401 0.678996 -1.72563 -6.80924 -0.277716 -1.52637 -6.84293 0.0735114 -1.60761 -6.85758 0.315423 -1.68822 -6.84734 0.258467 -1.68614 -6.79095 0.446197 -1.92951 -6.763 0.691976 -1.81066 -6.80991 -0.190161 -1.52004 -6.78292 -0.0882339 -1.55689 -6.80413 0.278501 -1.12009 -6.74124 0.274202 -0.97109 -6.74914 0.26712 -0.858947 -6.80421 0.432902 -1.549 -6.84059 0.527116 -1.60831 -6.7707 0.401923 -1.47137 -6.82088 0.37712 -1.39597 -6.82622 0.342629 -1.28118 -6.8393 0.160093 -1.63555 -6.80162 0.331178 -1.71325 -6.81137 0.488684 -1.94003 -6.8087 0.593815 -1.93189 -6.79685 0.412528 -1.89685 -6.70685 0.703928 -1.779 -6.78311 0.64489 -1.6852 -6.76658 -0.120789 -1.5307 -6.71036 0.310083 -1.15633 -6.80173 0.473956 -1.56368 -6.77969 0.352335 -1.77214 -6.74956 0.678067 -1.88567 -6.75227 0.586169 -1.64431 -6.69046 0.0207372 -1.57869 -6.7257 -0.083045 -1.55162 -6.71719 0.32373 -1.20592 -6.74635 0.416638 -1.50777 -6.78926 0.377398 -1.47472 -6.75968 0.375722 -1.43959 -6.71498 0.287442 -1.69303 -6.74943 0.52257 -1.97181 -6.74064 0.593581 -1.97243 -6.71932 0.711885 -1.75692 -6.64428 0.349166 -1.34178 -6.67747 0.247246 -1.63923 -6.72299 0.64595 -1.9409 -6.71104 0.720231 -1.85679 -6.69186 0.179743 -1.62711 -6.62162 0.324826 -1.25755 -6.71991 0.304027 -1.17385 -6.65496 0.273906 -1.04755 -6.71122 0.270005 -1.67741 -6.66632 0.327686 -1.74187 -6.60288 0.562656 -1.9783 -6.62306 -0.0113882 -1.54098 -6.66207 0.306423 -1.26875 -6.66805 0.473301 -1.55923 -6.66229 0.401145 -1.47067 -6.64853 0.480184 -1.9596 -6.60071 0.729387 -1.80786 -6.61982 0.679537 -1.71558 -6.64062 0.117296 -1.59902 -6.60323 0.271493 -1.05612 -6.61176 0.427968 -1.91021 -6.60019 0.405098 -1.85948 -6.5823 0.714884 -1.86901 -6.60433 0.615474 -1.65811 -6.58856 0.249086 -1.6855 -6.57413 0.303019 -1.22234 -6.61783 0.585055 -1.63611 -6.55151 0.534121 -1.96592 -6.52692 0.642921 -1.9458 -6.55978 0.682584 -1.91511 -6.59934 0.321427 -1.29493 -6.61224 0.426174 -1.48237 -6.56283 0.385597 -1.83782 -6.54846 0.696887 -1.75019 -6.56533 0.319068 -1.06292 -6.49095 0.476258 -1.93391 -6.51134 0.672423 -1.90495 -6.51349 0.697715 -1.85226 -6.52432 0.69368 -1.80049 -6.50694 0.129501 -1.63901 -6.52392 0.330048 -1.23716 -6.5398 0.400434 -1.35862 -6.49838 0.217765 -1.69586 -6.51618 0.438235 -1.8744 -6.50292 0.612643 -1.9505 -6.51372 0.67253 -1.75595 -6.50052 0.615172 -1.69942 -6.53414 0.317193 -1.13128 -6.4886 0.361672 -1.85517 -6.48294 0.574184 -1.96246 -6.49563 0.219609 -1.73983 -6.47451 0.455654 -1.89751 -6.42667 0.642793 -1.93766 -6.47134 0.656013 -1.9474 -6.42748 0.711995 -1.8214 -6.41867 0.616581 -1.70676 -6.47441 0.613277 -1.62756 -6.48115 0.505542 -1.51172 -6.48222 0.470713 -1.44357 -6.45916 0.365397 -1.20141 -6.46699 0.270867 -1.79099 -6.44927 0.362122 -1.85244 -6.45416 0.522922 -1.96478 -6.38627 0.425294 -1.85016 -6.44524 0.690389 -1.77749 -6.40517 0.528821 -1.52746 -6.44828 0.599416 -1.62095 -6.44938 0.58301 -1.69773 -6.4413 0.416409 -1.33126 -6.44962 0.443542 -1.39068 -6.42155 0.361256 -1.81838 -6.42374 0.581734 -1.96186 -6.36299 0.421832 -1.78517 -6.43153 0.445929 -1.76565 -6.405 0.525058 -1.69229 -6.41768 0.504567 -1.7202 -6.39623 0.650863 -1.75287 -6.37359 0.564096 -1.61729 -6.424 0.525945 -1.55223 -6.41027 0.380756 -1.22535 -6.42876 0.361713 -1.80501 -6.39082 0.478371 -1.89961 -6.36987 0.649975 -1.94042 -6.37154 0.678814 -1.88875 -6.3447 0.46602 -1.85216 -6.36893 0.542134 -1.62749 -6.37845 0.471804 -1.47983 -6.38347 0.398895 -1.30052 -6.38756 0.376794 -1.74027 -6.34492 0.473062 -1.74333 -6.38806 0.481522 -1.63965 -6.34155 0.679534 -1.82869 -6.33882 0.606654 -1.75402 -6.34378 0.379905 -1.3991 -6.33324 0.55657 -1.93556 -6.3341 0.516103 -1.87505 -6.33016 0.607695 -1.93247 -6.331 0.526825 -1.78973 -6.33269 0.482651 -1.59902 -6.33646 0.321342 -1.22078 -6.33679 0.6014 -1.87781 -6.31272 0.587537 -1.81172 -6.31391 0.425754 -1.60054 -6.24407 -1.53645 0.834289 -8.63301 -1.47936 0.829323 -8.7475 -0.782149 0.452691 -8.63923 -0.810294 0.49177 -8.74751 -0.858171 0.49769 -8.63427 -0.986713 0.633858 -8.62573 -0.914424 0.552501 -8.63694 -1.02268 0.683602 -8.74734 -0.911985 0.568352 -8.7475 -1.36589 0.821097 -8.63403 -1.30915 0.803719 -8.7475 -1.25703 0.796823 -8.60325 -1.07433 0.725673 -8.7475 -1.09255 0.72593 -8.63482 -1.13894 0.753175 -8.7475 -1.15502 0.764156 -8.54468 -0.84903 0.443381 -8.56913 -0.771768 0.4143 -8.57738 -0.944015 0.555459 -8.57729 -0.903594 0.479637 -8.55616 -1.01459 0.655166 -8.51415 -1.06596 0.725384 -8.51594 -0.833062 0.390945 -8.52175 -0.954858 0.505886 -8.51028 -0.994838 0.598672 -8.47465 -1.22002 0.774436 -8.47742 -1.51888 0.812133 -8.52346 -1.33504 0.790925 -8.48965 -0.853994 0.339366 -8.44689 -0.931115 0.381642 -8.48043 -0.687404 0.330839 -8.44875 -0.972827 0.444434 -8.46996 -1.02918 0.727368 -8.42342 -1.09481 0.753073 -8.46007 -0.979116 0.334491 -8.4234 -1.00449 0.368911 -8.43584 -0.995755 0.487075 -8.41088 -1.01353 0.693199 -8.39886 -1.03036 0.353865 -8.38281 -1.00814 0.562054 -8.40855 -1.06016 0.729885 -8.39307 -1.38163 0.73321 -8.39476 -1.20169 0.731325 -8.39471 -0.989375 0.324762 -8.36285 -0.885261 0.329153 -8.35631 -1.0275 0.486634 -8.37908 -1.02821 0.687148 -8.37647 -1.3677 0.68611 -8.37633 -1.04851 0.68704 -8.3756 -0.631257 0.328663 -8.3563 -1.60604 0.286254 -8.36563 -1.55812 0.287075 -8.35157 -1.54877 0.345747 -8.3685 -1.53271 0.321535 -8.35605 -1.65334 0.645485 -8.37183 -1.40004 0.365908 -8.37316 -1.3449 0.325248 -8.34972 -1.05605 0.36165 -8.37572 -1.03439 0.327725 -8.3511 -1.06934 0.556826 -8.37201 -1.54911 0.27173 -8.31749 -1.53297 0.309816 -8.32051 -1.05298 0.313139 -8.32066 -0.964973 0.304944 -8.29852 -0.832106 0.303473 -8.29466 -0.69041 0.309017 -8.29772 -1.55312 0.153553 -8.28452 -1.40558 0.309152 -8.29416 -1.10889 0.306491 -8.29495 -1.563 0.270024 -8.25089 -1.55071 0.304203 -8.25 -1.4779 0.315215 -8.2389 -1.33748 0.308885 -8.25579 -1.12992 0.311557 -8.248 -1.03245 0.30458 -8.26036 -0.90892 0.306848 -8.26549 -0.82599 0.3022 -8.261 -0.748855 0.313813 -8.24904 -1.59542 0.162804 -8.214 -1.54093 0.32441 -8.23256 -0.906369 0.340741 -8.21177 -1.60689 0.316604 -8.19786 -1.59134 0.353323 -8.18884 -1.41227 0.35642 -8.17166 -1.19628 0.335277 -8.20587 -1.04954 0.347561 -8.20081 -0.630175 0.344592 -8.20319 -1.62306 0.151876 -8.15882 -1.27918 0.362704 -8.15455 -1.10781 0.370503 -8.13649 -0.832044 0.359055 -8.1634 -0.725173 0.3655 -8.14641 -1.62853 -0.101433 -8.14385 -1.63244 0.319048 -8.11924 -1.58845 0.36625 -8.12469 -0.955231 0.37322 -8.1221 -0.57456 0.362335 -8.15331 -1.80284 -0.157253 -8.04897 -1.73356 -0.181364 -8.13136 -1.68425 0.139058 -8.07129 -1.52206 0.380513 -8.11275 -1.4238 0.384378 -8.12246 -1.245 0.409267 -8.09454 -1.0027 0.398555 -8.10466 -0.847346 0.414795 -8.07467 -0.780912 0.415945 -8.0657 -0.678923 0.410561 -8.08892 -0.525016 0.379858 -8.1179 -1.7392 -0.115095 -8.07252 -1.67977 0.18398 -8.06879 -1.66027 0.377379 -8.09373 -1.61021 0.371514 -8.10336 -1.41575 0.407937 -8.10005 -1.1546 0.417565 -8.07276 -0.599733 0.417911 -8.06942 -0.523158 0.472746 -8.03871 -1.79811 -0.206544 -8.06208 -1.72994 0.00358692 -8.04602 -1.7548 0.188292 -8.01726 -1.63207 0.449025 -8.04142 -1.69579 0.409959 -8.05098 -1.58668 0.486223 -8.02494 -1.49242 0.468302 -8.05729 -1.22216 0.47814 -8.03123 -1.10538 0.49022 -8.02126 -0.930969 0.47 -8.04086 -0.731956 0.478523 -8.02406 -0.614563 0.487907 -8.01781 -1.78191 -0.287724 -8.01357 -1.77492 -0.0894412 -8.02649 -1.75068 0.352467 -8.01703 -1.72415 0.474051 -8.02816 -0.826167 0.461518 -8.03302 -1.7981 -0.231036 -7.98103 -1.82517 -0.180141 -8.00636 -1.84204 -0.148198 -7.99739 -1.77384 -0.0444608 -7.99643 -1.77137 0.488503 -7.99275 -1.66077 0.519067 -7.98206 -0.87826 0.504364 -7.9998 -1.84702 -0.286533 -7.93244 -1.80279 -0.0918518 -7.95343 -1.76593 0.544343 -7.95335 -1.55271 0.52422 -7.97699 -1.30062 0.528829 -7.97049 -0.982147 0.530789 -7.95841 -0.531834 0.523896 -7.97532 -1.79395 -0.359607 -7.95699 -1.82962 -0.24581 -7.90773 -1.83307 -0.151985 -7.94829 -1.81869 -0.125114 -7.9472 -1.80123 -0.0436762 -7.94184 -1.792 0.277411 -7.95586 -1.80347 0.533293 -7.93009 -1.71134 0.547518 -7.92876 -1.584 0.546191 -7.92452 -1.81178 -0.38471 -7.909 -1.84451 -0.185577 -7.9004 -1.81143 -0.0914319 -7.89551 -1.80519 0.256629 -7.92427 -1.21946 0.549672 -7.91479 -0.884997 0.547647 -7.91345 -0.570262 0.54542 -7.92493 -1.81461 -0.541729 -7.88212 -1.8123 0.526207 -7.88791 -1.78766 0.554205 -7.88462 -0.644695 0.550804 -7.88064 -1.8146 -0.343051 -7.86638 -1.82542 -0.131782 -7.81025 -1.81007 -0.0252663 -7.85239 -1.65237 0.548397 -7.86542 -1.12327 0.549744 -7.86792 -1.80891 -0.28931 -7.83222 -1.84107 -0.196712 -7.83597 -1.81243 -0.0935037 -7.8276 -1.80549 0.507181 -7.82742 -1.79171 0.543809 -7.83042 -1.42918 0.543591 -7.83934 -0.916593 0.544079 -7.83894 -0.367237 0.540966 -7.83974 -1.79092 -0.552103 -7.79226 -1.79084 -0.0578053 -7.7935 -1.76021 0.528565 -7.79295 -1.40655 0.525182 -7.79156 -0.94787 0.530136 -7.80556 -0.611189 0.528205 -7.80313 -1.77849 -0.338867 -7.77405 -1.7814 -0.268846 -7.76131 -1.80589 -0.185756 -7.75849 -1.82488 -0.145414 -7.74445 -1.78565 -0.117789 -7.76757 -1.77877 0.49069 -7.77679 -0.935999 0.513448 -7.78213 -1.75617 -0.50615 -7.75701 -1.75887 -0.0928093 -7.75791 -1.73386 0.43192 -7.74292 -1.72536 0.489208 -7.75399 -1.47669 0.486515 -7.75173 -1.14974 0.473984 -7.75142 -1.20061 0.499073 -7.76793 -0.389587 0.499093 -7.77029 -0.249023 0.469308 -7.75133 -1.73065 -0.310295 -7.74251 -1.67954 -0.288843 -7.725 -1.7258 -0.268109 -7.72904 -1.74357 -0.208465 -7.70199 -1.76124 -0.151696 -7.7469 -1.72673 -0.122349 -7.73934 -1.67914 -0.165167 -7.72255 -1.73436 0.14103 -7.74495 -1.67945 0.401228 -7.72412 -1.61202 0.414926 -7.72412 -1.20052 0.40993 -7.72669 -0.86626 0.406474 -7.72709 -1.65718 -0.488062 -7.69442 -1.66117 -0.173624 -7.6933 -1.67794 -0.210499 -7.71659 -1.65939 0.100443 -7.69783 -1.6571 0.350949 -7.69101 -1.64797 0.3776 -7.6957 -1.62711 0.38931 -7.69402 -1.289 0.389187 -7.69713 -0.905668 0.389445 -7.69779 -0.309704 0.390418 -7.69612 -1.65691 -0.0813291 -7.66462 -1.1301 0.387795 -7.66686 -0.698123 0.388302 -7.66847 -0.21168 0.389227 -7.6262 -1.65641 -1.15427 -7.44433 -1.6583 -0.220151 -7.58017 -1.65755 -0.0929031 -7.58394 -0.776663 0.389838 -7.61496 -0.535742 0.389167 -7.57031 -1.65632 -0.781035 -7.44637 -1.66774 -0.196587 -7.60887 -1.66087 -0.125392 -7.61275 -1.6579 0.297717 -7.58964 -1.65964 0.357124 -7.44206 -1.46972 0.39205 -7.44117 -1.1989 0.39338 -7.44295 -1.67841 -0.145339 -7.59595 -1.65644 -0.451167 -7.44468 -1.71212 -0.162538 -7.55947 -1.65636 -0.212133 -7.49178 -1.67244 -0.183749 -7.51525 -1.70365 -0.146871 -7.52432 -1.65748 -0.100195 -7.47626 -1.65548 0.237028 -7.44192 -1.61805 0.394016 -7.44023 -0.422357 0.390908 -7.44302 -1.65559 -0.187558 -7.44366 -1.66127 -0.171079 -7.46572 -1.6485 0.384705 -7.44483 -0.79661 0.390934 -7.44056 -0.134057 0.391729 -7.44311 -1.65093 0.365289 -7.41281 -1.62441 0.387863 -7.40844 -1.47304 0.386165 -7.41225 -0.937007 0.385852 -7.41237 -0.348878 0.385508 -7.41429 -1.64727 -1.29866 -7.4166 -1.64832 -0.850803 -7.41605 -1.64927 -0.472268 -7.41516 -1.64914 -0.153225 -7.41525 -1.16536 0.16207 -7.38525 -0.996194 0.068148 -7.38707 -1.07676 0.13287 -7.39725 -0.696018 -0.0313034 -7.38618 -0.732639 0.00201811 -7.39946 -1.02129 0.266522 -7.39532 -0.50306 0.172177 -7.39947 -1.61857 0.144111 -7.39126 -1.62078 0.356642 -7.38972 -1.59282 0.167189 -7.39137 -1.43029 0.316953 -7.38585 -1.43362 0.352897 -7.39263 -1.38086 0.333757 -7.38632 -1.34154 0.356841 -7.395 -1.27425 0.286961 -7.39482 -1.28031 0.254057 -7.38729 -0.982228 0.356312 -7.39315 -0.384817 0.32908 -7.39531 -0.390775 0.357221 -7.39608 -1.62127 -1.37341 -7.40276 -1.62131 -0.844899 -7.40056 -1.59165 -1.01765 -7.39991 -1.4078 -1.0791 -7.40182 -1.50122 -0.729062 -7.39865 -1.24411 -0.979904 -7.40033 -1.29168 -1.22802 -7.40247 -1.22544 -1.11372 -7.37774 -1.21409 -0.934318 -7.3886 -1.26435 -0.580066 -7.40177 -1.22222 -0.776389 -7.39483 -1.20837 -0.802209 -7.38545 -1.6185 -0.43719 -7.39503 -1.35212 -0.290843 -7.39719 -1.6164 -0.158304 -7.39441 -0.500797 -0.0527707 -7.39277 -1.48225 -0.0704346 -7.39618 -0.246139 -0.0136208 -7.4052 -0.29606 -0.0484825 -7.3938 -1.59559 0.0978402 -7.38791 -0.147104 -0.0281183 -7.38949 -0.0113406 0.0367036 -7.40371 -1.47986 -0.0271721 -7.38695 -0.213739 0.26401 -7.40084 -1.22277 -0.643513 -7.38619 -1.26727 -0.440413 -7.38779 -1.36738 -0.199309 -7.38495 -0.113019 0.35704 -7.39971 -1.20949 -1.0208 -7.3566 -1.19542 -0.85051 -7.35707 -1.2073 -0.675897 -7.35612 -1.49046 0.00771783 -7.3603 -1.57085 0.0992223 -7.35794 -1.57802 0.141779 -7.35423 -1.23117 -0.538963 -7.3571 -1.35323 -0.196666 -7.35945 -1.26835 -0.397938 -7.35799 -1.42826 -0.0767454 -7.35595 -1.15041 0.139306 -7.35513 -1.23856 0.201054 -7.35949 -1.03842 0.0772879 -7.36035 -0.922384 0.0257309 -7.35396 -0.835634 -0.00332693 -7.36195 -0.717938 -0.0356303 -7.35833 -0.574986 -0.060705 -7.35811 -1.42388 0.298897 -7.35609 -1.39413 0.315577 -7.35664 -1.364 0.307974 -7.35736 -0.418479 -0.0670842 -7.3566 -0.222643 -0.0526476 -7.36175 -0.0399088 -0.0114886 -7.35298 0.0552626 0.0204091 -7.35472 -1.2241 -1.10476 -7.15848 -1.29812 -0.330745 -7.1413 -0.389019 -0.0684117 -7.13606 -1.02373 0.067464 -7.12927 -1.21447 0.184385 -7.13131 -1.57226 0.0980999 -7.15925 -1.58193 0.129889 -7.16805 -1.56447 0.158133 -7.13927 -1.25569 -0.456854 -7.13316 -0.102058 -0.0260549 -7.15722 -1.28947 0.243075 -7.13227 -1.36548 0.307404 -7.12347 0.0623431 0.0238024 -7.1614 -1.20118 -0.944517 -7.15907 -1.19644 -0.837732 -7.13727 -1.40041 -0.126332 -7.15861 -1.12894 0.125728 -7.13657 -0.909935 0.0208487 -7.13513 -1.39622 0.316694 -7.12818 -0.52314 -0.0665556 -7.15542 -1.20825 -0.701411 -7.16264 -1.48141 -0.0109794 -7.15855 -0.830812 -0.00747744 -7.13236 -0.257363 -0.0559893 -7.1601 -1.22788 -0.577725 -7.13819 -1.33073 -0.249612 -7.13003 -0.682529 -0.0453873 -7.15834 -1.42215 0.301207 -7.1529 -1.21114 -1.07361 -7.13145 -1.19555 -0.955593 -7.12962 -1.19659 -0.752299 -7.12621 -1.50759 0.0286049 -7.12292 -1.57448 0.119459 -7.12604 -1.3924 -0.123997 -7.12275 -1.4451 -0.0521647 -7.13126 -0.725739 -0.0432155 -7.1288 -0.552217 -0.0700914 -7.12828 -0.194638 -0.0544374 -7.12626 0.00971208 -0.00372654 -7.12697 -1.08436 0.068035 -7.10616 -0.611807 -0.111165 -7.0837 -0.843778 -0.0603363 -7.08189 -1.51211 0.179603 -7.11278 -1.48876 0.0771816 -7.0974 -1.43537 0.177968 -7.1017 -1.39429 0.29215 -7.1075 -1.30215 0.224931 -7.10248 -1.2535 0.194469 -7.1007 -1.21632 0.13884 -7.10473 -1.24283 0.133955 -7.09798 -1.16457 -1.0054 -7.09905 -1.1642 -0.828183 -7.10232 -1.5511 0.124686 -7.10777 -1.47253 0.0112452 -7.0994 -0.497679 -0.103346 -7.10118 -1.16624 -0.651401 -7.08326 -0.24019 -0.103138 -7.09166 -1.1898 -0.524309 -7.08034 -1.21929 -0.421129 -7.08297 -1.25921 -0.322367 -7.0929 -0.0201377 -0.0482768 -7.09704 -1.31928 -0.189092 -7.08741 -1.40111 -0.0562919 -7.10548 -1.34363 -0.105891 -7.07742 -1.40336 -0.00227951 -7.10161 -1.14026 -0.928256 -7.06767 -1.14934 -0.756317 -7.07292 -1.26636 -0.264634 -7.06548 -1.37516 -0.0426255 -7.06035 -1.39028 0.00812924 -7.06885 -1.43316 0.0413108 -7.068 -1.42028 0.0697158 -7.05415 -1.37243 0.0939241 -7.05609 -1.3297 0.168484 -7.08213 -1.25612 0.120896 -7.07315 -1.28972 0.161349 -7.07848 -1.12695 0.0668252 -7.0771 -1.00094 -0.00669323 -7.06844 -0.766097 -0.093053 -7.05802 -0.417673 -0.131632 -7.06074 -0.0707046 -0.0808092 -7.06406 0.0653164 -0.0437417 -7.05451 -1.13585 -0.807806 -7.03089 -1.16023 -0.599472 -7.02779 -1.20763 -0.412995 -7.03654 -1.33434 -0.167901 -7.00835 -1.28702 -0.195063 -6.96264 -1.31507 0.139257 -7.04807 -1.22198 0.102353 -7.04331 -0.591384 -0.126756 -7.04276 -0.926058 -0.0486302 -7.03138 -0.228774 -0.118606 -7.03226 -1.36426 -0.0833054 -6.99266 -1.42279 -0.0320947 -6.9745 -1.42455 0.0340382 -7.00825 -1.39822 0.0702491 -7.00465 -1.36131 0.0893259 -7.00261 -1.31672 0.136547 -7.0023 -1.26693 0.128591 -7.02595 -1.10444 0.0644066 -6.98652 -1.19068 0.105193 -6.98052 -0.746471 -0.105441 -6.96786 -0.553845 -0.134979 -6.9518 -0.411121 -0.138052 -6.96609 -0.227526 -0.124808 -6.95116 0.0659425 -0.0525545 -6.96129 -1.13112 -0.904536 -6.95243 -1.12395 -0.786015 -6.92555 -1.14395 -0.666837 -6.94132 -1.1976 -0.430307 -6.9439 -1.26156 -0.237227 -6.94747 -1.24387 0.167407 -6.93768 -1.17192 -0.52358 -6.94311 -1.34263 -0.129884 -6.9446 -1.48283 0.0348906 -6.9217 -1.40306 0.135939 -6.91646 -1.04868 -0.00257383 -6.96007 -1.18118 0.0904054 -6.87761 -0.850126 -0.0846324 -6.94274 -1.31898 0.207409 -6.90989 -0.0872637 -0.0989588 -6.94751 -1.4943 0.00824889 -6.82219 -1.47597 0.0928371 -6.91626 -1.36361 0.182184 -6.92642 -0.698165 -0.145059 -6.89724 0.108472 -0.0570571 -6.90078 -0.0520107 -0.124131 -6.87907 -0.777586 -0.146157 -6.88034 -0.641318 -0.169247 -6.87739 -0.98532 -0.0485279 -6.91463 -1.37915 0.216214 -6.85779 -1.10572 -0.879695 -6.87389 -1.13882 -0.49106 -6.86989 -1.20446 -0.367691 -6.91253 -1.23972 -0.223588 -6.88222 -1.26719 -0.14103 -6.84547 -1.35537 -0.0865109 -6.85674 -1.1127 -0.0104027 -6.87708 -1.14904 0.0250719 -6.84403 -0.527326 -0.160135 -6.87709 -0.3855 -0.15975 -6.88381 -0.250372 -0.147352 -6.87728 -0.162434 -0.152112 -6.87763 -0.121227 -0.128703 -6.89452 -1.29561 0.224681 -6.82809 -1.53889 0.0574999 -6.74728 -1.53937 0.100545 -6.77062 -1.10883 -0.718434 -6.83946 -1.11902 -0.604871 -6.87192 -1.18296 -0.39483 -6.84928 -1.52194 0.145757 -6.7765 -0.930177 -0.0753939 -6.85765 0.175877 -0.0330918 -6.82561 -1.24118 0.175805 -6.82357 -1.10107 -0.835578 -6.8169 -1.23476 -0.256165 -6.81909 -1.40823 -0.0434772 -6.79513 -1.19752 0.0914102 -6.8016 -0.738416 -0.138332 -6.80289 -1.35718 0.240639 -6.81121 -0.509463 -0.170893 -6.77097 -0.439482 -0.17565 -6.77794 -0.310914 -0.160904 -6.78561 -0.104347 -0.122714 -6.80891 0.0272729 -0.0865979 -6.83552 -1.10445 -0.607886 -6.76411 -1.14783 -0.515407 -6.77209 -1.20007 -0.33223 -6.75301 -1.31274 -0.108395 -6.80135 -1.12436 0.0168886 -6.74496 -1.04545 -0.0210999 -6.79915 -0.185955 -0.161219 -6.79113 -0.132921 -0.152672 -6.736 -0.588419 -0.171561 -6.73413 -1.41368 0.269646 -6.71738 -1.35198 0.268015 -6.71507 -1.10376 -0.759657 -6.63874 -1.27613 -0.159383 -6.77718 -1.48294 -0.00756577 -6.68907 -0.060843 -0.110135 -6.7498 0.131995 -0.054564 -6.7775 0.223361 -0.0383357 -6.75289 -1.22397 -0.219299 -6.73897 -1.27669 -0.16242 -6.71338 -1.36033 -0.0657718 -6.72605 -0.838279 -0.115901 -6.72539 -0.727013 -0.145039 -6.65657 -0.663169 -0.16442 -6.73833 -0.97096 -0.0648124 -6.76876 -1.26629 0.221362 -6.67158 -0.0892305 -0.128179 -6.68748 0.0160869 -0.097071 -6.72694 -1.56203 0.15505 -6.63507 -1.53891 0.18194 -6.69468 -1.1578 -0.424024 -6.70297 -1.4257 -0.0366136 -6.62587 -1.07278 -0.0542367 -6.69904 -1.22773 0.155947 -6.59017 -1.46591 0.249268 -6.70342 0.217636 -0.0311893 -6.69039 -0.816062 -0.146932 -6.64537 -0.982042 -0.0697869 -6.67552 -1.53156 0.0415677 -6.61696 -1.56426 0.115467 -6.61597 -1.13098 -0.52524 -6.66455 -1.2024 -0.297883 -6.64175 -1.22917 -0.239962 -6.66428 -0.359848 -0.162863 -6.63294 -1.09758 -0.652594 -6.60163 -1.13348 -0.44259 -6.65376 -1.30676 -0.132056 -6.63009 -1.10914 0.00414766 -6.66278 -1.17562 0.0682722 -6.6536 -1.40232 0.280833 -6.63854 -0.521682 -0.164101 -6.60439 -0.251103 -0.161238 -6.65147 -0.157092 -0.152494 -6.64899 -0.00926076 -0.127155 -6.67396 0.115197 -0.0685691 -6.61458 -0.612134 -0.186421 -6.62238 -1.05291 -0.0336211 -6.63377 -1.51313 0.212409 -6.5659 -1.47178 0.247723 -6.55002 -0.20686 -0.170458 -6.61765 -0.894529 -0.106919 -6.60052 -0.0445579 -0.132502 -6.62717 0.0168963 -0.116702 -6.59339 -1.48689 0.0118133 -6.55495 -1.13047 -0.582381 -6.56018 -1.1319 -0.550495 -6.50054 -1.15392 -0.380299 -6.59235 -1.37466 -0.0953764 -6.52628 -1.07972 0.00276347 -6.54524 -1.26512 0.211535 -6.5646 -0.165585 -0.126939 -6.53245 -0.681269 -0.12807 -6.46321 -0.778549 -0.12183 -6.51947 -1.51838 0.0803145 -6.50252 -1.03393 -0.0218601 -6.52221 -1.39996 0.275237 -6.55216 -1.32423 0.258208 -6.54566 -1.20333 -0.317269 -6.57463 -0.466237 -0.146975 -6.5267 -0.270452 -0.150692 -6.56717 -1.51444 0.172898 -6.4956 -1.12913 -0.686239 -6.48982 -1.26682 -0.230421 -6.50838 -1.42029 -0.0458699 -6.53043 -1.19908 0.131608 -6.52738 -0.635122 -0.133603 -6.50772 -0.315682 -0.153494 -6.54124 -1.47956 0.0343383 -6.50246 -1.52246 0.117975 -6.49201 -1.19123 -0.378359 -6.50812 -1.24887 0.159892 -6.51108 -1.17806 0.147208 -6.46075 -0.902728 -0.0658905 -6.49643 -1.13756 -0.582488 -6.45481 -1.4203 -0.0087215 -6.50579 -1.47943 0.21692 -6.47405 -1.43591 0.250701 -6.48837 -1.37912 0.265449 -6.48966 -1.2791 0.205305 -6.46006 -1.30847 0.243585 -6.46927 -0.315915 -0.132133 -6.49338 -0.163898 -0.120122 -6.46183 -0.755894 -0.0774055 -6.42702 -0.431677 -0.12017 -6.42502 -0.984115 -0.00402924 -6.44875 -1.49467 0.222821 -6.39213 -1.25317 0.143615 -6.43147 -1.18222 -0.49876 -6.45023 -1.42968 -0.0797279 -6.45868 -1.39597 0.0138981 -6.42169 -1.39324 -0.0155208 -6.44492 -1.08967 0.0729341 -6.45053 -1.20919 0.147776 -6.44715 -1.53098 0.13007 -6.39308 -1.17771 -0.546125 -6.39939 -1.26086 -0.308684 -6.44986 -1.31892 -0.211094 -6.44993 -0.891555 -0.0353418 -6.43027 -1.42615 -0.0645248 -6.44367 -1.47857 0.250511 -6.39487 -1.42682 0.260249 -6.44863 -1.52136 0.0887145 -6.39878 -1.46976 0.0436149 -6.38559 -1.16112 -0.627572 -6.39345 -1.22408 -0.404636 -6.41246 -1.29419 -0.24576 -6.41653 -1.36813 -0.13054 -6.42211 -1.3587 -0.0871831 -6.41412 -1.31304 -0.0226245 -6.44002 -1.31127 0.0134926 -6.41936 -1.1551 0.114669 -6.42686 -1.24279 0.0694217 -6.40129 -1.00621 0.0150833 -6.40653 -0.67389 -0.104532 -6.42013 -1.37537 0.267702 -6.37027 -1.29921 0.230375 -6.37808 -1.33653 0.267443 -6.39724 -0.281281 -0.110453 -6.42246 -0.1424 -0.09315 -6.41409 -1.22638 -0.364116 -6.37635 -1.29495 -0.124014 -6.33021 -0.65961 -0.0969933 -6.39193 -1.43025 0.0481788 -6.34314 -0.871088 -0.0426988 -6.39267 -1.27576 0.0117137 -6.40388 -1.37028 0.0635303 -6.33918 -1.28717 0.0652741 -6.38876 -1.30099 0.188738 -6.33837 -0.419422 -0.118596 -6.39258 -0.20894 -0.101117 -6.39263 -1.50531 0.100209 -6.34283 -1.16318 -0.572729 -6.36778 -1.25434 -0.257311 -6.35884 -1.29483 -0.0847858 -6.32424 -1.31207 0.121175 -6.33031 -1.20064 0.0256987 -6.33653 -1.15862 0.0763098 -6.36822 -1.00759 -0.00727991 -6.36334 -0.659267 -0.106197 -6.36503 -0.510409 -0.126044 -6.36702 -0.838913 -0.0654369 -6.36293 -1.50556 0.166914 -6.33858 -0.265167 -0.12474 -6.36577 -1.44445 0.0784483 -6.317 -1.16895 -0.390856 -6.31738 -1.15927 0.0271405 -6.32317 -1.02177 -0.0435441 -6.32029 -0.840551 -0.112311 -6.31927 -0.659819 -0.148601 -6.32281 -0.456842 -0.163819 -6.33249 -1.46297 0.237314 -6.3411 -1.37084 0.249308 -6.33112 -1.47815 0.161185 -6.30679 -1.17318 -0.286195 -6.2479 -1.39771 0.120122 -6.29668 -1.35621 0.187711 -6.30402 -1.43889 0.204806 -6.30617 -1.23604 -0.130471 -6.20296 -1.11222 -0.0490637 -6.21804 -0.895793 -0.140073 -6.22406 -0.70571 -0.186097 -6.22727 -0.477892 -0.211684 -6.23365 -1.23007 -0.0836505 -6.19745 -1.16924 -0.0275149 -6.21398 -0.381555 -0.219575 -6.20678 -1.0963 -0.517759 -6.24196 -1.12511 -0.336184 -6.15066 -1.08802 -0.457618 -6.15182 -1.17944 -0.22824 -6.1763 -1.195 -0.0714397 -6.13682 -1.13439 -0.0607331 -6.12767 -0.90466 -0.158164 -6.15253 -0.737896 -0.202279 -6.15339 -0.565078 -0.221615 -6.17393 -1.21331 -0.0977955 -6.13507 -1.04282 -0.145986 -6.05947 -1.16687 -0.0548032 -6.13207 -1.11529 -0.23858 -6.04627 -1.213 -0.124154 -6.09582 -1.08178 -0.123794 -6.04939 -0.874322 -0.217482 -6.0317 -0.628654 -0.268762 -6.03237 -1.06953 -0.360744 -6.05618 -1.19355 -0.15453 -6.088 -1.19099 -0.0711069 -6.04943 -1.13546 -0.066931 -5.97182 -0.774147 -0.234616 -6.05036 -1.11617 -0.220055 -6.00059 -1.07889 -0.301403 -6.01797 -0.991274 -0.180543 -6.00815 -1.05441 -0.150606 -6.01691 -0.735097 -0.249838 -5.98082 -1.08672 -0.271001 -5.97252 -1.18787 -0.152821 -5.89087 -1.19535 -0.0982386 -5.88923 -1.16565 -0.0683349 -5.87994 -1.07805 -0.125477 -5.78436 -0.825279 -0.216541 -5.91726 -1.08598 -0.24569 -5.56895 -0.999098 -0.183792 -5.76328 -1.19684 -0.125421 -5.82687 -0.953837 -0.196978 -5.838 -1.05118 -0.152626 -5.73462 -1.111 -0.0869002 -5.8026 -0.830188 -0.2245 -5.83858 -1.13918 -0.0687848 -5.79877 -1.166 -0.0967485 -5.57241 -1.01916 -0.175175 -5.59745 -1.10764 -0.0887493 -5.55111 -1.13684 -0.0816832 -5.55225 -1.17216 -0.156108 -5.63959 -1.1779 -0.126035 -5.59327 -1.16366 -0.157439 -5.46239 -1.05812 -0.140521 -5.43306 -1.16274 -0.12899 -5.40688 -1.64815 -1.67612 -7.41514 -1.58949 -1.82331 -7.38681 -1.6197 -1.79155 -7.40165 -1.58151 -1.73736 -7.39987 -1.56194 -1.76172 -7.38759 -1.59126 -1.56593 -7.40048 -1.53019 -1.7332 -7.38419 -1.47334 -1.61897 -7.40216 -1.36673 -1.39842 -7.40488 -1.39171 -1.53521 -7.38874 -1.3786 -1.45075 -7.40438 -1.31532 -1.38003 -7.38556 -1.27223 -1.26257 -7.38437 -1.57657 -1.79915 -7.35743 -1.57085 -1.83178 -7.35617 -1.56403 -1.77544 -7.35633 -1.49535 -1.70043 -7.35715 -1.42262 -1.60113 -7.36068 -1.36359 -1.50119 -7.35851 -1.31479 -1.40095 -7.35878 -1.2616 -1.25882 -7.35733 -1.57657 -1.79636 -7.13614 -1.40348 -1.995 -7.17823 -1.41956 -1.58952 -7.15919 -1.31145 -1.93854 -7.12343 -1.48275 -1.67706 -7.16352 -1.27314 -1.29226 -7.15866 -1.22548 -1.87339 -7.13928 -1.35504 -1.48041 -7.16081 -1.56883 -1.82723 -7.13746 -0.954545 -1.7309 -7.15716 -1.42404 -1.96919 -7.13625 -1.56245 -1.77195 -7.16051 -1.49575 -1.703 -7.13123 -1.3896 -1.97332 -7.11399 -1.43439 -1.63495 -7.12832 -1.07707 -1.77542 -7.13065 -0.889986 -1.69516 -7.12866 -1.36345 -1.51258 -7.13016 -1.31324 -1.4097 -7.13175 -1.25269 -1.25503 -7.12665 -1.49453 -1.86834 -7.11632 -1.53532 -1.78308 -7.11048 -1.42605 -1.83589 -7.097 -1.46346 -1.70745 -7.10384 -1.36016 -1.87915 -7.09217 -1.31307 -1.86179 -7.08234 -1.2802 -1.85168 -7.1074 -1.39019 -1.68721 -7.09721 -1.21381 -1.81847 -7.10325 -1.27127 -1.81463 -7.09173 -1.16928 -1.78037 -7.09082 -1.06209 -1.73666 -7.10004 -0.95784 -1.67249 -7.09387 -1.35143 -1.57221 -7.10348 -1.2912 -1.48077 -7.08787 -1.25523 -1.36356 -7.10241 -1.1959 -1.16484 -7.10153 -0.756303 -1.62415 -7.10379 -1.3883 -1.7758 -7.06758 -1.40996 -1.73866 -7.07418 -1.3765 -1.68975 -7.06694 -1.2144 -1.80836 -7.06487 -1.01049 -1.67675 -7.03668 -1.33166 -1.56383 -7.07319 -1.23004 -1.37159 -7.0515 -1.18056 -1.19957 -7.06225 -0.775792 -1.602 -7.04863 -1.15603 -1.07887 -7.06252 -1.33901 -1.81093 -7.04043 -1.30402 -1.84656 -7.03289 -1.39894 -1.7484 -7.02233 -1.37094 -1.64438 -7.04005 -1.09424 -1.75851 -7.01762 -1.33323 -1.54078 -7.00999 -1.36855 -1.62053 -6.97906 -1.26515 -1.46914 -6.99655 -1.25292 -1.87251 -6.98047 -1.41829 -1.6974 -6.99035 -1.14245 -1.04457 -6.96327 -1.39072 -1.78433 -6.98965 -1.31009 -1.92401 -6.92138 -1.20246 -1.82215 -6.95134 -1.17746 -1.23833 -6.94949 -0.843098 -1.61253 -6.9637 -1.06288 -1.68973 -6.95824 -0.694591 -1.57984 -6.9677 -0.549714 -1.55602 -6.94253 -1.40688 -1.83712 -6.92012 -1.37013 -1.87916 -6.94877 -1.46533 -1.77073 -6.93711 -1.41359 -1.66586 -6.93643 -1.32597 -1.574 -6.9337 -1.26838 -1.52716 -6.92364 -1.218 -1.38745 -6.93161 -1.17046 -1.7596 -6.86716 -1.10338 -1.67906 -6.88665 -0.979142 -1.64262 -6.89098 -0.909771 -1.61301 -6.89575 -0.807521 -1.5907 -6.93183 -0.59931 -1.55319 -6.93191 -1.15948 -1.18886 -6.93159 -1.13794 -1.04489 -6.93684 -1.38502 -1.93518 -6.83819 -1.25217 -1.90647 -6.85357 -1.49542 -1.78705 -6.83829 -1.47569 -1.72612 -6.88363 -1.34245 -1.62507 -6.83412 -1.20478 -1.37901 -6.88939 -1.17486 -1.30765 -6.895 -1.13498 -1.2241 -6.87652 -0.779787 -1.5536 -6.8862 -0.691023 -1.53576 -6.88473 -0.662774 -1.5197 -6.8692 -1.12937 -1.14992 -6.89034 -1.10562 -1.09543 -6.87923 -0.516764 -1.52964 -6.87624 -1.10543 -0.967532 -6.85743 -1.35318 -1.96465 -6.7847 -1.29086 -1.94812 -6.7879 -1.43144 -1.84345 -6.86939 -1.21732 -1.83137 -6.84871 -1.14556 -1.69674 -6.8462 -1.27201 -1.57957 -6.85573 -1.25039 -1.54227 -6.87129 -1.50271 -1.75265 -6.79698 -1.0479 -1.67519 -6.82224 -1.24418 -1.46297 -6.82299 -1.16532 -1.25851 -6.81943 -0.831018 -1.58258 -6.84075 -0.627437 -1.5181 -6.78386 -1.1116 -1.11637 -6.83633 -1.46936 -1.91495 -6.747 -1.46713 -1.69992 -6.76881 -1.37137 -1.64386 -6.77448 -1.2051 -1.80452 -6.76145 -1.14955 -1.70991 -6.81603 -1.28658 -1.56657 -6.77263 -1.25731 -1.50568 -6.79424 -1.19719 -1.3621 -6.79007 -0.770752 -1.56779 -6.80864 -1.0978 -1.03657 -6.73714 -0.492015 -1.52311 -6.78395 -1.51053 -1.86983 -6.76027 -1.22042 -1.86813 -6.65154 -1.15363 -1.75707 -6.66032 -1.12065 -1.70399 -6.76376 -0.210847 -1.5193 -6.69952 -1.16289 -1.2895 -6.70664 -0.999784 -1.63315 -6.75664 -0.895428 -1.60108 -6.77709 -0.855104 -1.58087 -6.78844 -0.766518 -1.56342 -6.75094 -0.698376 -1.52374 -6.74749 -1.14652 -1.19167 -6.74203 -1.07435 -1.64014 -6.73026 -1.25274 -1.52956 -6.73894 -1.21903 -1.49857 -6.73809 -0.84506 -1.57341 -6.73427 -0.541205 -1.52631 -6.69418 -1.10024 -0.957201 -6.62786 -1.5312 -1.82806 -6.71237 -1.42148 -1.9742 -6.68029 -0.738299 -1.54966 -6.69385 -0.40218 -1.51738 -6.6632 -1.34769 -1.97584 -6.61847 -1.26654 -1.93532 -6.67561 -1.09639 -1.69407 -6.67502 -1.32201 -1.61332 -6.65287 -1.03709 -1.65267 -6.66075 -1.20907 -1.44373 -6.62289 -0.288518 -1.52043 -6.64707 -0.919541 -1.59772 -6.66365 -0.920865 -1.58553 -6.61042 -0.810721 -1.5423 -6.66362 -0.629175 -1.51899 -6.68254 -1.12599 -1.17098 -6.64404 -1.09006 -1.05669 -6.60691 -1.50749 -1.90901 -6.66971 -1.53517 -1.86868 -6.63066 -1.07959 -1.69649 -6.59054 -1.2836 -1.57393 -6.61775 -1.12991 -1.25362 -6.64748 -0.971063 -1.62471 -6.59754 -1.4665 -1.94985 -6.56893 -1.51002 -1.75707 -6.5616 -1.21569 -1.86671 -6.58556 -1.38867 -1.65067 -6.57478 -1.45948 -1.69638 -6.58269 -0.530503 -1.52563 -6.63128 -0.703795 -1.55301 -6.60006 -0.184837 -1.51079 -6.61858 -0.657644 -1.52138 -6.62475 -0.619607 -1.51333 -6.60954 -0.105148 -1.55054 -6.62408 -1.51526 -1.90439 -6.57133 -1.5241 -1.79768 -6.53146 -1.42171 -1.96135 -6.51492 -1.35609 -1.96071 -6.5114 -1.25176 -1.91431 -6.58299 -1.15309 -1.32517 -6.59166 -0.349401 -1.54478 -6.54265 -0.209195 -1.51691 -6.58455 -0.0389247 -1.54134 -6.60329 -1.14513 -1.79237 -6.52947 -1.36795 -1.62413 -6.5206 -1.26402 -1.50585 -6.53336 -1.13241 -1.15885 -6.52363 -0.864865 -1.57574 -6.57238 -0.731664 -1.55021 -6.5385 -0.673179 -1.56124 -6.54699 -1.12927 -1.06352 -6.50493 -1.11317 -0.950991 -6.54092 -1.12639 -0.778994 -6.49391 -0.540624 -1.55908 -6.51824 -0.203949 -1.56504 -6.48445 -0.246464 -1.54928 -6.53051 0.0311861 -1.56115 -6.58625 -1.29651 -1.9305 -6.53055 -1.23166 -1.40962 -6.51096 -0.750069 -1.57009 -6.5046 -0.116876 -1.55119 -6.50296 -1.48644 -1.91563 -6.49479 -1.52076 -1.84379 -6.49719 -1.40586 -1.68176 -6.52227 -1.2136 -1.86911 -6.54049 -1.04178 -1.70004 -6.51456 -1.15976 -1.22016 -6.49394 -0.609973 -1.56812 -6.48532 -1.46688 -1.73445 -6.42991 -1.41074 -1.96668 -6.47892 -1.25737 -1.84191 -6.45075 -1.42203 -1.69897 -6.4913 -1.40772 -1.6269 -6.46496 -1.13977 -1.12176 -6.44929 -0.317947 -1.58028 -6.43623 -1.5132 -1.7885 -6.38032 -1.18366 -1.8786 -6.48119 -1.11969 -1.80114 -6.47827 -1.04882 -1.73722 -6.47588 -0.966022 -1.69548 -6.45678 0.120159 -1.6915 -6.45572 -0.575633 -1.57967 -6.44202 -0.424146 -1.57319 -6.42984 -0.066049 -1.61256 -6.45617 -0.153859 -1.58543 -6.42198 -1.32475 -1.52265 -6.47576 -1.2647 -1.39226 -6.45617 -1.2037 -1.25588 -6.45125 -0.793565 -1.62416 -6.45131 -0.663298 -1.56381 -6.4532 -1.13928 -1.03007 -6.45217 -1.5166 -1.91842 -6.40488 -1.49196 -1.93549 -6.42359 -1.37518 -1.97257 -6.38359 -1.30089 -1.92696 -6.43463 -1.39637 -1.69659 -6.45326 -1.11792 -1.80148 -6.44295 -1.17205 -1.83564 -6.43612 -1.04252 -1.74263 -6.44946 -1.30908 -1.47543 -6.44229 -1.33164 -1.7275 -6.40553 -1.32101 -1.69591 -6.41694 -1.37878 -1.6214 -6.42846 -1.26162 -1.77985 -6.39644 -1.02137 -1.70823 -6.38726 -0.936529 -1.68339 -6.4224 0.0498027 -1.6634 -6.39633 0.184675 -1.71795 -6.39479 -1.22741 -1.31508 -6.41486 -0.719328 -1.60935 -6.41343 -0.642619 -1.58631 -6.4206 -1.16281 -1.10182 -6.39392 -1.14604 -0.867731 -6.3953 -0.364119 -1.58226 -6.40123 -0.130402 -1.60529 -6.40194 -1.51576 -1.84133 -6.35096 -1.45677 -1.94308 -6.35656 -1.30948 -1.9166 -6.37175 -1.42551 -1.73873 -6.37412 -1.41462 -1.76724 -6.3398 -1.27896 -1.76059 -6.3875 -1.34655 -1.63192 -6.37443 -1.3027 -1.65078 -6.35167 -1.1855 -1.79464 -6.37469 -0.867423 -1.65058 -6.38769 -1.24017 -1.39914 -6.37372 -1.17904 -1.17918 -6.39323 -0.706483 -1.60558 -6.38655 -0.560363 -1.58696 -6.39451 -0.228576 -1.58928 -6.39327 -1.31238 -1.84428 -6.34066 -1.22495 -1.72386 -6.34232 -1.17532 -1.20333 -6.36689 -0.906464 -1.61726 -6.3327 -0.612649 -1.57556 -6.36329 -1.14228 -1.02283 -6.36437 -1.13852 -0.795309 -6.36399 -0.386073 -1.56975 -6.37099 -0.214408 -1.56248 -6.35195 -0.0834866 -1.58577 -6.35053 -1.47229 -1.90898 -6.33266 -1.47697 -1.82653 -6.32374 -1.39809 -1.93974 -6.33165 -1.34786 -1.88646 -6.32495 -1.34116 -1.80263 -6.33795 -1.17596 -1.74082 -6.33023 -1.02922 -1.66634 -6.33133 0.328228 -1.73208 -6.33901 0.0992164 -1.6156 -6.32161 -1.29308 -1.59604 -6.33621 -1.19096 -1.39843 -6.31993 -1.11662 -1.17179 -6.31565 -0.732646 -1.57248 -6.33544 -0.56129 -1.5436 -6.33016 -1.0946 -0.926974 -6.31658 -1.1095 -0.637743 -6.31595 -0.391305 -1.53135 -6.3247 -1.4095 -1.86352 -6.30757 -1.23853 -1.62 -6.23672 -1.18326 -1.67919 -6.23617 -1.13762 -1.68155 -6.24232 0.330965 -1.68459 -6.24213 0.368445 -1.67771 -6.24162 -0.820921 -1.55799 -6.26629 -0.671619 -1.5201 -6.25767 -0.570873 -1.50231 -6.2489 -1.09626 -1.16824 -6.27974 -0.434553 -1.49359 -6.25095 -0.00969594 -1.54965 -6.26675 0.425081 -1.5694 -6.25938 0.343748 -1.42364 -6.23886 -0.9733 -1.60077 -6.2389 -1.23631 -1.589 -6.22652 -1.13883 -1.37647 -6.23308 -1.05462 -0.969547 -6.23919 -0.159443 -1.51546 -6.25719 0.21072 -1.62536 -6.25417 0.411206 -1.63495 -6.23646 -1.06532 -0.735802 -6.25001 -0.892574 -1.55767 -6.17998 -0.71665 -1.51024 -6.1866 -1.03106 -0.826589 -6.15008 -0.236423 -1.48877 -6.19272 0.0445917 -1.54344 -6.18649 -1.20661 -1.56791 -6.14194 -1.17436 -1.49663 -6.1692 -1.01676 -1.60676 -6.17916 -1.11968 -1.36436 -6.16698 -1.06167 -1.1798 -6.15302 -1.0353 -0.983854 -6.15326 -1.04845 -0.633836 -6.15071 -0.455728 -1.47997 -6.19107 0.216045 -1.60814 -6.18184 0.297265 -1.63489 -6.12971 0.295759 -1.34306 -6.17202 0.375263 -1.54436 -6.1519 0.415737 -1.59312 -6.19379 -1.13156 -1.65579 -6.1545 -1.16579 -1.65198 -6.14709 0.334642 -1.65242 -6.13872 0.368019 -1.64068 -6.13644 -1.19525 -1.62765 -6.14462 -0.10884 -1.49126 -6.13857 0.0579479 -1.53352 -6.14175 0.22968 -1.59288 -6.13204 0.265462 -1.40497 -6.06161 0.397267 -1.59922 -6.14325 0.391218 -1.5761 -6.14488 -0.295755 -1.45773 -6.11587 -1.20933 -1.60056 -6.12572 -1.02998 -1.55031 -6.04236 -0.902477 -1.49733 -6.03829 -0.676901 -1.48276 -6.12879 -0.484426 -1.45641 -6.11842 -1.14038 -1.64955 -6.06852 -1.19959 -1.57084 -6.09111 -1.11104 -1.63092 -6.08053 -1.10616 -1.46822 -6.05066 -1.00377 -1.1191 -6.04653 0.123842 -1.50229 -6.03664 -1.02158 -0.523694 -6.0479 -1.19477 -1.62884 -6.02805 -1.0551 -1.33693 -6.04632 -1.02339 -1.24406 -6.03291 -0.663063 -1.4383 -6.04146 -0.978212 -0.956146 -6.03857 -0.985479 -0.808261 -6.05657 -0.489421 -1.42458 -6.0506 -0.381141 -1.4256 -6.05895 -0.14816 -1.439 -6.04852 0.00946173 -1.46671 -6.03391 0.236125 -1.55647 -6.04569 0.278126 -1.46059 -6.03607 0.333727 -1.52079 -6.07096 -1.03628 -1.54723 -5.9881 -0.994559 -0.628996 -6.0348 0.375662 -1.63673 -6.0288 -1.1129 -1.49198 -5.99785 -1.08871 -1.45855 -5.99543 -0.979459 -1.52054 -6.0194 -0.814398 -1.46753 -6.01083 -0.982276 -0.910634 -6.02354 -0.973009 -0.820785 -6.00219 -1.02987 -0.456812 -6.01442 -1.01024 -0.560333 -6.01629 -0.148005 -1.43221 -6.01304 -0.257101 -1.42292 -6.02105 -0.365817 -1.42015 -6.02396 0.306842 -1.63347 -5.99332 0.188972 -1.52197 -6.00575 0.252209 -1.39762 -6.01816 -1.19517 -1.60202 -5.83321 -0.7944 -1.4628 -5.92552 -1.01162 -1.18035 -5.97872 -1.00006 -1.16552 -5.92775 -0.406266 -1.4363 -5.96801 -0.485864 -1.41672 -5.97 -0.327219 -1.44696 -5.94774 -0.24896 -1.4212 -5.89742 -0.0378481 -1.45792 -5.94981 -1.19048 -1.57199 -5.77394 -1.05913 -1.40051 -5.80921 -0.861231 -1.49139 -5.91148 -0.561049 -1.41951 -5.94518 -1.03317 -1.25283 -5.9101 -0.205535 -1.41931 -5.91513 -0.617426 -1.41842 -5.84923 -0.984919 -1.10828 -5.86937 -0.973945 -0.942776 -5.89952 0.0204363 -1.48217 -5.91611 -1.00144 -0.824284 -5.9378 -1.03162 -0.482314 -5.89858 -1.05668 -0.345515 -5.84543 -0.984342 -0.648382 -5.94932 0.274159 -1.4734 -5.83419 -1.01809 -0.517874 -5.95781 -1.16798 -1.54535 -5.74392 -0.749099 -1.44022 -5.78118 -0.985526 -0.690683 -5.91191 -0.99605 -0.562345 -5.88042 -0.405382 -1.43268 -5.90791 -0.0888935 -1.43308 -5.85911 0.335546 -1.63976 -5.87545 0.223923 -1.53799 -5.78496 0.362391 -1.62686 -5.80901 0.378482 -1.60008 -5.85708 -1.16865 -1.6308 -5.78479 -1.10917 -1.62233 -5.78434 -0.99951 -1.51805 -5.74839 -0.958231 -1.50544 -5.83693 -0.976177 -1.02948 -5.85596 -1.00252 -0.862476 -5.84438 -1.06647 -0.30502 -5.75198 -0.530045 -1.45184 -5.85732 0.145892 -1.50088 -5.8429 0.307812 -1.62989 -5.71486 0.276379 -1.6048 -5.7057 -0.303376 -1.45006 -5.87593 -1.10212 -1.48494 -5.69835 -0.846106 -1.47628 -5.84216 -1.0099 -0.720392 -5.84358 -0.20989 -1.43192 -5.80594 -0.166358 -1.41841 -5.78826 0.19183 -1.51485 -5.73289 0.370364 -1.56689 -5.81934 -1.04065 -1.29369 -5.83026 -1.01485 -1.21637 -5.81525 -1.04213 -0.432096 -5.81801 -0.985977 -0.61088 -5.77766 -0.990903 -0.549341 -5.75733 -0.0381406 -1.45736 -5.82686 0.0622272 -1.48586 -5.86078 -1.01242 -0.962693 -5.77953 -1.00983 -0.661541 -5.76874 -0.397552 -1.45793 -5.79227 0.0823173 -1.49436 -5.75202 -0.892247 -1.49193 -5.7745 -1.01831 -0.830254 -5.75927 0.353697 -1.57253 -5.4692 -1.13946 -1.62987 -5.6354 -1.03023 -1.53375 -5.64671 -1.07586 -1.45924 -5.42953 -1.05909 -1.41338 -5.65548 -0.519519 -1.45258 -5.73221 -1.00528 -1.23766 -5.71692 -0.979191 -1.10905 -5.71594 -1.04521 -0.75234 -5.69689 -0.382061 -1.47135 -5.67645 -0.0582912 -1.4349 -5.74388 -1.03893 -1.31948 -5.73501 -0.993559 -1.51069 -5.64026 -0.652369 -1.4173 -5.70502 -1.00474 -1.00295 -5.69309 -1.03506 -0.885871 -5.64879 -0.97284 -0.627011 -5.64551 -0.444726 -1.47115 -5.68781 -0.290079 -1.44599 -5.66004 0.339773 -1.54128 -5.5814 -0.897986 -1.48387 -5.63375 -0.772156 -1.43689 -5.55306 -1.05169 -0.866807 -5.58134 -0.989548 -1.19565 -5.46818 -1.03951 -0.406831 -5.69664 -1.0544 -0.335672 -5.70663 -1.00276 -0.486522 -5.66631 0.334156 -1.62504 -5.59651 0.36065 -1.59966 -5.59388 -1.04143 -1.32839 -5.67685 -1.06187 -0.301272 -5.63425 -0.20771 -1.41307 -5.6849 -0.150754 -1.41265 -5.63571 0.0105884 -1.45145 -5.6464 0.262077 -1.46446 -5.6302 -1.10245 -1.61241 -5.55621 -0.666324 -1.41433 -5.53832 -0.621493 -1.41681 -5.60549 -0.978763 -1.05105 -5.63626 -1.02159 -0.695921 -5.63645 -1.02944 -0.422845 -5.55232 -0.173919 -1.41343 -5.61548 -0.0618325 -1.42625 -5.43214 0.274542 -1.60224 -5.49162 0.166348 -1.50052 -5.53917 0.0770222 -1.48453 -5.61381 -1.16763 -1.60206 -5.44485 -1.17999 -1.57168 -5.55228 -1.04398 -1.37584 -5.61099 -1.02878 -1.27833 -5.54381 -1.04903 -0.822479 -5.56369 -0.971196 -0.596457 -5.56897 -0.234032 -1.44079 -5.60527 -1.05807 -1.4276 -5.46011 -1.0221 -0.984694 -5.559 -1.03184 -0.782535 -5.54454 -1.04936 -0.317155 -5.52905 -1.00682 -0.660968 -5.5805 -0.982827 -0.632837 -5.57102 -0.567724 -1.44688 -5.57779 -0.327137 -1.45254 -5.59738 -1.08404 -1.58991 -5.31517 -1.04194 -1.37523 -5.49329 -0.964347 -1.07016 -5.46141 -0.970444 -1.05418 -5.53941 -1.01639 -0.686488 -5.52912 -0.987095 -0.514907 -5.46368 -0.567173 -1.45859 -5.48349 -0.253162 -1.44301 -5.52217 0.307284 -1.62035 -5.47014 0.123609 -1.4842 -5.5223 -0.944106 -1.48805 -5.53195 -1.04174 -0.942547 -5.51099 -0.163114 -1.40727 -5.52466 0.0479355 -1.47147 -5.50658 0.201533 -1.51705 -5.45938 -1.16536 -1.54616 -5.36963 -0.64966 -1.4174 -5.47087 -1.0174 -0.862816 -5.46794 -1.01159 -1.01286 -5.49446 -0.964534 -0.637855 -5.47381 -0.448274 -1.45042 -5.48377 -0.281399 -1.43052 -5.44756 -1.10342 -1.60299 -5.29164 -0.965429 -1.48924 -5.39072 -0.879728 -1.47414 -5.48456 -1.00831 -0.728353 -5.46034 -1.01901 -0.400095 -5.43422 -1.07487 -0.25222 -5.36171 -0.528759 -1.43881 -5.42766 0.135017 -1.48566 -5.39116 -1.1366 -1.60787 -5.29286 -1.17025 -1.57517 -5.27867 -1.01792 -1.51805 -5.36939 -0.823577 -1.44616 -5.38521 -0.677908 -1.41253 -5.37984 -1.02668 -0.967763 -5.42558 -0.23271 -1.39937 -5.42682 -1.03438 -1.35984 -5.38424 -0.633811 -1.40965 -5.41946 -0.967834 -1.03724 -5.37661 -0.99901 -0.891956 -5.42451 -0.997196 -0.764213 -5.43106 -0.954113 -0.722226 -5.39267 0.335935 -1.60061 -5.38045 -0.332671 -1.39706 -5.38128 -0.300869 -1.39428 -5.35228 -0.122227 -1.41581 -5.35479 0.30787 -1.61289 -5.39745 0.221359 -1.54768 -5.30318 -0.994932 -1.20192 -5.35502 -0.968068 -1.05705 -5.34908 -0.97017 -0.972605 -5.36947 -0.959345 -0.92082 -5.38219 -0.957143 -0.773204 -5.38284 -0.9741 -0.582496 -5.35156 -0.537178 -1.39894 -5.37883 -1.15964 -1.59805 -5.28983 -1.06682 -1.43741 -5.35155 -0.562285 -1.39855 -5.34762 -1.01728 -0.407999 -5.35218 0.00335469 -1.44573 -5.35107 0.277014 -1.60112 -5.31778 0.344968 -1.57135 -5.29238 -1.10455 -1.47596 -5.29872 -1.03534 -1.33311 -5.33672 -0.986055 -1.50682 -5.3399 -0.80085 -1.44576 -5.33462 -0.661189 -1.41573 -5.33848 -0.962053 -0.944242 -5.34047 -0.954729 -0.877103 -5.34423 -0.960335 -0.719487 -5.33966 -0.457346 -1.39495 -5.34027 0.306932 -1.61331 -5.29127 0.126931 -1.50006 -5.3206 -1.16244 -1.53232 -5.2496 -1.04718 -1.5651 -5.27241 -0.888455 -1.52129 -5.21123 -0.993417 -1.06155 -5.28768 -0.984429 -0.851505 -5.26654 -1.01238 -0.6868 -5.20667 -1.02172 -0.43591 -5.30203 -1.07747 -0.263559 -5.30967 -1.02837 -0.573914 -5.2038 -0.0592609 -1.48276 -5.21332 0.337224 -1.60179 -5.29423 -0.800243 -1.47422 -5.26857 -0.623362 -1.46099 -5.21214 -0.228937 -1.45624 -5.20464 -0.467845 -1.44588 -5.21303 -0.38228 -1.44004 -5.22432 0.271108 -1.61302 -5.27261 -1.18408 -1.72348 -5.24788 -1.16483 -1.63051 -5.26984 -1.09916 -1.66814 -5.25926 -1.23314 -1.66896 -5.24373 -1.19535 -1.61063 -5.25806 -1.09611 -1.61585 -5.26568 -1.00897 -0.991174 -5.21191 -1.09945 -0.327478 -5.19012 0.328118 -1.63389 -5.26108 0.289977 -1.65865 -5.25589 0.380878 -1.63408 -5.26571 0.356382 -1.70538 -5.239 0.357235 -1.54026 -5.26427 -1.31061 -1.69384 -5.20955 0.256767 -1.65605 -5.22707 0.384384 -1.71922 -5.22669 0.460132 -1.63229 -5.22702 -1.1996 -1.56503 -5.20024 -1.04805 -1.64031 -5.22948 -1.01495 -1.59305 -5.21952 -1.19101 -1.47619 -5.21101 -1.13508 -1.48107 -5.24584 -1.11343 -1.42247 -5.2049 -1.08638 -1.35648 -5.2096 -1.03775 -1.18431 -5.20774 -0.979282 -1.56519 -5.19418 0.208628 -1.62954 -5.22024 0.156851 -1.55458 -5.21022 -0.740908 -1.49235 -5.18925 -1.0032 -0.833897 -5.20538 -1.26518 -1.74696 -5.19567 -1.30152 -1.6605 -5.20056 -1.24648 -1.76938 -5.16323 -1.19077 -1.73195 -5.18408 0.368076 -1.7207 -5.18248 0.394778 -1.73762 -5.19841 0.459359 -1.73543 -5.18039 -1.24031 -1.64313 -5.20721 -1.16364 -1.4141 -5.14613 0.0373242 -1.5175 -5.19448 -1.3305 -1.70176 -5.15607 -1.30436 -1.76572 -5.12949 -1.29216 -1.6436 -5.15568 0.263513 -1.69205 -5.08861 0.441111 -1.76411 -5.14521 -1.23953 -1.55199 -5.17266 -1.20157 -1.47832 -5.16526 -1.13504 -1.3868 -5.14831 -1.0928 -1.25041 -5.14076 -1.06234 -1.13877 -5.15099 -0.965328 -1.59548 -5.13503 -0.898415 -1.55516 -5.1508 -0.719568 -1.50817 -5.14911 -0.548149 -1.48175 -5.15447 -1.03811 -0.763141 -5.14716 -1.06016 -0.58318 -5.14982 -1.0975 -0.438022 -5.14109 -1.12562 -0.350389 -5.13772 -0.391051 -1.46461 -5.17216 -0.305968 -1.47921 -5.14989 -0.125802 -1.50164 -5.15074 0.0180236 -1.53479 -5.13882 0.117053 -1.57489 -5.14197 -1.08588 -1.69203 -5.11293 -1.02487 -1.63922 -5.07258 0.500059 -1.7473 -5.10163 -1.2648 -1.53882 -5.09315 -1.03947 -0.924018 -5.14119 -0.457888 -1.478 -5.14326 -1.14347 -1.72073 -5.08731 0.225122 -1.65519 -5.09647 0.445991 -1.76926 -5.07615 -1.19092 -1.46339 -5.07975 -1.1046 -1.36028 -5.07231 -1.00188 -1.62394 -5.04662 -0.969287 -1.58176 -5.04774 -0.881431 -1.5388 -5.08146 -0.747014 -1.51301 -5.06741 -0.626996 -1.49822 -5.10764 -1.07349 -1.17497 -5.10636 -1.03839 -0.803448 -5.10286 -1.06088 -0.614757 -5.10852 -0.301764 -1.48295 -5.10264 -0.113351 -1.50381 -5.08133 -0.016219 -1.52983 -5.06704 0.160374 -1.60901 -5.0718 -1.28131 -1.78269 -5.05355 -1.32211 -1.75919 -5.02699 -1.3457 -1.72633 -5.04912 -1.22562 -1.75253 -5.03183 -1.09234 -1.71155 -5.08212 0.351814 -1.72057 -5.05516 -1.30185 -1.66535 -5.02612 -1.16814 -1.43442 -5.0509 -1.03615 -0.93197 -5.06381 -1.03183 -0.875235 -5.07864 -0.447165 -1.4757 -5.08052 -1.07771 -0.54043 -5.09368 -1.09535 -0.392448 -5.07899 -1.14951 -0.31671 -5.13359 0.0579879 -1.53247 -5.07847 -1.24932 -1.77176 -4.98941 0.246674 -1.66023 -5.01416 0.40424 -1.73705 -5.0475 0.370181 -1.71985 -4.95792 -1.2324 -1.53174 -5.00725 -1.12826 -1.40912 -5.05929 -1.11313 -1.31238 -5.03247 -0.855303 -1.54914 -5.03448 -0.613119 -1.47557 -5.02509 -1.05831 -1.1641 -5.02641 -1.03155 -1.01073 -5.03208 -1.02908 -0.708995 -5.02783 -1.05469 -0.555856 -5.02769 -0.357679 -1.48802 -5.03144 0.135987 -1.57325 -5.05553 -1.15171 -1.71772 -4.98325 -1.09146 -1.68253 -5.00968 -1.18795 -1.44678 -4.98799 -1.15703 -1.40124 -5.00245 -1.09968 -0.430516 -5.02835 -0.238648 -1.47916 -5.02124 0.0634391 -1.55984 -5.02783 -0.0489668 -1.51438 -5.01439 -1.26926 -1.76823 -4.96533 0.25212 -1.66399 -4.95718 0.398898 -1.7425 -4.93537 -1.25768 -1.57947 -4.96232 -1.00448 -1.63541 -4.98146 -1.09031 -1.27321 -4.98546 -0.95432 -1.59699 -4.99989 -0.818234 -1.52594 -4.98631 -0.721783 -1.51398 -4.94448 -0.643846 -1.48755 -4.95555 -1.04182 -1.09454 -4.9634 -1.04876 -0.745064 -4.96862 -1.05483 -0.973219 -4.96247 -1.03601 -0.630474 -4.97281 -1.08425 -0.434156 -4.97862 -0.525465 -1.4944 -4.97903 -0.328326 -1.50225 -4.92735 -0.180114 -1.48699 -4.96623 -0.00337626 -1.52415 -4.97947 0.0978506 -1.57722 -5.00325 0.164787 -1.62014 -5.00388 -1.32461 -1.69695 -4.96736 -1.30494 -1.72458 -4.94012 -1.25306 -1.60296 -4.91423 -1.15696 -1.70274 -4.92467 -1.059 -1.66359 -4.95883 -1.1298 -1.37159 -4.96276 -0.924753 -1.5709 -4.95398 -0.236186 -1.48901 -4.88061 0.112901 -1.57078 -4.94605 -0.101163 -1.5191 -4.92986 -1.18818 -1.50273 -4.88269 -1.01578 -1.60936 -4.90761 -0.56955 -1.48534 -4.89631 -1.07415 -1.17207 -4.93913 -1.05823 -0.930462 -4.92172 -1.05183 -0.765207 -4.9039 -0.499756 -1.50136 -4.91383 -0.0394842 -1.52923 -4.87356 0.27464 -1.65572 -4.89918 -1.29388 -1.67708 -4.90005 -1.18261 -1.71635 -4.86192 0.345628 -1.71033 -4.87259 -1.27437 -1.61793 -4.88392 -0.122436 -1.51262 -4.83861 -1.14321 -1.39775 -4.86311 -0.949179 -1.5815 -4.85892 -0.8623 -1.55617 -4.90449 -1.05955 -1.13145 -4.86868 -1.04213 -1.02326 -4.89812 -1.15141 -1.71068 -4.864 -1.0443 -1.62354 -4.87533 -1.12626 -1.3148 -4.83144 -1.08087 -1.20743 -4.85075 -0.76047 -1.52045 -4.84098 -0.673724 -1.50129 -4.86309 -1.07679 -0.960065 -4.8599 0.206012 -1.61644 -4.87103 -1.26777 -1.62553 -4.8476 0.304389 -1.69737 -4.8474 0.0571017 -1.56491 -4.83599 -0.869901 -1.56414 -4.82692 -1.05903 -1.04998 -4.83825 -1.25233 -1.62723 -4.82021 -1.16038 -1.71951 -4.80149 -1.22336 -1.52063 -4.82419 -1.07795 -1.67576 -4.78606 -1.18995 -1.42257 -4.78013 -0.601667 -1.50639 -4.82761 -0.510868 -1.53717 -4.82787 -0.290591 -1.55655 -4.78318 -0.192664 -1.51329 -4.82608 0.196798 -1.63797 -4.81962 0.256185 -1.67332 -4.78515 0.330112 -1.71754 -4.79008 -1.26831 -1.59875 -4.80695 -1.00449 -1.65726 -4.76566 -1.16552 -1.21488 -4.72732 -0.575618 -1.57682 -4.73495 0.141863 -1.65153 -4.75969 -1.22481 -1.66648 -4.77837 -1.31239 -1.6336 -4.72894 -1.31743 -1.59502 -4.72804 -1.24937 -1.55135 -4.77648 -0.773924 -1.59138 -4.7484 -0.487581 -1.57913 -4.7542 -0.339347 -1.5819 -4.74435 -0.259386 -1.57501 -4.73539 -0.214614 -1.57619 -4.73198 -0.0681751 -1.58743 -4.75394 -1.13332 -1.75877 -4.73632 -1.17742 -1.76637 -4.72465 -1.07086 -1.72118 -4.72975 0.242925 -1.7159 -4.7305 0.342555 -1.7666 -4.72857 -1.26673 -1.49563 -4.72374 -1.22192 -1.39379 -4.7247 -0.9168 -1.65306 -4.71977 -0.509116 -1.58189 -4.71653 0.0797807 -1.64815 -4.72185 -0.471185 -1.58282 -4.7036 -0.761584 -1.60561 -4.71918 -1.17723 -1.76524 -4.68597 -1.31304 -1.63603 -4.68299 -1.13839 -1.7637 -4.68904 -1.0536 -1.71392 -4.69022 -0.84356 -1.62343 -4.6866 -1.32136 -1.5975 -4.69075 -1.25827 -1.47894 -4.69143 -1.21357 -1.37951 -4.6822 -1.16972 -1.23531 -4.69156 -0.644405 -1.58221 -4.68548 -1.17053 -1.74001 -4.66362 -1.13437 -1.72877 -4.65881 -0.882501 -1.61135 -4.66623 -1.29745 -1.61264 -4.66188 -1.22004 -1.46269 -4.662 -1.14548 -1.27078 -4.66485 -0.752604 -1.57256 -4.66683 -1.1494 -1.56533 -4.63999 -0.969322 -1.57391 -4.64431 -1.09968 -1.36673 -4.65994 0.269006 -0.780138 -6.80294 0.276975 -0.971871 -6.64277 0.26514 -0.852587 -6.65181 0.305913 -0.507841 -6.71877 0.255961 -0.637176 -6.71295 0.327736 -0.381039 -6.68114 0.361893 -0.270287 -6.72013 0.327052 0.0562904 -6.701 0.264047 -0.734623 -6.66071 0.295339 -0.535303 -6.61857 0.660505 -0.00174405 -6.56147 0.268448 -0.761025 -6.64177 0.280818 0.0180889 -6.62652 0.313779 0.0524533 -6.62858 0.371028 -0.273058 -6.61082 0.388324 -0.222037 -6.64161 0.369533 0.123024 -6.66706 0.725629 0.145795 -6.60058 0.252503 -0.649807 -6.62662 0.28641 -0.450148 -6.63877 0.462128 -0.140956 -6.60604 0.567719 -0.05471 -6.54335 0.478312 0.261775 -6.60173 0.315874 -0.386815 -6.57706 0.209989 0.00425725 -6.53061 0.290933 -0.987106 -6.55912 0.274802 -0.653663 -6.56237 0.305248 -0.525886 -6.52465 0.423686 -0.210253 -6.54708 0.55675 0.291026 -6.57336 0.629476 0.257432 -6.4861 0.290172 -0.849418 -6.53743 0.28965 -0.703993 -6.54245 0.0116531 -0.0829656 -6.52517 0.42809 -0.226863 -6.51783 0.483338 0.244466 -6.53076 0.312434 -0.615975 -6.52046 0.306483 0.109317 -6.48482 0.379648 0.153366 -6.53416 0.598693 -0.0057066 -6.50372 0.705259 0.104485 -6.49563 0.698393 0.173079 -6.50856 0.423728 0.176433 -6.52858 0.449778 0.189164 -6.50084 0.52375 0.266486 -6.49843 0.309157 -0.932119 -6.49105 0.398426 -0.401391 -6.44129 0.388217 -0.322539 -6.50169 0.594786 -0.0696833 -6.48133 0.675246 0.0399582 -6.48123 0.57165 0.275013 -6.47792 0.678737 0.208013 -6.48176 0.308417 -0.851827 -6.46119 0.323947 -0.782726 -6.42409 0.32003 -0.64838 -6.45826 0.315226 -0.576366 -6.46185 0.358567 -0.49202 -6.45619 -0.0100908 -0.0483474 -6.4576 0.166365 0.0217137 -6.47264 0.451694 -0.269432 -6.44938 0.514993 -0.188758 -6.45378 0.360805 0.169779 -6.47916 0.602381 -0.011897 -6.45403 0.706149 0.15026 -6.4592 0.441906 0.172975 -6.43624 0.486914 0.23374 -6.38599 0.520442 0.26919 -6.41672 0.327348 -0.911908 -6.41917 0.350678 -1.13534 -6.39687 0.341202 -0.581252 -6.41461 0.208037 0.0571178 -6.44985 0.337461 0.151312 -6.44575 0.601665 -0.0716531 -6.44672 0.611281 0.016884 -6.43092 0.378338 0.15992 -6.43571 0.687821 0.245264 -6.39993 0.34402 -1.0951 -6.39259 0.0442709 -0.0273551 -6.42054 0.207113 0.0487606 -6.42066 0.458242 -0.263315 -6.41934 0.557025 -0.0966121 -6.41678 0.565639 -0.0568813 -6.42469 0.439243 0.084048 -6.41846 0.531235 -0.0105126 -6.40732 0.706774 0.089522 -6.37417 0.697372 0.220187 -6.41144 0.320955 -0.852847 -6.38405 0.331333 -0.686302 -6.38641 -0.0956556 -0.0795656 -6.39151 0.0662727 -0.0360751 -6.37815 0.166709 0.00335221 -6.37427 0.365556 0.106339 -6.37339 0.353954 -0.542172 -6.38128 0.398889 -0.386324 -6.3803 0.468535 -0.210855 -6.37886 0.536827 -0.0796813 -6.37218 0.490891 -0.0152947 -6.36468 0.519467 0.0191582 -6.37682 0.633618 0.0464479 -6.35108 0.709063 0.150855 -6.34277 0.57313 0.275529 -6.35983 0.343477 -1.16428 -6.37008 0.315631 -1.01164 -6.36559 -0.0847759 -0.0903124 -6.36867 0.477911 -0.0994516 -6.32918 0.481133 0.0522877 -6.37851 0.445888 0.0334615 -6.36719 0.482943 0.170228 -6.33812 0.692709 0.202121 -6.3387 0.290615 -1.06952 -6.33736 0.278528 -0.892765 -6.33762 0.282907 -0.712869 -6.33393 0.311839 -0.544801 -6.33433 -0.265251 -0.16588 -6.3236 -0.0781541 -0.12184 -6.34076 0.150563 -0.0566736 -6.32955 0.337508 0.0406648 -6.33505 0.350525 -0.408576 -6.33743 0.423755 -0.215569 -6.33529 0.472642 -0.063645 -6.33051 0.373352 0.033933 -6.32956 0.552485 0.096975 -6.30714 0.636698 0.0804854 -6.31511 0.690494 0.127461 -6.31764 0.56469 0.238309 -6.31646 0.642496 0.234188 -6.3171 0.317345 -1.28242 -6.29519 0.287027 -1.1749 -6.29814 0.261915 -1.01107 -6.30256 0.253009 -0.857098 -6.29868 0.242362 -0.651048 -6.24356 -0.026738 -0.146163 -6.2685 0.0655216 -0.112097 -6.28263 0.330947 -0.287525 -6.22787 0.541052 0.177486 -6.30658 0.256932 -0.535195 -6.23202 0.286591 -0.417284 -6.23021 -0.17157 -0.19432 -6.22433 0.327713 -0.021895 -6.21923 0.420291 -0.107706 -6.23061 0.620777 0.15424 -6.29363 0.2825 -1.26233 -6.22015 0.246135 -1.10127 -6.22559 0.222903 -0.852413 -6.22546 0.187832 -0.104855 -6.17207 0.404503 -0.0659622 -6.22919 0.364172 -0.0247516 -6.23212 0.257638 -1.21771 -6.1671 0.220699 -1.05422 -6.15379 0.215502 -0.918927 -6.17422 0.206957 -0.795379 -6.15449 0.224658 -0.606652 -6.15357 0.264118 -0.421303 -6.15407 -0.309394 -0.231463 -6.15612 -0.125429 -0.201586 -6.17383 0.0297371 -0.163407 -6.17378 0.344481 -0.190806 -6.14012 0.372888 -0.0682961 -6.13219 0.299645 -0.301466 -6.1435 0.296906 -0.0652734 -6.13579 0.380832 -0.125165 -6.12937 0.38868 -0.0962993 -6.14041 0.337827 -0.0482246 -6.1365 -0.48499 -0.259049 -6.09172 -0.202418 -0.269569 -6.0332 0.0911001 -0.197481 -6.05574 0.158915 -0.854703 -6.05456 0.22409 -0.153525 -6.03509 0.277741 -0.225326 -6.03624 0.171926 -1.10815 -6.03971 0.152255 -0.948481 -6.03131 0.164177 -0.724805 -6.05909 0.161231 -0.631253 -6.03345 0.237261 -0.339594 -6.0465 0.196805 -0.462904 -6.0376 -0.320378 -0.274944 -6.05437 0.366495 -0.14078 -6.08736 0.369467 -0.0635966 -6.0256 0.205438 -1.2438 -6.05025 0.180503 -0.568038 -6.05006 -0.00197828 -0.233469 -6.02259 0.30717 -0.0643981 -6.02163 0.27916 -0.21245 -5.9658 0.194024 -1.20538 -5.99003 0.14912 -0.881959 -6.00292 0.170494 -0.771128 -6.01804 -0.446099 -0.287568 -6.01213 -0.356948 -0.282198 -6.0193 -0.302954 -0.285433 -5.99921 0.121289 -0.197039 -5.99957 0.356703 -0.145129 -5.81506 -0.719342 -0.26278 -5.88498 0.220808 -1.26651 -5.94648 0.235032 -1.33994 -5.87606 0.144182 -0.719379 -5.89234 0.186268 -0.507488 -5.96799 0.234916 -0.354618 -5.97822 -0.395346 -0.253146 -5.93703 -0.0871482 -0.249327 -5.96431 0.248391 -0.278211 -5.95372 0.174876 -1.18519 -5.91997 0.149007 -1.03231 -5.92637 -0.624999 -0.280301 -5.85108 -0.506874 -0.288664 -5.9407 -0.231528 -0.283562 -5.86182 -0.108179 -0.263801 -5.87009 -0.015071 -0.223286 -5.90794 0.230698 -0.154239 -5.86684 0.247486 -1.42457 -5.81758 0.194414 -0.853856 -5.92795 -0.308519 -0.289433 -5.891 0.184867 -0.184594 -5.78584 0.308504 -0.0697136 -5.74938 0.146768 -1.09205 -5.74376 0.173471 -0.96116 -5.8953 0.169965 -0.766372 -5.84765 0.165619 -0.536955 -5.81777 0.205642 -0.459543 -5.90097 0.224813 -0.381982 -5.88049 0.233495 -0.313273 -5.84819 -0.374392 -0.254291 -5.82813 0.371482 -0.125278 -5.88841 0.142291 -1.01456 -5.8531 0.188569 -0.855423 -5.82227 0.0799432 -0.209178 -5.85319 0.282917 -0.0925374 -5.74108 0.336915 -0.0667619 -5.74666 0.165365 -1.16368 -5.80599 0.137634 -0.968338 -5.7825 0.151803 -0.638587 -5.85073 0.193492 -0.461559 -5.80255 -0.492731 -0.254077 -5.85336 -0.0293955 -0.239699 -5.81674 0.24577 -0.26945 -5.75826 0.365168 -0.0961586 -5.74514 -0.875122 -0.203233 -5.77354 0.233242 -1.32017 -5.81893 0.169614 -0.909614 -5.79846 0.1821 -0.80134 -5.79746 0.18241 -0.696902 -5.79292 0.155237 -0.570305 -5.69103 0.229994 -0.384985 -5.80379 -0.528203 -0.259501 -5.74691 -0.470586 -0.253519 -5.75602 -0.301037 -0.238437 -5.78078 -0.0194759 -0.251814 -5.6443 0.0460007 -0.208475 -5.78487 0.251862 -0.250481 -5.63144 0.275783 -0.219002 -5.57507 0.343939 -0.158411 -5.6561 0.365117 -0.125672 -5.71306 -0.775168 -0.255472 -5.71832 -0.656958 -0.282326 -5.67707 0.198049 -1.27891 -5.704 0.14457 -1.12689 -5.58745 0.193926 -0.69404 -5.69666 0.187116 -0.436519 -5.67954 -0.943424 -0.201492 -5.68308 0.234366 -1.36542 -5.73322 0.149061 -1.05839 -5.7146 0.187643 -0.883262 -5.71729 0.159259 -0.538147 -5.66519 0.22423 -0.374781 -5.74197 0.234026 -0.304841 -5.71536 -0.211291 -0.253424 -5.71172 -0.144879 -0.273722 -5.71043 0.0775878 -0.212028 -5.70116 -0.896437 -0.208287 -5.68571 -0.569076 -0.2874 -5.67541 0.237129 -1.35204 -5.68227 0.19461 -0.759227 -5.65102 0.23274 -0.347949 -5.66453 -0.480082 -0.219256 -5.68332 -0.314216 -0.219929 -5.66434 0.150958 -0.19703 -5.64163 0.206801 -0.175873 -5.61577 -0.710014 -0.275865 -5.53441 0.179445 -1.01939 -5.66669 0.195955 -0.888429 -5.66594 -0.397153 -0.194267 -5.62369 0.305421 -0.0817778 -5.45715 0.335868 -0.0755791 -5.61079 0.357599 -0.0969914 -5.62579 -0.780191 -0.258105 -5.52302 -0.629733 -0.277841 -5.64322 0.224019 -1.32011 -5.62295 0.148328 -0.598021 -5.60493 0.220816 -0.381014 -5.62642 -0.220638 -0.245173 -5.64549 -0.178311 -0.27496 -5.5845 -0.147856 -0.279519 -5.58489 0.350352 -0.128042 -5.42974 -0.661146 -0.274273 -5.60805 -0.578777 -0.229783 -5.6006 0.230796 -1.40461 -5.58444 0.164143 -1.21166 -5.50337 0.170867 -1.07168 -5.57415 0.185261 -1.01588 -5.56547 0.195788 -0.910335 -5.58284 0.215893 -0.818324 -5.60208 0.183303 -0.662937 -5.59786 0.168664 -0.48943 -5.51989 0.229626 -0.300413 -5.59181 -0.520717 -0.233227 -5.6298 -0.111532 -0.272756 -5.51244 -0.0508681 -0.260632 -5.49811 -0.895543 -0.211252 -5.5879 0.226545 -0.381353 -5.52753 -0.568724 -0.215207 -5.53581 -0.446628 -0.212551 -5.5657 0.133663 -0.209596 -5.45492 0.279166 -0.0967788 -5.50646 -0.952491 -0.206435 -5.46858 -0.69134 -0.279909 -5.49549 -0.643262 -0.245448 -5.5417 0.253607 -1.45838 -5.53433 0.223984 -1.31673 -5.53517 0.228583 -1.40658 -5.47052 0.213514 -0.765863 -5.55991 -0.222952 -0.21775 -5.53424 0.252638 -0.243729 -5.54391 -0.883167 -0.209837 -5.50847 0.141389 -1.10068 -5.49869 0.177903 -1.03605 -5.52064 0.19701 -0.769678 -5.45517 0.142247 -0.596163 -5.4608 -0.149542 -0.26716 -5.52144 0.0435749 -0.219661 -5.51384 0.337722 -0.158361 -5.42781 0.337076 -0.0951775 -5.38953 0.303305 -1.50664 -5.47904 0.183896 -0.889869 -5.49476 0.205439 -0.720142 -5.49533 0.195912 -0.666827 -5.48435 0.226549 -0.298316 -5.47823 -0.37697 -0.220354 -5.48936 -0.202161 -0.233397 -5.51111 -1.00558 -0.182619 -5.34648 -0.618485 -0.237372 -5.47783 0.190629 -1.2981 -5.44035 0.185015 -0.418223 -5.40239 -0.472016 -0.214986 -5.44523 -0.301256 -0.243826 -5.43302 -0.204553 -0.270973 -5.46319 -0.930469 -0.217472 -5.39837 -0.792051 -0.25679 -5.4203 -0.57848 -0.239244 -5.42314 0.245389 -1.43582 -5.43797 0.142149 -1.11989 -5.4259 0.132641 -1.0261 -5.45663 0.165702 -0.952792 -5.45638 0.168485 -0.813152 -5.43493 0.178009 -0.72509 -5.40601 0.186453 -0.415431 -5.34726 0.0336896 -0.240427 -5.37766 -1.14136 -0.183682 -5.28999 -1.13886 -0.0971965 -5.40421 -1.10723 -0.0938153 -5.4031 -0.654468 -0.289362 -5.40991 -0.587662 -0.29022 -5.35266 0.258932 -1.46078 -5.33496 0.119715 -0.960468 -5.36947 0.132369 -0.951893 -5.41548 0.133846 -0.700637 -5.34732 -0.298948 -0.289745 -5.3748 -0.253471 -0.296905 -5.36282 0.189939 -0.183028 -5.34174 0.238705 -0.140905 -5.29428 0.333083 -1.54376 -5.29638 0.200036 -1.32582 -5.35041 0.226619 -1.40045 -5.37664 0.138594 -0.622543 -5.34617 -1.04661 -0.146029 -5.31208 -0.440428 -0.23733 -5.37982 -0.0708403 -0.264851 -5.34386 0.24221 -0.257314 -5.34617 0.280832 -0.0984417 -5.29269 0.334588 -0.164163 -5.28701 -1.16034 -0.154287 -5.28831 -0.876461 -0.232433 -5.34896 0.157224 -1.16469 -5.35113 0.120287 -0.838007 -5.35103 0.123367 -0.790783 -5.36889 -0.52464 -0.28326 -5.33853 -1.15006 -0.100233 -5.28888 -0.626875 -0.285959 -5.33401 0.137474 -0.713352 -5.32774 -0.410315 -0.277302 -5.34146 -0.348338 -0.29317 -5.32414 0.308069 -0.0888597 -5.29043 0.335207 -0.0985387 -5.29161 0.345638 -0.125189 -5.28875 -1.10458 -0.0862154 -5.26944 -0.786048 -0.213269 -5.2037 0.221774 -1.26476 -5.2597 0.167655 -1.07439 -5.28938 0.1583 -0.873397 -5.27597 -0.482453 -0.287005 -5.3117 0.0593018 -0.210224 -5.28552 -1.04547 -0.12816 -5.24616 -0.591605 -0.269494 -5.27756 0.298752 -1.47081 -5.24756 0.203334 -0.601574 -5.21088 -0.360011 -0.258829 -5.20316 -0.128889 -0.251561 -5.26472 0.320152 -0.199557 -5.2482 -1.17855 -0.150658 -5.2647 -1.12494 -0.220482 -5.25426 -1.24821 -0.1253 -5.25437 -1.23128 -0.0803558 -5.25624 -1.15675 -0.0757449 -5.2674 -1.15726 0.0103928 -5.25131 -1.06887 -0.0431098 -5.24191 0.410469 -1.56752 -5.26104 0.367826 -1.46968 -5.22716 0.301913 -0.268609 -5.20944 0.273891 -0.0854916 -5.25842 0.327791 -0.0477353 -5.26368 0.298527 -0.0146191 -5.25437 0.367215 -0.144371 -5.26138 0.364755 -0.0968545 -5.25887 0.400492 -0.0179643 -5.24209 0.337182 -1.45061 -5.21401 0.29924 -1.42576 -5.20072 0.207024 -1.09527 -5.19941 0.191033 -0.900745 -5.19573 0.191082 -0.785815 -5.19664 -1.30293 -0.0548718 -5.21195 0.442813 -1.59628 -5.21805 -1.18606 -0.238992 -5.21935 -1.2128 -0.20027 -5.24147 -1.13827 -0.272719 -5.20006 0.244417 -0.452496 -5.19078 -1.28953 -0.00852492 -5.21207 -1.19954 0.029213 -5.23597 -0.570133 -0.2517 -5.19988 -0.199998 -0.245361 -5.19978 -0.0518901 -0.217671 -5.19988 -0.941687 -0.161487 -5.1972 0.183057 -0.134513 -5.2049 0.241222 -0.0464404 -5.23695 0.353884 0.0264446 -5.23653 0.364135 -0.21528 -5.22916 0.401371 -0.184388 -5.24265 0.419757 -0.101285 -5.22752 0.467579 -0.0427095 -5.20519 0.489248 -1.67244 -5.19657 -1.28275 -0.0906272 -5.17845 -1.00425 -0.0775318 -5.17905 -1.26499 0.047712 -5.19017 -1.18795 0.0321436 -5.18885 -1.2463 0.070864 -5.16681 0.261942 -1.29137 -5.18324 0.466857 -1.63706 -5.19152 0.356819 -1.44646 -5.17704 0.0670879 -0.181261 -5.19852 0.337635 -0.275077 -5.17753 0.208074 -0.063576 -5.20939 0.134323 -0.120249 -5.13415 0.35356 0.0308527 -5.18799 0.384054 -0.225353 -5.20677 0.434148 -0.136386 -5.18313 0.410226 0.0703851 -5.1729 0.431789 0.0566762 -5.18889 0.499861 -0.00613394 -5.17257 -1.26555 -0.156453 -5.11811 -1.32951 -0.0201702 -5.16099 -1.09616 0.00268159 -5.08618 -0.895585 -0.148916 -5.13757 -0.769777 -0.186577 -5.13752 -0.954359 -0.121521 -5.13679 -0.581781 -0.217482 -5.13564 0.314049 -1.38114 -5.14255 0.284754 -1.30968 -5.1466 0.232513 -1.09213 -5.15544 0.2161 -0.84496 -5.14599 0.437897 -1.53112 -5.08515 0.238343 -0.607421 -5.14575 0.314124 -0.329619 -5.14414 -0.447049 -0.22912 -5.14379 -0.303002 -0.227764 -5.14593 -0.150606 -0.209037 -5.14734 -0.0126237 -0.176006 -5.13731 0.0786537 -0.150013 -5.13842 0.163878 -0.0860105 -5.10629 0.267201 0.00498391 -5.08282 0.473745 -0.0555753 -5.17781 -1.20373 -0.236157 -5.11194 -1.31282 -0.0415755 -5.14342 -1.31084 0.0474258 -5.13512 -1.28139 0.0808219 -5.11646 0.267019 -1.23145 -5.12178 0.355054 -1.42998 -5.06626 0.278199 -0.427327 -5.13567 0.358536 -0.27424 -5.11695 0.403709 -0.21038 -5.11197 0.459662 0.0719053 -5.13142 0.477329 -1.65999 -5.03709 -1.34476 -0.00658071 -5.1127 -0.705225 -0.198383 -5.09116 0.234488 -1.05078 -5.10402 0.219459 -0.849119 -5.10199 0.224778 -0.754451 -5.08269 0.242623 -0.614249 -5.10469 0.454982 -1.59208 -5.04672 -0.336341 -0.226141 -5.10493 -0.131686 -0.199705 -5.09814 0.449941 -0.174685 -5.08488 0.454936 -0.121526 -5.10141 0.480796 -0.0425654 -5.01101 0.511487 -0.00170353 -5.01306 0.513853 0.0243323 -5.06932 0.422113 0.0741409 -5.10427 0.393107 0.0450387 -5.00657 0.457981 0.0850694 -5.06842 0.515296 -1.7062 -5.05974 -1.26665 -0.18703 -5.08342 -1.28106 -0.109191 -5.03676 0.302321 -1.39251 -5.0652 0.274265 -1.33022 -5.07462 0.255078 -1.19047 -5.07566 -1.31474 0.0658236 -5.05897 -1.26324 0.0780038 -4.97935 0.222257 -0.926748 -5.07826 -1.22387 0.0505602 -5.04865 -0.964365 -0.129244 -5.06082 -0.892514 -0.161526 -5.07874 -1.00332 -0.0738975 -5.05353 0.26436 -0.485328 -5.07183 0.280984 -0.37123 -5.07897 -0.547321 -0.230205 -5.03629 -0.410271 -0.232747 -5.08088 -0.321566 -0.228627 -5.05844 0.0102471 -0.162958 -5.0308 0.0547304 -0.171645 -5.08006 0.153174 -0.132011 -5.0549 0.209445 -0.0505641 -5.04544 0.391431 -0.219582 -5.03707 -1.21428 -0.21249 -5.01246 -0.84701 -0.155664 -5.03879 0.280302 -1.27975 -5.03093 0.214045 -1.02446 -5.03442 0.22803 -0.855583 -5.02811 0.387154 -1.48743 -5.01421 0.217191 -0.674898 -5.02887 0.231459 -0.581295 -5.01755 0.312737 -0.297362 -5.05007 -0.155902 -0.222235 -5.01129 0.353137 -0.281651 -4.98864 0.446978 -0.122555 -5.02967 0.447703 -1.76089 -4.98803 0.484137 -1.73655 -4.98875 0.50145 -1.7074 -4.97548 -1.29952 -0.0515259 -4.99225 -1.34388 -0.00202913 -5.00556 -1.12032 -0.000824748 -5.00626 -0.959872 -0.0994965 -5.00446 -0.754103 -0.187426 -5.01046 0.332954 -1.39084 -5.00198 0.303578 -1.35092 -5.02972 0.237902 -1.15643 -5.01137 0.214665 -0.922432 -5.022 0.216994 -0.788612 -5.01615 0.2926 -0.396208 -5.02174 -0.505119 -0.21687 -4.97249 -0.00654105 -0.179002 -4.98138 0.126916 -0.105312 -4.99344 0.167674 -0.076756 -5.0125 0.308796 0.00698538 -4.98903 0.414196 -0.176751 -5.01139 0.452243 -0.110912 -4.98504 0.420401 0.0650297 -4.95079 0.46234 0.0765743 -5.02067 0.50793 0.0221738 -5.01625 0.484662 -1.65113 -4.9348 -1.31177 0.0477436 -4.98865 -1.20788 0.035713 -4.97236 -1.05527 -0.0387252 -4.96772 -0.642076 -0.220541 -4.96875 -0.829878 -0.169573 -4.98558 0.268522 -1.2823 -4.98489 0.42404 -1.55303 -4.96976 0.456036 -1.62548 -4.97347 0.364842 -1.43231 -4.98338 0.261363 -0.461982 -4.98498 0.3158 -0.319982 -4.93335 -0.233495 -0.225293 -4.92973 0.388012 -0.231168 -4.96694 -1.31896 -0.0167471 -4.93292 -0.928158 -0.126882 -4.95222 -0.718999 -0.186253 -4.93811 0.301561 -1.37081 -4.94916 0.223272 -1.07343 -4.96214 0.230114 -0.973258 -4.96955 0.236747 -0.769239 -4.94465 -0.327253 -0.217705 -4.9676 0.142569 -0.113473 -4.92503 0.227427 -0.040053 -4.95925 0.312196 -0.0152286 -4.90582 0.47891 -0.0453764 -4.92064 0.48066 -0.00661827 -4.92731 0.446525 0.055577 -4.95018 -1.25899 0.0460083 -4.92583 -1.2386 0.0603704 -4.9468 -1.0583 -0.0633045 -4.89422 -0.592467 -0.22043 -4.87085 -0.554283 -0.223933 -4.90694 -0.767135 -0.17906 -4.86506 0.269707 -1.25177 -4.92393 0.255263 -1.16189 -4.92264 0.239874 -0.905719 -4.89948 0.358302 -1.47701 -4.91382 0.226122 -0.677417 -4.89801 0.241792 -0.599417 -4.87326 0.270066 -0.478123 -4.85357 -0.493345 -0.213567 -4.92174 -0.171923 -0.219171 -4.9297 -0.107276 -0.192752 -4.92979 0.444814 -0.0905024 -4.91632 0.37894 0.0408456 -4.90103 0.414965 -1.71611 -4.90123 0.435916 -1.64824 -4.86723 0.329937 -1.42638 -4.86734 0.235228 -1.09981 -4.86714 0.225926 -0.996303 -4.89191 0.254941 -0.759782 -4.8709 0.462395 -1.62978 -4.89525 0.410871 -1.56687 -4.90652 0.305447 -0.409747 -4.82273 -0.327802 -0.210943 -4.90655 -0.156867 -0.204858 -4.84116 -0.0497319 -0.181191 -4.843 -1.29018 -0.0711292 -4.91114 -1.28381 -0.0262375 -4.88998 0.0755183 -0.129398 -4.83943 -1.21456 0.0425076 -4.90481 -0.844402 -0.144575 -4.85903 -0.961156 -0.107599 -4.85768 -0.667204 -0.206452 -4.87234 -1.19318 0.00305154 -4.85769 -1.16947 0.0163619 -4.87742 0.263903 -1.21313 -4.83565 0.435887 -1.56562 -4.84785 -0.467033 -0.20032 -4.88836 -0.230319 -0.207649 -4.84543 0.374529 -0.205906 -4.86717 0.333646 0.0144944 -4.86172 0.378487 0.0144205 -4.8628 0.449292 -0.0675421 -4.86475 0.309823 -1.34149 -4.83215 0.239924 -1.06031 -4.82915 0.448977 -1.60475 -4.84102 0.324601 -0.322151 -4.84598 -0.518377 -0.181703 -4.83988 -1.26923 -0.0952492 -4.85477 0.197287 -0.0804648 -4.86214 -1.15999 0.0132642 -4.84128 -1.06218 -0.0426109 -4.83003 0.457879 -0.104448 -4.84071 0.362057 -1.68635 -4.81995 -1.25849 -0.0961573 -4.83197 -0.973783 -0.067563 -4.77853 -0.913067 -0.117315 -4.83336 -0.760884 -0.164862 -4.8279 -0.663359 -0.189438 -4.83085 0.454498 -1.59181 -4.81515 0.367354 -1.4188 -4.79548 0.250451 -0.659024 -4.82288 0.275202 -0.506832 -4.81989 -0.573738 -0.144451 -4.7543 -0.32779 -0.144859 -4.76197 0.231804 -0.0352087 -4.77631 0.401719 -0.213185 -4.78693 0.387689 -0.051656 -4.79677 0.341856 0.0172969 -4.81394 0.418246 -1.63239 -4.7947 -1.21402 -0.0541826 -4.79143 -1.17007 0.0131718 -4.77585 -1.13981 0.0102635 -4.78345 -1.10978 -0.0165878 -4.78331 -0.714588 -0.110013 -4.7283 0.347689 -1.2791 -4.7477 0.308411 -1.01228 -4.72913 0.303503 -0.963735 -4.75845 0.424985 -1.53863 -4.77909 0.313329 -0.759523 -4.74681 0.387949 -0.347819 -4.72306 -0.488512 -0.121195 -4.72643 0.461679 -0.107798 -4.78459 0.367117 -1.71848 -4.76038 0.323265 -1.12812 -4.72794 0.460891 -1.59163 -4.78046 0.331567 -0.537322 -4.72756 -0.239438 -0.148663 -4.75018 -0.0548234 -0.101713 -4.72346 0.117231 -0.0460351 -4.72107 0.342368 0.0280337 -4.77599 -1.1764 0.0601503 -4.71812 -1.13994 0.0647509 -4.70512 -0.984423 -0.0255851 -4.72365 -1.07044 0.0154723 -4.72528 -0.839707 -0.077846 -4.7255 0.490824 -1.62853 -4.72517 0.504382 -1.59184 -4.71979 0.457644 -1.53863 -4.74479 0.40191 -1.42507 -4.7438 0.315002 -0.635298 -4.7238 0.249095 0.0158173 -4.72284 0.450342 -0.206472 -4.7214 0.4735 -0.0580516 -4.724 0.375051 0.0552863 -4.71111 0.359212 -1.27588 -4.72024 0.312022 -0.996633 -4.69376 0.319493 -0.781753 -4.70548 0.310767 -0.700646 -4.69406 0.43035 -1.45537 -4.7186 -0.568863 -0.129724 -4.71972 -0.416289 -0.123982 -4.70506 -0.238544 -0.131635 -4.71703 0.332922 0.0702903 -4.70528 0.509315 -0.107282 -4.71272 0.325882 -1.76001 -4.67708 0.365413 -1.7527 -4.69097 0.489835 -1.63075 -4.68639 -1.03811 0.000309202 -4.68844 -1.17749 0.0617712 -4.69057 -0.711103 -0.108709 -4.69037 -0.852336 -0.0704471 -4.69166 -0.538585 -0.127487 -4.68592 0.326376 -1.14588 -4.69111 0.505336 -1.59416 -4.69109 0.443817 -1.48173 -4.69113 0.364992 -1.29005 -4.68914 0.332492 -0.545772 -4.69113 -0.23935 -0.131773 -4.68825 -0.0548212 -0.0990454 -4.68926 0.112158 -0.0440972 -4.68894 0.262344 0.0230487 -4.6781 0.39004 -0.350047 -4.68697 0.469909 -0.177097 -4.69036 0.513673 -0.0964802 -4.69077 0.438557 -0.0259493 -4.67312 0.360693 -1.73504 -4.6654 0.290206 -1.07992 -4.66602 0.317173 -1.20342 -4.66223 0.283503 -0.879303 -4.63081 0.477853 -1.61469 -4.66238 0.468326 -1.5627 -4.6631 0.420585 -1.4804 -4.65986 0.295184 -0.683249 -4.66368 0.312586 -0.541883 -4.66275 -0.5855 -0.139629 -4.66282 -0.441836 -0.145478 -4.64435 -0.28582 -0.15429 -4.64374 -0.168856 -0.143303 -4.6636 -0.0785987 -0.128469 -4.66252 0.113813 -0.0587445 -4.66308 -1.15918 0.0490447 -4.66053 -0.99825 -0.035329 -4.66147 -0.775106 -0.112093 -4.66071 0.34533 0.0581511 -4.6625 0.384275 -0.330383 -4.66133 0.441067 -0.180343 -4.65192 0.497146 -0.102745 -4.66291 0.329134 -1.71181 -4.64816 -1.08739 -0.0868742 -4.63946 -0.987612 -0.0815856 -4.64416 -1.16022 0.0183013 -4.651 -0.818001 -0.138736 -4.64516 -0.778425 -0.214558 -4.64947 -0.68359 -0.159551 -4.65214 -0.636895 -0.192069 -4.62779 0.220805 -1.39196 -4.64542 0.362609 -1.53972 -4.63433 0.329157 -1.36584 -4.6372 0.0292448 -1.42886 -4.66307 0.149345 -1.34379 -4.64731 0.114935 -1.30793 -4.62193 0.218791 -1.28388 -4.65146 0.235649 -1.19159 -4.64932 0.212303 -1.16686 -4.62947 0.257792 -1.04653 -4.63171 0.362172 -1.64461 -4.63874 0.414656 -1.58609 -4.63936 0.366937 -1.40329 -4.64464 0.267026 -0.532672 -4.64938 0.242782 -0.610911 -4.62997 0.214766 -0.500949 -4.64007 0.319031 -0.399377 -4.63841 -0.0307097 -0.234512 -4.64761 -0.165926 -0.182549 -4.64285 0.0303513 -0.276775 -4.64827 0.00432272 -0.158824 -4.64376 0.166342 -0.209758 -4.62334 0.130359 -0.103564 -4.63515 0.339611 0.0221521 -4.64595 0.327663 -0.0395885 -4.63181 0.398768 -0.127853 -4.63282 0.452669 -0.10248 -4.64413 -0.46258 -0.193141 -4.58112 0.123675 -1.23347 -4.57824 0.207831 -1.08287 -4.58291 0.240746 -0.757795 -4.58102 0.129943 -0.413592 -4.60682 0.00266986 -0.334549 -4.57955 0.0839152 -0.338169 -4.6199 0.182674 -0.347885 -4.61931 -0.189887 -0.230252 -4.58183 -0.102923 -0.264402 -4.58635 0.257015 -0.180633 -4.6241 -0.583879 -0.217848 -4.57521 0.23796 -0.911907 -4.56699 0.188197 -0.587449 -4.57436 0.100145 -0.429515 -4.57438 -0.302459 -0.20547 -4.57388 0.135436 -1.1457 -4.48416 0.183176 -1.02544 -4.48436 0.190361 -0.683544 -4.49361 0.130292 -0.53908 -4.49073 0.0672202 -0.443004 -4.48983 -0.317036 -0.232713 -4.49209 -0.216714 -0.258996 -4.4802 0.203657 -0.923507 -4.48376 0.206316 -0.81143 -4.48174 -0.0852557 -0.317146 -4.49342 -0.509919 -0.235246 -4.49202 0.197906 -0.700439 -4.44696 0.153458 -0.587864 -4.46322 0.0944861 -0.484484 -4.46327 0.0263961 -0.4073 -4.4644 -0.123091 -0.290341 -4.44286 -0.379567 -0.2246 -4.42702 0.199539 -1.01193 -4.43628 0.214523 -0.926643 -4.4355 0.219747 -0.807624 -4.41791 0.1823 -0.632956 -4.41735 0.112911 -0.494651 -4.41888 -0.0301715 -0.348813 -4.42001 0.0475037 -0.418966 -4.41362 -0.263816 -0.237638 -4.41081 0.205997 -0.97428 -4.40293 -0.162485 -0.281445 -4.39448 0.196531 -0.880201 -4.37736 0.175034 -1.01965 -4.37257 0.189268 -0.748909 -4.37795 0.134097 -0.575892 -4.37853 0.0591809 -0.467654 -4.38042 -0.0505695 -0.369223 -4.3819 0.148036 -0.866004 -4.35076 0.156948 -0.988485 -4.3589 0.167692 -0.838534 -4.35788 -0.162386 -0.380774 -4.32904 -0.0588275 -0.4538 -4.32498 0.0675968 -0.551181 -4.35396 0.0333937 -0.666707 -4.34611 0.0626567 -0.772268 -4.34278 0.135215 -0.659792 -4.35929 -1.14235 -0.309026 -5.04227 -1.18412 -0.268833 -5.02674 -1.14368 -0.331883 -4.99457 -1.06371 -0.556981 -4.94233 -1.21026 -0.219273 -4.95768 -1.10676 -0.382999 -4.96795 -1.05178 -0.600902 -4.87056 -1.07404 -0.484152 -4.90509 -1.18801 -0.217255 -4.91211 -1.23462 -0.134511 -4.90682 -1.03611 -0.699539 -4.9087 -1.09434 -0.46194 -4.83106 -1.13871 -0.29956 -4.90435 -1.06569 -0.763716 -4.87054 -1.12848 -0.346223 -4.84604 -1.25443 -0.13056 -4.84812 -1.16704 -0.246201 -4.87186 -1.05261 -0.675299 -4.83535 -1.08155 -0.553311 -4.81263 -1.19269 -0.28028 -4.77437 -1.13321 -1.03789 -4.7293 -1.12838 -0.699941 -4.72965 -1.26642 -0.12674 -4.78132 -1.13872 -0.938082 -4.73658 -1.13586 -0.788522 -4.73313 -1.14651 -0.416238 -4.7741 -1.28122 -0.0919568 -4.76757 -1.15741 -0.518681 -4.72443 -1.21717 -0.327343 -4.7241 -1.32276 -0.0889657 -4.7201 -1.31209 -0.136574 -4.72482 -0.057001 -1.60547 -4.72009 -1.13293 -0.815748 -4.69817 0.206739 -1.69814 -4.68987 0.0910755 -1.65111 -4.69005 -0.555048 -1.57228 -4.68113 -1.13043 -1.01256 -4.68981 -1.13495 -0.641825 -4.6891 -1.18275 -0.414099 -4.68905 -1.25436 -0.244177 -4.68741 -1.31779 -0.135038 -4.68666 -1.32474 -0.0897193 -4.6885 -0.224341 -1.56858 -4.68495 -0.0752 -1.59853 -4.69078 0.0295921 -1.61057 -4.65959 0.194646 -1.66456 -4.65874 -1.1138 -1.08298 -4.6615 -1.09808 -1.23684 -4.6654 -0.980328 -1.35055 -4.67154 -1.01048 -1.26189 -4.66249 -1.07167 -1.18015 -4.65727 -0.866382 -1.56356 -4.66249 -0.886979 -1.46783 -4.67343 -0.688647 -1.53127 -4.66051 -0.913363 -1.39083 -4.66214 -0.403613 -1.55491 -4.64476 -0.305313 -1.52609 -4.61866 -0.179166 -1.54003 -4.66362 -0.634312 -1.52329 -4.6451 -0.0778747 -1.56949 -4.6687 0.0316015 -1.47176 -4.67066 -0.0503527 -1.49046 -4.66652 -1.09749 -1.00189 -4.63913 -1.10695 -0.850381 -4.63368 -1.10605 -0.691282 -4.65453 -1.13648 -0.47903 -4.66823 -1.09102 -0.623515 -4.65189 -1.19012 -0.319724 -4.6681 -1.06575 -0.539446 -4.65828 -1.03872 -0.428472 -4.67747 -1.01274 -0.446519 -4.6655 -1.09494 -0.332103 -4.66162 -1.21651 -0.243249 -4.66028 -0.947252 -0.296236 -4.66381 -0.925204 -0.324678 -4.66298 -1.30094 -0.107911 -4.65847 0.234702 -1.62864 -4.63945 -1.03713 -1.49795 -4.64473 -1.00152 -1.20537 -4.62129 -0.784217 -1.45562 -4.64531 -0.914124 -1.3493 -4.64038 -1.05442 -1.10613 -4.62704 -0.981071 -0.166449 -4.63888 -0.988189 -0.451925 -4.63651 -0.864151 -0.309987 -4.64427 -0.753454 -0.237015 -4.63352 -0.536473 -1.49682 -4.58974 0.101711 -1.56481 -4.64591 0.191776 -1.58121 -4.63593 -0.0908464 -1.42864 -4.58943 -0.807636 -1.37641 -4.58298 -0.68321 -1.45016 -4.58618 -1.06494 -0.861832 -4.57597 -1.03234 -0.640047 -4.58291 -0.988391 -0.53785 -4.58136 -0.901265 -0.415508 -4.57487 -0.750502 -0.283371 -4.57972 -0.40116 -1.50714 -4.58535 -0.189555 -1.46816 -4.58443 -0.900034 -1.29308 -4.5801 -1.00034 -1.14191 -4.57914 -1.05068 -0.99265 -4.57926 -1.05688 -0.752122 -4.57391 -0.341983 -1.49963 -4.57074 0.0251787 -1.34478 -4.57876 -0.601881 -1.45603 -4.5273 -0.724621 -1.40399 -4.52429 -0.968487 -1.15549 -4.52008 -1.00107 -1.04082 -4.49478 -1.02904 -0.898431 -4.49358 -0.802396 -0.349065 -4.5209 -0.472446 -1.48139 -4.52192 -0.242331 -1.4471 -4.48448 -0.806914 -1.32287 -4.48607 -1.00812 -0.635751 -4.52061 -0.927757 -0.483719 -4.51671 -0.730763 -0.320646 -4.48345 -0.605816 -0.264209 -4.47931 -0.107734 -1.41059 -4.52374 -0.0228531 -1.337 -4.48249 -0.574236 -1.44287 -4.49278 -0.880739 -1.25301 -4.4858 -0.681808 -1.40208 -4.49092 -1.02088 -0.774474 -4.48358 -0.953328 -1.14218 -4.48528 -0.98841 -0.642855 -4.48473 -0.91421 -0.495307 -4.49246 -0.822212 -0.394158 -4.48399 -0.462434 -1.46482 -4.48721 -0.366687 -1.46764 -4.48971 -0.129466 -1.40186 -4.48568 0.0528141 -1.26683 -4.48243 -0.541816 -1.46502 -4.42359 -1.00187 -1.02577 -4.46369 -1.02511 -0.900495 -4.46464 -0.972431 -0.588653 -4.44395 -0.921328 -0.499755 -4.44915 -0.520634 -0.23911 -4.46333 -0.450623 -1.47858 -4.42485 -0.663185 -1.42606 -4.43435 -0.955712 -1.16437 -4.43693 -0.887982 -1.26162 -4.43686 -0.793619 -1.34814 -4.43737 -1.03655 -0.834343 -4.43489 -1.02827 -0.943136 -4.43544 -1.01628 -0.698477 -4.43649 -1.00799 -1.03561 -4.43569 -0.872579 -0.427521 -4.4217 -0.807287 -0.363436 -4.41967 -0.730712 -0.308544 -4.43668 -0.636479 -0.264085 -4.41938 -0.507044 -0.228899 -4.4175 -0.306861 -1.47141 -4.41806 -0.150301 -1.42583 -4.43506 -0.00573752 -1.33792 -4.41785 0.0676656 -1.26715 -4.4145 0.148889 -1.14702 -4.41701 -0.640178 -1.42187 -4.39702 -0.847341 -1.29864 -4.41188 -0.781863 -1.3461 -4.40263 -0.918835 -1.21107 -4.40566 -1.02409 -0.945008 -4.40943 -1.02647 -0.844003 -4.39485 -1.01617 -0.732816 -4.39872 -0.984646 -1.09155 -4.40673 -0.959339 -0.558629 -4.40672 -0.738057 -0.328444 -4.38906 -0.164597 -1.41911 -4.39545 -0.853959 -1.26124 -4.38541 -0.765399 -1.26774 -4.33593 -0.947072 -1.12276 -4.37933 0.00839457 -1.29492 -4.37438 -0.990597 -0.99906 -4.38003 0.101204 -1.18335 -4.37573 -0.953002 -0.600351 -4.37747 -0.855704 -0.443983 -4.38212 -0.557152 -0.273084 -4.3743 -0.459853 -1.4537 -4.38246 -0.292625 -1.40019 -4.35542 -0.396996 -0.243235 -4.38686 -0.822616 -1.20865 -4.3361 -0.622188 -1.34861 -4.33774 -0.93907 -0.989891 -4.34537 -0.958971 -0.807557 -4.34873 -0.925683 -0.672144 -4.34791 -0.861169 -0.544379 -4.34571 -0.7631 -0.433728 -4.34457 -0.571554 -0.334384 -4.34168 -0.437431 -1.39679 -4.35169 -0.137309 -1.33739 -4.34866 -0.0174372 -1.26682 -4.35183 0.054229 -1.17716 -4.34896 -0.435513 -0.314094 -4.33469 -0.313177 -0.327728 -4.33108 -0.766634 -1.15886 -4.32302 -0.666232 -1.24067 -4.32467 -0.536986 -1.30234 -4.32288 -0.841014 -1.04727 -4.32483 -0.86751 -0.761338 -4.32168 -0.862617 -0.90295 -4.31412 -0.79924 -0.595217 -4.32402 -0.697243 -0.486364 -4.32512 -0.558666 -0.415301 -4.32193 -0.56729 -0.384047 -4.33488 -0.435753 -1.35456 -4.34388 -0.410423 -1.31017 -4.32285 -0.2901 -1.29957 -4.33503 -0.13975 -1.3099 -4.33772 -0.215654 -1.26874 -4.33242 -0.113542 -1.20628 -4.33024 0.00568369 -1.11053 -4.33993 -0.0287185 -1.085 -4.31859 0.00448725 -0.981462 -4.31748 0.0575062 -0.920352 -4.34223 0.0170569 -0.884631 -4.30345 0.0285107 -0.806526 -4.31998 0.0170368 -0.726126 -4.32211 -0.402797 -0.375118 -4.32088 -0.2432 -0.416334 -4.31556 -0.0217944 -0.599336 -4.32905 -0.0916896 -0.509971 -4.31617 -0.753038 -1.11897 -4.28803 -0.615295 -1.23017 -4.28396 -0.675219 -1.18991 -4.27669 -0.517575 -1.27177 -4.28465 -0.818331 -1.01922 -4.2941 -0.841284 -0.810625 -4.28677 -0.811585 -0.699481 -4.28198 -0.745409 -0.573058 -4.29247 -0.668557 -0.509806 -4.27951 -0.559248 -0.439463 -4.29505 -0.387231 -1.28121 -4.27238 -0.237854 -1.24791 -4.2839 -0.121397 -1.16979 -4.28488 -0.0526804 -1.08949 -4.27936 0.0128702 -0.802602 -4.27698 -0.00611216 -0.710653 -4.27857 -0.404478 -0.407357 -4.29714 -0.305544 -0.435239 -4.27796 -0.189308 -0.485815 -4.28252 -0.10205 -0.550875 -4.28536 -0.0354584 -0.641259 -4.28055 -0.790662 -1.05483 -4.24281 -0.819497 -0.96614 -4.2436 -0.836026 -0.897248 -4.24055 -0.755454 -0.599631 -4.25294 -0.602634 -0.472401 -4.24715 -0.272972 -1.25862 -4.23568 -0.00935994 -0.993433 -4.24935 -0.52881 -0.44246 -4.24981 -0.438785 -0.42741 -4.25101 -0.608329 -1.23675 -4.23766 -0.515276 -1.2793 -4.22668 -0.686934 -1.18345 -4.23923 -0.747491 -1.1263 -4.2323 -0.839722 -0.771601 -4.2296 -0.786516 -0.638839 -4.23285 -0.679503 -0.513211 -4.23104 -0.383363 -1.28454 -4.23195 -0.17753 -1.21765 -4.23249 -0.101733 -1.1582 -4.22814 -0.0459966 -1.08506 -4.23803 0.0192188 -0.89143 -4.22892 0.0185187 -0.774315 -4.22828 -0.135652 -0.520811 -4.23057 -0.0783786 -0.576919 -4.23056 -0.361643 -0.420607 -4.2256 -0.260338 -0.447078 -4.23152 -0.0254097 -0.651261 -4.22747 -0.701231 -1.23668 -4.18394 -0.608225 -1.25611 -4.21292 -0.799551 -0.56966 -4.18388 -0.59007 -0.430448 -4.20914 -0.500304 -0.409111 -4.21091 -0.493762 -1.33014 -4.18479 -0.0232805 -1.07891 -4.21531 0.0218763 -0.966177 -4.21003 0.059953 -0.743418 -4.18523 -0.613566 -1.30212 -4.17148 -0.844579 -1.06952 -4.18293 -0.78977 -1.15719 -4.17939 -0.892792 -0.919211 -4.18391 -0.889707 -0.782007 -4.18323 -0.850053 -0.651198 -4.17914 -0.717232 -0.479775 -4.18477 -0.590392 -0.396737 -4.1685 -0.356343 -1.3362 -4.18221 -0.243778 -1.30888 -4.18143 -0.10805 -1.23175 -4.17995 0.00538927 -1.10446 -4.18123 0.0464015 -1.01142 -4.18183 0.0710634 -0.892488 -4.18282 -0.478733 -0.365734 -4.17065 -0.333965 -0.372169 -4.18542 -0.169026 -0.428227 -4.17995 0.0186658 -0.611217 -4.17009 -0.0722017 -0.505348 -4.18209 -0.71546 -1.23493 -4.1484 -0.806369 -1.14079 -4.15156 -0.861351 -1.03565 -4.14967 -0.889512 -0.924509 -4.13777 -0.89577 -0.813386 -4.15143 -0.87736 -0.717364 -4.15251 -0.847395 -0.638984 -4.1491 -0.780037 -0.535867 -4.1524 -0.670764 -0.439137 -4.15005 -0.495695 -1.33501 -4.14737 -0.356127 -1.33912 -4.15249 -0.21228 -1.30042 -4.15039 -0.0763446 -1.20366 -4.13861 0.0013181 -1.11466 -4.14126 0.0477496 -1.01413 -4.13535 0.0749855 -0.899212 -4.15168 0.0665139 -0.743357 -4.15012 -0.366587 -0.36413 -4.15218 -0.120142 -0.456558 -4.15018 -0.252486 -0.385704 -4.14954 -0.0443136 -0.530101 -4.14206 -0.636091 -1.26733 -4.12102 -0.724627 -1.20667 -4.12066 -0.812221 -1.10007 -4.12567 -0.839146 -1.03036 -4.11707 -0.880441 -0.789501 -4.12804 -0.845575 -0.676717 -4.12288 -0.780995 -0.576934 -4.1175 -0.692444 -0.473268 -4.12306 -0.546055 -0.394521 -4.123 -0.486695 -1.32188 -4.11653 -0.32926 -1.31954 -4.12259 -0.171591 -1.26533 -4.11994 0.0411033 -0.910247 -4.10327 0.054623 -0.739006 -4.12196 -0.42518 -0.37815 -4.12014 -0.248181 -0.398441 -4.1183 -0.114467 -0.483504 -4.11751 -0.00665719 -0.603697 -4.11364 -0.710268 -1.17756 -4.10438 -0.47536 -1.29538 -4.09945 -0.695906 -1.11775 -4.09452 -0.590182 -1.1942 -4.09669 -0.773758 -0.993416 -4.09376 -0.852969 -0.8813 -4.11065 -0.797865 -0.882154 -4.09532 -0.825027 -0.704171 -4.10777 -0.754468 -0.682327 -4.09388 -0.637113 -0.545433 -4.09785 -0.569367 -0.429949 -4.10408 -0.464825 -1.23322 -4.09363 -0.330098 -1.2337 -4.09318 -0.23845 -1.26813 -4.10084 -0.113411 -1.18529 -4.09263 -0.0375244 -1.10474 -4.08901 0.00899973 -1.00431 -4.09075 0.0225595 -0.765197 -4.09601 -0.530282 -0.483877 -4.09545 -0.288147 -0.4183 -4.0955 -0.182789 -0.467622 -4.09603 -0.0312519 -0.617171 -4.094 -0.614598 -1.15063 -4.07164 -0.674419 -1.09911 -4.06901 -0.753798 -0.975984 -4.06955 -0.765513 -0.832039 -4.07115 -0.734224 -0.708617 -4.06818 -0.678776 -0.625104 -4.06689 -0.599409 -0.552621 -4.06916 -0.396059 -1.21082 -4.06768 -0.212139 -1.18391 -4.0865 -0.540213 -1.18434 -4.06628 -0.248958 -1.17557 -4.06855 -0.167997 -1.11464 -4.06356 -0.105681 -1.07563 -4.06644 -0.0626649 -0.961701 -4.06557 -0.0324285 -0.885101 -4.08863 -0.0301357 -0.78492 -4.08315 -0.0505217 -0.800373 -4.06485 -0.499608 -0.503099 -4.06962 -0.181832 -0.557231 -4.07508 -0.0950358 -0.654006 -4.07288 -0.334316 -0.463869 -4.08577 -0.332986 -0.493421 -4.06648 -0.234394 -0.524912 -4.07395 -0.545831 -1.18374 -4.03121 -0.62545 -1.14231 -4.03164 -0.711231 -1.05262 -4.03249 -0.747404 -0.978904 -4.03076 -0.764502 -0.904218 -4.03667 -0.757931 -0.791829 -4.03819 -0.724167 -0.691076 -4.03136 -0.669118 -0.615631 -4.03874 -0.564514 -0.533972 -4.03646 -0.406841 -1.20908 -4.03115 -0.259867 -1.17671 -4.03579 -0.164118 -1.10933 -4.03085 -0.113506 -1.04577 -4.03399 -0.0727567 -0.965623 -4.02804 -0.0598572 -0.856978 -4.03957 -0.0590341 -0.796089 -4.03668 -0.0872149 -0.704552 -4.02979 -0.197067 -0.563688 -4.03801 -0.324901 -0.500031 -4.0288 -0.111474 -0.649213 -4.02782 -0.475384 -0.502461 -4.02902 -0.773662 -0.872139 -4.02168 -0.767844 -0.750052 -4.01321 -0.721736 -0.626516 -4.00188 -0.593306 -0.532911 -4.01336 -0.0327208 -0.917336 -3.9962 -0.032661 -0.795352 -4.00131 -0.247499 -0.506709 -3.99982 -0.18011 -0.566081 -4.01736 -0.708284 -1.14066 -3.96924 -0.757372 -1.11699 -3.95114 -0.625447 -1.20589 -3.97438 -0.530452 -1.24071 -3.98128 -0.776241 -1.04858 -3.96727 -0.799393 -0.982122 -3.98172 -0.822652 -0.85787 -3.97952 -0.8009 -0.709601 -3.97049 -0.661726 -0.520216 -3.96497 -0.597767 -0.485292 -3.96176 -0.535323 -0.452236 -3.96082 -0.404626 -1.27776 -3.95507 -0.343791 -1.25152 -3.96622 -0.267778 -1.21681 -3.99417 -0.15831 -1.19708 -3.95379 -0.0607703 -1.1054 -3.95126 -0.0413417 -1.02848 -3.96505 0.00134046 -0.984062 -3.95274 0.0209431 -0.850128 -3.95324 -0.165364 -0.499415 -3.9517 -0.120433 -0.558584 -3.96124 -0.413283 -0.42719 -3.95662 -0.27975 -0.437732 -3.93905 0.0029914 -0.717942 -3.93958 -0.0421114 -0.667638 -3.95562 -0.0578507 -0.59943 -3.94094 -0.828536 -0.98067 -3.93875 -0.665002 -1.20777 -3.93639 -0.821038 -0.919781 -3.94336 -0.845513 -0.850387 -3.93618 -0.821544 -0.785593 -3.94417 -0.823914 -0.722612 -3.93539 -0.757954 -0.597451 -3.94901 -0.540072 -1.26876 -3.93979 -0.477496 -1.25988 -3.94142 -0.274223 -1.25726 -3.95203 -0.221528 -1.21337 -3.95325 -0.12016 -1.14306 -3.95338 -0.00317276 -0.915784 -3.94618 -0.00474404 -0.786136 -3.94153 -0.344527 -0.441495 -3.94482 -0.227921 -0.480418 -3.94424 -0.599779 -1.21046 -3.90595 -0.694706 -1.1369 -3.9026 -0.769078 -1.08881 -3.92527 -0.77315 -1.03616 -3.9111 -0.777522 -0.659851 -3.92042 -0.759599 -0.597313 -3.92398 -0.699518 -0.559111 -3.92283 -0.659842 -0.499206 -3.92391 -0.59152 -0.484932 -3.91091 -0.544896 -0.444716 -3.9218 -0.406227 -1.27971 -3.92499 -0.341137 -1.24112 -3.90137 -0.276785 -1.25852 -3.92576 -0.230067 -1.2097 -3.90975 -0.155826 -1.20092 -3.92415 -0.121257 -1.14112 -3.9219 -0.0579773 -1.10633 -3.92369 -0.0437094 -1.03333 -3.92538 0.00242246 -0.984638 -3.92422 0.0227628 -0.849247 -3.92513 -0.157638 -0.502066 -3.92421 -0.114016 -0.558892 -3.92662 -0.478826 -0.447118 -3.92771 -0.413269 -0.422099 -3.92141 -0.729383 -1.08642 -3.85576 -0.638568 -1.17916 -3.85808 -0.78923 -0.977627 -3.86276 -0.805966 -0.849027 -3.85303 -0.723836 -0.612567 -3.85162 -0.414828 -1.24569 -3.85077 -0.283739 -1.22431 -3.85125 -0.179567 -1.1743 -3.85245 -0.0527886 -1.01424 -3.86865 -0.0237191 -0.863314 -3.8414 -0.0268208 -0.792907 -3.87592 -0.180455 -0.530329 -3.85347 -0.533917 -0.476922 -3.84864 -0.432634 -0.459175 -3.85638 -0.234448 -0.497347 -3.87739 -0.301066 -0.471063 -3.85133 -0.0811111 -0.637072 -3.86176 -0.787441 -0.725087 -3.86818 -0.638819 -0.52806 -3.8553 -0.53112 -1.22925 -3.8495 -0.0920029 -1.08253 -3.84378 -0.0404223 -0.978285 -3.84758 -0.0251244 -0.91715 -3.8757 -0.129886 -0.575896 -3.86713 -0.399891 -0.45896 -3.84842 -0.0429395 -0.727711 -3.84316 -0.676951 -1.13111 -3.7287 -0.61823 -0.526892 -3.76501 -0.792817 -0.896055 -3.75303 -0.583506 -1.19902 -3.75846 -0.341431 -1.22974 -3.76135 -0.248484 -1.20327 -3.71238 -0.138997 -1.12768 -3.76473 -0.0314121 -0.920023 -3.75846 -0.0351718 -0.784433 -3.75311 -0.236989 -0.505207 -3.75372 -0.753548 -1.02993 -3.75603 -0.790767 -0.785229 -3.7596 -0.751243 -0.671685 -3.75337 -0.457342 -1.23506 -3.75146 -0.0639941 -1.02237 -3.74837 -0.345995 -0.470809 -3.75036 -0.0704784 -0.670819 -3.75483 -0.678741 -0.57192 -3.71194 -0.568683 -0.496225 -3.699 -0.147299 -0.57128 -3.74931 -0.466238 -0.469912 -3.749 -0.76778 -0.998321 -3.69717 -0.794978 -0.901435 -3.69232 -0.792603 -0.779281 -3.70108 -0.109324 -1.09738 -3.69518 -0.182291 -1.16214 -3.6792 -0.0632458 -1.02807 -3.69497 -0.0264173 -0.924005 -3.70231 -0.0765932 -0.655026 -3.69182 -0.233785 -0.503847 -3.69454 -0.725959 -1.06699 -3.66823 -0.601481 -1.19066 -3.69304 -0.752598 -0.670143 -3.69017 -0.634432 -0.54123 -3.66498 -0.499247 -1.23128 -3.69346 -0.431665 -1.23826 -3.69227 -0.335827 -1.23224 -3.69998 -0.0326718 -0.76166 -3.68849 -0.144038 -0.570667 -3.68975 -0.481272 -0.467961 -3.68824 -0.353893 -0.463708 -3.6824 -0.763724 -0.978627 -3.6265 -0.790388 -0.894505 -3.64503 -0.788904 -0.792886 -3.64492 -0.765745 -0.722555 -3.62016 -0.560898 -0.50472 -3.62761 -0.428873 -1.23609 -3.64499 -0.295319 -1.21169 -3.63244 -0.109004 -1.07971 -3.63313 -0.0306152 -0.917925 -3.63597 -0.0399475 -0.747878 -3.63581 -0.452375 -0.469912 -3.63907 -0.656597 -1.13694 -3.64199 -0.568341 -1.18969 -3.6082 -0.70124 -0.607323 -3.63899 -0.490616 -1.2229 -3.6417 -0.352278 -0.468879 -3.63547 -0.271676 -0.497597 -3.61779 -0.715222 -1.06953 -3.53679 -0.626976 -1.15298 -3.52911 -0.826479 -0.80948 -3.57841 -0.814736 -0.937585 -3.56351 -0.738052 -0.661669 -3.56432 -0.668905 -0.579569 -3.49763 -0.514787 -1.24446 -3.56652 -0.433671 -1.26705 -3.57625 -0.337359 -1.2621 -3.57222 -0.0735129 -1.02382 -3.58509 0.00327505 -0.802113 -3.59533 -0.221285 -0.522286 -3.57043 -0.510207 -0.465293 -3.59862 -0.437928 -0.436304 -3.5838 -0.0899374 -0.645586 -3.56465 -0.799523 -0.728097 -3.54855 -0.254592 -1.22545 -3.53613 -0.197628 -1.16266 -3.54971 -0.023229 -0.990063 -3.54178 -0.00108214 -0.917517 -3.56638 -0.315837 -0.440969 -3.55952 -0.0222028 -0.712285 -3.5458 -0.765963 -1.02863 -3.51545 -0.532767 -0.454673 -3.54928 -0.000589935 -0.809404 -3.55733 -0.140922 -0.5911 -3.47116 -0.401112 -0.437356 -3.54238 -0.265336 -0.467454 -3.53268 -0.584894 -1.20576 -3.51679 -0.784396 -0.766465 -3.50293 -0.589868 -0.492872 -3.51633 -0.539435 -1.22898 -3.51779 -0.447671 -1.21768 -3.48298 -0.336061 -1.21873 -3.5026 -0.198915 -1.17385 -3.49121 -0.126627 -1.08718 -3.49602 -0.0453312 -1.01892 -3.50663 -0.0363871 -0.801464 -3.51004 -0.533037 -0.467651 -3.51634 -0.237481 -0.489105 -3.51129 -0.0523927 -0.667114 -3.50404 -0.703811 -1.08586 -3.40576 -0.783002 -0.888819 -3.5011 -0.739144 -0.644685 -3.47779 -0.0674528 -1.04546 -3.48516 -0.042905 -0.898416 -3.48664 -0.477119 -0.482637 -3.48012 -0.380777 -0.472731 -3.48032 -0.194725 -0.530398 -3.45189 -0.609662 -1.18341 -3.46408 -0.667577 -1.11769 -3.38686 -0.754186 -0.989913 -3.46137 -0.776552 -0.912238 -3.42849 -0.779991 -0.83425 -3.4724 -0.760986 -0.69469 -3.47336 -0.742242 -0.683239 -3.42006 -0.635408 -0.538811 -3.44805 -0.597594 -0.509084 -3.471 -0.521351 -1.20343 -3.45314 -0.343049 -1.21237 -3.45481 -0.172942 -1.13352 -3.3687 -0.105843 -1.07399 -3.43026 -0.07214 -1.01429 -3.45074 -0.0382989 -0.813643 -3.44654 -0.0702394 -0.700473 -3.43985 -0.266201 -0.503639 -3.44613 -0.105563 -0.62061 -3.43635 -0.620615 -1.15111 -3.37526 -0.795877 -0.834759 -3.43524 -0.777169 -0.797136 -3.44367 -0.697982 -0.607613 -3.36766 -0.473751 -1.21723 -3.41279 -0.420057 -1.2336 -3.43999 -0.214731 -1.16346 -3.41303 -0.0367295 -0.882984 -3.4412 -0.0594078 -0.743609 -3.37414 -0.565298 -0.516326 -3.40675 -0.51365 -0.496792 -3.37872 -0.415558 -0.46866 -3.44446 -0.847633 -0.873887 -3.3864 -0.860517 -0.848288 -3.37536 -0.763957 -0.949838 -3.355 -0.773762 -0.769664 -3.3902 -0.362904 -1.22973 -3.4187 -0.146684 -1.11205 -3.32875 -0.0465029 -0.927716 -3.40613 0.0385631 -0.872057 -3.36435 -0.0298166 -0.778951 -3.3897 -0.474148 -0.459642 -3.37463 -0.351048 -0.470139 -3.39913 -0.499479 -1.20604 -3.36453 -0.420949 -1.29486 -3.37419 -0.380478 -1.29349 -3.35738 -0.344274 -1.23826 -3.35157 -0.309964 -1.2021 -3.34577 0.0386646 -0.823679 -3.36672 -0.225423 -0.535867 -3.30882 -0.435691 -0.407085 -3.36573 -0.396586 -0.40158 -3.36938 -0.306393 -0.496643 -3.35674 -0.839348 -0.891946 -3.35107 -0.834421 -0.810035 -3.35199 -0.641514 -0.557941 -3.35453 -0.468488 -1.23536 -3.32311 -0.0930704 -1.02142 -3.29777 -0.0310146 -0.918421 -3.3194 -0.142053 -0.588849 -3.29826 -0.349922 -0.461877 -3.32873 -0.570575 -1.17046 -3.2807 -0.642294 -1.12976 -3.26063 -0.68316 -1.11979 -3.30028 -0.696131 -1.07699 -3.2447 -0.732839 -1.01815 -3.23088 -0.850003 -0.85005 -3.32839 -0.768911 -0.767591 -3.30572 -0.736274 -0.696189 -3.28164 -0.684328 -0.574527 -3.30102 -0.627521 -0.55803 -3.25658 -0.570191 -0.526416 -3.26014 -0.413276 -1.28487 -3.31895 -0.469841 -1.21097 -3.2558 -0.244938 -1.17188 -3.27644 -0.0619286 -0.942688 -3.28781 -0.0238947 -0.788946 -3.30787 0.0343683 -0.844069 -3.32752 -0.487554 -0.495325 -3.28198 -0.437315 -0.422268 -3.3031 -0.404633 -0.418169 -3.30393 -0.100752 -0.670223 -3.26924 -0.771227 -0.918629 -3.28186 -0.778113 -0.801354 -3.27939 -0.366256 -1.21606 -3.27691 -0.154369 -1.11652 -3.26804 -0.0296545 -0.83572 -3.26949 -0.781949 -0.861458 -3.26889 -0.691016 -0.615086 -3.26123 -0.419228 -1.22451 -3.25986 -0.0593106 -0.767965 -3.26915 -0.157212 -0.58705 -3.20344 -0.343364 -0.494396 -3.25664 -0.416058 -0.483542 -3.24608 -0.547756 -1.18856 -3.18785 -0.749298 -0.712773 -3.17673 -0.654301 -0.579851 -3.241 -0.277343 -1.19131 -3.17028 -0.0787139 -1.01113 -3.20356 -0.0460839 -0.889758 -3.24318 -0.0457634 -0.815272 -3.24494 -0.262951 -0.52131 -3.11252 -0.475969 -0.498014 -3.23678 -0.0476624 -0.854151 -3.1626 -0.0778097 -0.702635 -3.20053 -0.745937 -0.996538 -3.10893 -0.776203 -0.852149 -3.17696 -0.666823 -0.591893 -3.17812 -0.608291 -0.553827 -3.17064 -0.415147 -1.21469 -3.17058 -0.157123 -1.11277 -3.16967 -0.0755944 -0.998595 -3.15643 -0.0784893 -0.700762 -3.11048 -0.560295 -0.519182 -3.10107 -0.406596 -0.488622 -3.17603 -0.136549 -1.08704 -3.09239 -0.191102 -0.568128 -3.10069 -0.670355 -1.10515 -3.11321 -0.62174 -1.14475 -3.09965 -0.69322 -1.07524 -3.08128 -0.76816 -0.784766 -3.09934 -0.737884 -0.690135 -3.10327 -0.665248 -0.586246 -3.10998 -0.365919 -1.21496 -3.09505 -0.530338 -1.19565 -3.11628 -0.243927 -1.17803 -3.10311 -0.0633952 -0.963116 -3.10939 -0.0470208 -0.837894 -3.10092 -0.45731 -0.494369 -3.08806 -0.371787 -0.49283 -3.10022 -0.772931 -0.894687 -3.09455 -0.488706 -1.20079 -3.07834 -0.621363 -1.13368 -2.98923 -0.726376 -0.998686 -2.98779 -0.673711 -0.627733 -3.02315 -0.611932 -0.572663 -3.02985 -0.429573 -1.19117 -3.02143 -0.371547 -1.20066 -3.03682 -0.287699 -1.17695 -3.03546 -0.201503 -1.11936 -3.03106 -0.0992812 -0.983775 -3.05187 -0.145056 -0.649564 -3.03234 -0.202879 -0.588221 -3.03786 -0.531387 -0.532429 -3.03229 -0.0975803 -0.718751 -3.05123 -0.758887 -0.893603 -3.02881 -0.759234 -0.803704 -3.04165 -0.730841 -0.718734 -3.02934 -0.246577 -1.14673 -3.03197 -0.179862 -1.09049 -3.02454 -0.142912 -1.06232 -3.03478 -0.0842462 -0.908781 -3.04705 -0.0841717 -0.845571 -3.03881 -0.0930019 -0.781127 -3.04195 -0.286253 -0.534495 -3.04546 -0.457593 -0.515179 -3.03216 -0.367856 -0.52009 -3.01537 -0.576658 -1.16438 -2.9633 -0.683518 -1.06375 -2.97427 -0.488927 -1.19597 -2.97273 -0.344139 -1.18604 -3.0081 -0.325089 -0.544838 -2.93573 -0.284381 -0.54819 -2.92915 -0.0967674 -0.75159 -3.01235 -0.107032 -0.719395 -2.99591 -0.125662 -0.694889 -2.99965 -0.75002 -0.89468 -2.95679 -0.744213 -0.848605 -2.96194 -0.726571 -0.750957 -2.83186 -0.263031 -1.14184 -2.81137 -0.137468 -1.03481 -2.97997 -0.0854965 -0.810464 -2.88397 -0.730593 -0.946456 -2.93331 -0.721306 -0.70124 -2.94149 -0.40103 -1.19422 -2.84731 -0.293034 -1.16951 -2.84507 -0.507084 -0.527734 -2.86156 -0.372221 -0.522375 -2.88807 -0.443326 -0.518745 -2.8965 -0.669863 -1.07788 -2.75141 -0.738552 -0.85 -2.8874 -0.745913 -0.798498 -2.88092 -0.592822 -0.565662 -2.85647 -0.636126 -0.607221 -2.89154 -0.434249 -1.19242 -2.8123 -0.337024 -1.1757 -2.89987 -0.195003 -1.08979 -2.83129 -0.113826 -0.986817 -2.82975 -0.0920181 -0.861291 -2.82519 -0.202095 -0.602855 -2.89633 -0.719359 -1.01462 -2.84153 -0.714596 -0.70747 -2.68677 -0.373951 -1.18735 -2.7116 -0.110097 -0.948159 -2.69436 -0.1459 -0.662342 -2.81827 -0.749465 -0.89804 -2.84655 -0.218775 -1.12139 -2.80651 -0.470625 -0.526216 -2.80185 -0.751339 -0.817434 -2.80614 -0.1634 -1.06355 -2.75173 -0.146705 -1.02371 -2.74295 -0.33081 -0.54802 -2.78994 -0.236303 -0.57624 -2.80847 -0.726076 -0.946996 -2.76781 -0.717587 -1.01203 -2.73595 -0.602981 -0.581454 -2.75307 -0.564321 -1.16217 -2.67939 -0.551217 -0.553449 -2.77551 -0.747231 -0.894832 -2.74697 -0.345544 -1.17437 -2.69937 -0.216999 -1.12094 -2.69514 -0.439298 -0.530756 -2.70864 -0.726844 -0.756136 -2.74034 -0.430072 -1.18441 -2.67888 -0.291494 -1.16548 -2.75372 -0.259193 -1.13796 -2.69281 -0.192129 -1.08828 -2.71134 -0.104753 -0.777392 -2.69505 -0.293112 -0.556019 -2.68275 -0.198646 -0.618263 -2.61611 -0.564403 -0.555014 -2.69856 -0.738253 -0.937625 -2.61343 -0.745167 -0.809592 -2.68805 -0.316049 -1.16447 -2.54541 -0.140656 -0.701123 -2.45177 -0.150777 -0.664888 -2.59331 -0.342053 -1.1621 -2.33773 -0.661611 -0.632925 -2.70304 -0.482405 -1.18511 -2.57437 -0.088909 -0.902135 -2.71924 -0.594355 -1.14744 -2.66504 -0.373982 -0.526706 -2.69787 -0.0916681 -0.867991 -2.64955 -0.49208 -0.529024 -2.70645 -0.245789 -0.586051 -2.66808 -0.288483 -1.15454 -2.59151 -0.711516 -1.02074 -2.58481 -0.71194 -0.712827 -2.61979 -0.659051 -0.635647 -2.60052 -0.402615 -1.18214 -2.45015 -0.331126 -0.549392 -2.64237 -0.639107 -1.11326 -2.55962 -0.742855 -0.899097 -2.53038 -0.740241 -0.803003 -2.56257 -0.59498 -0.577501 -2.53124 -0.20202 -1.09051 -2.59213 -0.0955542 -0.812593 -2.54126 -0.116256 -0.73122 -2.58139 -0.508575 -0.54166 -2.55845 -0.568979 -1.15766 -2.56575 -0.232168 -1.1169 -2.34457 -0.167838 -1.06168 -2.55973 -0.294694 -0.548238 -2.56669 -0.233413 -0.58761 -2.57565 -0.407495 -0.514807 -2.57119 -0.145583 -1.01357 -2.47185 -0.714548 -0.724809 -2.4198 -0.429827 -1.17856 -2.43539 -0.156046 -0.655864 -2.4674 -0.713458 -1.02343 -2.37197 -0.750547 -0.878124 -2.45611 -0.684724 -0.684693 -2.49641 -0.119358 -0.974094 -2.4766 -0.25945 -1.12619 -2.31849 -0.40044 -0.530897 -2.49566 -0.0993535 -0.89581 -2.45941 -0.340606 -0.550257 -2.48148 -0.258749 -0.567494 -2.48105 -0.612146 -0.600617 -2.38576 -0.47187 -1.18554 -2.44552 -0.378822 -1.17522 -2.32035 -0.106899 -0.806333 -2.37795 -0.11853 -0.754713 -2.4406 -0.509247 -0.548525 -2.39786 -0.453138 -0.530433 -2.45556 -0.553238 -1.16572 -2.38547 -0.717744 -0.949386 -2.28763 -0.742703 -0.825406 -2.35382 -0.701992 -0.710552 -2.37046 -0.656171 -0.635981 -2.34108 -0.104543 -0.888518 -2.37465 -0.338609 -0.527518 -2.34425 -0.210751 -0.61149 -2.37789 -0.643293 -1.10474 -2.33153 -0.311765 -1.15568 -2.25707 -0.209528 -1.08686 -2.27577 -0.128708 -0.978248 -2.32266 -0.119143 -0.93245 -2.32212 -0.2993 -0.543507 -2.35391 -0.1766 -1.05187 -2.24867 -0.433342 -0.538388 -2.30315 -0.116897 -0.708835 -2.35149 -0.115953 -0.776352 -2.33442 -0.142139 -0.652589 -2.36031 -0.25274 -0.575076 -2.29822 -0.612593 -0.604738 -2.29478 -0.555986 -0.579066 -2.36151 -0.66278 -0.680278 -2.2197 -0.482167 -1.18243 -2.29651 -0.434674 -1.17211 -2.16225 -0.572649 -1.15062 -2.25169 -0.711208 -1.04312 -2.25303 -0.0961755 -0.892791 -2.26554 -0.51389 -0.55699 -2.22827 -0.383193 -0.534624 -2.219 -0.147409 -0.666098 -2.28863 -0.19185 -0.637571 -2.26494 -0.744418 -0.848173 -2.2276 -0.567994 -0.580953 -2.23534 -0.389114 -1.17596 -2.23171 -0.114138 -0.932369 -2.25412 -0.107599 -0.834614 -2.27941 -0.331983 -0.544338 -2.2341 -0.125664 -0.710875 -2.22532 -0.632614 -1.1118 -2.19927 -0.712799 -1.02382 -2.16835 -0.608373 -0.61709 -2.17586 -0.490713 -1.18255 -2.22702 -0.119021 -0.971707 -2.24491 -0.111332 -0.846128 -2.12016 -0.111205 -0.80533 -2.17028 -0.455026 -0.560895 -2.201 -0.147172 -0.659877 -2.17255 -0.730649 -0.922715 -2.17565 -0.712333 -0.755147 -2.20446 -0.23303 -1.11812 -2.15839 -0.119364 -0.764708 -2.1213 -0.361098 -0.535559 -2.14699 -0.569645 -1.14888 -1.9982 -0.152429 -1.00626 -2.14328 -0.127108 -0.938244 -2.15755 -0.482485 -0.566453 -2.13225 -0.216945 -0.62702 -2.15659 -0.188746 -0.635278 -2.04737 -0.26331 -0.567584 -2.17087 -0.349076 -1.15822 -2.13645 -0.276367 -1.12785 -2.08824 -0.731251 -0.833452 -2.13719 -0.719204 -0.770695 -2.05426 -0.669656 -0.665854 -2.14235 -0.574605 -0.602319 -2.10938 -0.486185 -1.17068 -2.04305 -0.310964 -1.14872 -2.04744 -0.400095 -0.541032 -2.1151 -0.710029 -0.959504 -2.12422 -0.203503 -1.07134 -2.11003 -0.147893 -0.98934 -2.08385 -0.0991874 -0.890658 -2.10471 -0.103428 -0.805089 -2.11596 -0.27849 -0.569407 -2.08296 -0.706483 -1.03085 -2.06463 -0.736183 -0.880833 -2.04306 -0.701292 -0.949595 -1.96152 -0.60589 -0.634363 -2.08934 -0.396165 -1.17155 -2.03001 -0.231031 -1.09998 -2.0664 -0.119211 -0.724528 -2.06109 -0.62408 -1.11229 -1.99745 -0.651234 -1.07525 -1.93748 -0.741564 -0.812202 -2.06717 -0.668243 -0.674101 -2.03368 -0.171623 -1.05152 -2.04326 -0.111544 -0.89695 -2.05041 -0.12051 -0.796708 -2.00886 -0.119979 -0.839636 -1.99958 -0.506471 -0.559531 -2.02759 -0.456517 -0.563909 -2.0607 -0.365718 -0.545633 -2.03816 -0.160273 -0.654116 -2.00151 -0.266663 -0.577174 -2.00139 -0.581622 -0.600209 -2.03042 -0.136325 -0.976316 -2.02653 -0.106479 -0.889153 -1.98687 -0.406797 -0.541945 -2.03928 -0.73034 -0.795199 -1.97255 -0.430571 -0.535746 -1.99444 -0.326903 -0.570322 -1.95325 -0.707405 -1.02653 -1.95151 -0.714534 -0.727052 -1.95007 -0.614678 -0.612192 -1.93688 -0.407896 -1.16338 -1.89549 -0.228672 -1.09839 -1.90177 -0.198371 -1.06449 -1.91798 -0.168883 -1.009 -1.9438 -0.547059 -0.567655 -1.92658 -0.139432 -0.672924 -1.943 -0.211754 -0.643985 -1.98877 -0.632312 -1.10479 -1.88174 -0.587909 -1.14571 -1.93991 -0.186545 -1.01956 -1.80287 -0.443521 -0.545775 -1.90413 -0.361352 -0.556521 -1.89728 -0.254701 -0.595744 -1.96689 -0.233825 -0.649053 -1.92553 -0.741281 -0.86091 -1.91865 -0.6846 -0.686842 -1.91038 -0.505228 -1.15184 -1.80425 -0.475804 -1.16738 -1.84214 -0.316983 -1.14231 -1.90166 -0.119579 -0.894217 -1.86258 -0.151509 -0.745245 -1.80268 -0.208349 -0.661586 -1.88056 -0.174395 -0.649936 -1.93898 -0.269329 -0.630418 -1.90478 -0.701727 -0.972487 -1.88181 -0.594145 -0.614015 -1.86819 -0.175979 -0.677255 -1.85295 -0.318007 -0.609203 -1.89691 -0.578674 -1.1362 -1.79631 -0.663189 -1.03111 -1.86577 -0.731688 -0.787348 -1.88303 -0.130604 -0.82346 -1.80206 -0.518996 -0.573074 -1.85448 -0.363705 -0.548967 -1.8069 -0.74075 -0.876301 -1.83466 -0.733068 -0.734536 -1.83229 -0.690148 -0.683429 -1.80061 -0.625952 -0.632455 -1.80313 -0.430343 -1.14882 -1.77819 -0.164397 -0.981442 -1.80082 -0.252803 -0.625266 -1.82381 -0.643571 -1.01195 -1.77624 -0.73438 -0.895819 -1.80689 -0.327241 -1.13178 -1.80024 -0.155077 -0.918049 -1.77632 -0.534594 -0.590837 -1.77246 -0.460074 -0.564818 -1.76763 -0.232071 -0.670918 -1.82062 -0.287871 -0.623929 -1.82551 -0.616172 -1.08813 -1.77862 -0.729494 -0.745408 -1.79428 -0.457349 -1.15102 -1.77672 -0.262889 -1.08884 -1.78074 -0.26266 -0.637541 -1.80033 -0.247053 -0.695404 -1.77454 -0.181428 -0.721517 -1.77318 -0.320277 -0.615203 -1.79671 -0.57277 -1.12091 -1.76623 -0.711581 -0.877294 -1.7767 -0.71324 -0.754386 -1.76741 -0.662693 -0.688567 -1.76547 -0.357731 -1.11297 -1.75733 -0.207835 -1.0016 -1.76143 -0.153531 -0.829078 -1.76378 -0.379151 -0.567076 -1.76929 -0.298579 -0.640333 -1.77277 -0.576607 -0.9833 -1.71168 -0.624195 -0.860862 -1.71655 -0.607686 -0.765861 -1.70957 -0.525778 -0.673457 -1.71242 -0.478544 -1.06791 -1.71203 -0.522631 -1.03876 -1.70798 -0.373444 -1.04108 -1.70855 -0.287871 -1.0332 -1.7341 -0.310194 -0.985249 -1.70434 -0.253796 -0.920382 -1.71189 -0.233897 -0.828992 -1.7183 -0.351625 -0.81752 -1.6766 -0.231133 -0.749507 -1.74064 -0.365456 -0.720746 -1.69517 -0.334816 -0.645855 -1.74291 -0.425942 -0.640598 -1.7149 -0.535279 -0.868728 -1.67982 -0.488271 -0.949706 -1.67751 -0.404539 -0.944319 -1.67396 -0.455454 -0.839787 -1.66657 -0.332544 -0.889969 -1.68053 -0.518618 -0.774657 -1.68189 -0.457752 -0.725103 -1.68523"/>
    <Normal vector="-0.836366 -0.546223 0.046182 -0.743407 -0.656667 0.127022 -0.731175 -0.669195 0.132519 -0.75817 -0.625233 0.185098 -0.868238 -0.469954 0.159077 -0.928352 -0.369884 0.0367251 -0.925799 -0.335992 0.173221 -0.967504 -0.245228 0.0616372 -0.960965 -0.181958 0.208414 -0.987068 -0.132233 0.0906179 -0.975049 -0.0849893 0.205077 -0.992563 -0.044312 0.113379 -0.972089 -0.0251506 0.233259 -0.991548 0.00208352 0.129724 -0.973194 0.0100737 0.229765 -0.993769 0.0273893 0.108038 -0.978516 0.0315719 0.203739 -0.994258 0.0758429 0.0754932 -0.984177 0.0678497 0.163684 -0.990652 0.135304 0.0173677 -0.983353 0.137367 0.118941 -0.971953 0.221296 0.0795989 -0.968443 0.246948 -0.0336806 -0.930332 0.366188 0.0196898 -0.93032 0.363866 -0.045903 -0.797709 0.598976 0.0699124 -0.822706 0.566934 -0.0417235 -0.593716 0.797536 0.106952 -0.580584 0.814093 -0.0132444 -0.565304 0.82245 0.0633012 -0.352043 0.935857 -0.0154336 -0.347326 0.937067 -0.035626 -0.161791 0.985833 -0.0442279 -0.140662 0.989091 0.0437485 -0.0208324 0.999729 -0.0103876 -0.649337 -0.672882 0.354389 -0.770888 -0.522735 0.363979 -0.63683 -0.633545 0.439395 -0.820876 -0.383844 0.422879 -0.876579 -0.191434 0.441544 -0.896751 -0.0843003 0.434432 -0.878004 -0.0491162 0.476126 -0.885593 -0.00673142 0.464413 -0.898352 0.0135741 0.439066 -0.915895 0.037491 0.399664 -0.940056 0.0849123 0.33028 -0.934654 0.113906 0.336819 -0.951224 0.182307 0.24887 -0.958678 0.273957 0.0767048 -0.850374 0.500881 -0.16119 -0.517534 0.839371 -0.166177 -0.277776 0.960032 0.0343436 -0.134365 0.97119 0.196813 -0.0621399 0.964278 0.257501 -0.638622 -0.488842 0.594303 -0.39408 -0.534297 0.747815 -0.488532 -0.401385 0.774742 -0.650543 -0.189775 0.735377 -0.769225 -0.0673105 0.635423 -0.559568 -0.317874 0.765402 -0.73292 -0.0106419 0.680232 -0.762125 0.00630511 0.647399 -0.780262 0.0112657 0.625351 -0.829619 0.0503845 0.556051 -0.895805 0.118536 0.428348 -0.955449 0.193999 0.222444 -0.886089 0.463165 -0.0180287 -0.497984 0.837101 0.226437 -0.208821 0.96184 0.176796 -0.160878 0.951785 0.261198 -0.0126152 0.890599 0.454614 -0.705222 -0.0532146 0.706987 -0.72109 -0.0238472 0.692431 -0.262547 -0.0770056 0.961842 -0.23276 -0.041411 0.971652 -0.501384 -0.0531153 0.863593 -0.0555137 -0.028183 0.99806 -0.188512 -0.0438581 0.981091 -0.31217 -0.429138 0.847579 -0.205469 -0.224029 0.952677 -0.4366 -0.034573 0.898991 -0.310378 -0.139326 0.940348 -0.18716 0.0854424 0.978607 -0.166193 0.0123067 0.986017 -0.487459 -0.0177751 0.872965 -0.525974 -0.00253827 0.850497 -0.557667 0.00174968 0.830063 -0.615964 0.00315701 0.787768 -0.675056 0.0473994 0.736242 -0.743751 0.0429127 0.667078 -0.856367 0.0931996 0.507888 -0.850661 0.415668 0.321863 -0.0304157 0.812023 0.582833 -0.0247058 0.779422 0.626013 -0.475222 0.242023 0.845925 -0.174278 0.28787 0.941678 -0.327674 -0.0133928 0.944696 -0.617106 -0.132552 0.775635 -0.517903 0.226685 0.824858 -0.22587 0.0690485 0.971707 -0.724171 -0.291719 0.624881 -0.0624118 -0.025021 0.997737 -0.213001 -0.00465759 0.977041 -0.215756 -0.0253196 0.976119 -0.664532 0.413741 0.622267 -0.0361878 -0.025293 0.999025 -0.0660381 -0.00626318 0.997797 -0.0360398 -0.00849912 0.999314 -0.233416 -0.0117238 0.972306 -0.27909 0.0106141 0.960206 -0.281663 0.0180861 0.959343 -0.377737 0.00819412 0.925876 -0.0428259 -0.0309228 0.998604 -0.453128 0.387247 0.802941 -0.0699638 0.65751 0.750191 -0.00772079 0.196471 0.980479 0.00657899 0.411158 0.91154 -0.140104 -0.0340864 0.98955 -0.613998 0.0284788 0.788794 -0.45746 0.0574577 0.887372 -0.497099 -0.0280498 0.86724 -0.0843637 -0.0852273 0.992783 -0.161412 -0.00263587 0.986884 -0.6014 0.0748214 0.795437 -0.384581 -0.151197 0.910625 -0.531879 -0.414025 0.738707 -0.298864 -0.0869077 0.95033 -0.1687 -0.505739 0.846031 -0.321624 0.081823 0.943326 -0.204267 0.075912 0.975967 -0.16852 0.696614 0.697374 -0.724711 0.182416 0.664468 -0.666338 0.189067 0.721281 -0.873224 -0.156794 0.461406 -0.920628 -0.195499 0.337971 -0.788431 -0.00425429 0.615109 -0.90676 0.243366 0.344326 -0.962728 0.201308 0.180638 -0.712856 0.0449781 0.699867 -0.894484 -0.273477 0.353707 -0.953089 0.114508 0.280194 -0.568417 -0.308308 0.762789 -0.442472 -0.758329 0.478702 -0.616186 0.419771 0.666414 -0.679904 0.42339 0.598725 -0.151058 0.00754773 0.988496 -0.593937 0.172268 0.785851 -0.565077 0.138104 0.813397 -0.466763 0.0401353 0.883471 -0.152037 -0.0135533 0.988282 -0.514888 -0.0583535 0.855269 -0.027048 0.00618885 0.999615 -0.0352845 0.00390913 0.99937 -0.274401 -0.12296 0.953722 -0.0828177 -0.0127489 0.996483 -0.443754 -0.179993 0.877886 -0.0248745 -0.00842945 0.999655 -0.00170698 0.00372727 0.999992 -0.00449669 0.00768238 0.99996 -0.0315042 0.0152359 0.999388 -0.59415 0.129901 0.793796 -0.192507 0.0897063 0.977187 -0.0201409 -0.00242055 0.999794 -0.25944 0.0363471 0.965075 -0.178585 0.0197568 0.983726 -0.463876 0.0777709 0.88248 -0.563213 0.0615723 0.824014 -0.00717924 -0.0123503 0.999898 -0.0295161 -0.00741246 0.999537 -0.0802641 0.114843 0.990136 -0.00289791 0.0112495 0.999933 -0.92155 0.201219 0.33205 -0.827314 -0.13455 0.545388 -0.537439 -0.231848 0.810806 -0.905744 0.365504 0.214556 -0.93065 0.344498 -0.123334 -0.939969 0.100077 0.326255 -0.912938 -0.04863 0.40519 -0.92917 0.0540768 0.365676 -0.972142 0.0351065 0.23175 -0.870764 -0.478372 0.113708 -0.461861 -0.796246 0.390738 -0.9617 -0.198399 0.189132 -0.74779 0.650521 -0.132785 -0.721803 0.689126 0.0640788 -0.716365 0.644016 0.26845 -0.676452 0.509577 0.531737 -0.70226 0.12235 0.701328 -0.908029 0.0868551 0.409804 -0.949356 0.0138378 0.313896 -0.836438 0.0581943 0.544963 -0.443182 -0.530755 0.722419 -0.568148 -0.390994 0.724107 -0.755154 0.222626 0.616587 -0.402642 0.385934 0.830021 -0.532855 0.321266 0.78285 -0.934095 0.0738651 0.349301 -0.88793 0.0768492 0.453514 -0.895856 -0.371872 0.243215 -0.643343 -0.744241 0.179484 -0.42407 0.775686 0.467415 -0.867633 0.497065 0.0118119 -0.968412 -0.239813 0.0683205 -0.888678 -0.129998 0.439719 -0.975283 0.152861 -0.159551 -0.405292 -0.913773 0.0275343 -0.982983 -0.0884562 -0.160995 -0.69575 -0.709378 -0.112758 -0.952296 0.215413 0.216172 -0.936543 0.102103 0.335355 -0.998296 -0.0404301 -0.0420878 -0.948476 0.167536 -0.268933 -0.911261 0.137587 -0.388165 -0.956569 0.0116411 -0.291274 -0.947007 -0.00590159 -0.321158 -0.916511 -0.146921 -0.372051 -0.931047 0.364895 -0.0015918 -0.705252 0.706537 0.0585259 -0.71048 0.689896 0.138786 -0.938502 0.0190323 -0.344748 -0.945873 -0.187429 -0.264943 -0.898801 -0.437973 -0.0183681 -0.774499 0.536247 -0.335544 -0.903383 0.069893 -0.4231 -0.994359 0.0599095 0.0875278 -0.867248 -0.487229 -0.102417 -0.503231 -0.730062 -0.462351 -0.77798 0.570454 -0.263304 -0.774446 0.204536 -0.598665 -0.770553 -0.080851 -0.632228 -0.777171 -0.300174 -0.553083 -0.761531 0.367668 -0.533751 -0.943202 -0.0640512 -0.325988 -0.851117 -0.00573274 -0.524945 -0.849917 -0.00132953 -0.526915 -0.507043 -0.624348 -0.59422 -0.986958 0.147907 -0.0635447 -0.673125 -0.300225 -0.675846 -0.83707 0.03716 -0.545832 -0.733976 0.661979 0.151866 -0.746543 -0.237229 -0.621608 -0.682874 -0.23585 -0.691417 -0.67187 0.175748 -0.719516 -0.610201 0.463674 -0.642387 -0.843524 0.0459422 -0.535122 -0.925969 -0.000661673 -0.3776 -0.846454 0.110847 -0.520795 -0.806603 -0.0161783 -0.590872 -0.858189 0.0182607 -0.513009 -0.84809 -0.029874 -0.52901 -0.65212 0.219118 -0.725759 -0.822392 0.51133 -0.249423 -0.690654 0.695807 -0.197102 -0.851988 0.360505 -0.379676 -0.834082 -0.268062 -0.482131 -0.799828 -0.286776 -0.52729 -0.793753 -0.271299 -0.544384 -0.766039 -0.46798 -0.440659 -0.783758 0.290155 -0.54912 -0.666914 0.744844 -0.0208294 -0.760141 0.216647 -0.612576 -0.722136 0.0797684 -0.687137 -0.737451 -0.215724 -0.640023 -0.83044 0.00164922 -0.557106 -0.723849 -0.0723399 -0.686155 -0.987351 0.0884515 0.131586 -0.691219 0.722284 0.0228511 -0.51194 -0.587326 -0.62687 -0.668522 -0.220297 -0.710315 -0.758742 0.00923198 -0.651326 -0.729314 -0.0242052 -0.68375 -0.672019 -0.34209 -0.656784 -0.892764 -0.450514 -0.00318085 -0.783372 -0.407503 -0.469329 -0.748884 0.618284 -0.238533 -0.825938 0.289832 -0.483554 -0.768367 0.053218 -0.637792 -0.770776 -0.348388 -0.533413 -0.81063 -0.176822 -0.558223 -0.687388 0.00739564 -0.726253 -0.702891 -0.170926 -0.690455 -0.719164 -0.0055166 -0.694818 -0.748623 -0.110337 -0.65375 -0.703304 -0.0058301 -0.710865 -0.702304 -0.00533617 -0.711857 -0.832365 -0.165062 -0.529077 -0.859155 -0.17958 -0.47917 -0.955191 -0.117842 -0.271522 -0.980216 0.190018 -0.055397 -0.726867 0.0194663 -0.686502 -0.849966 -0.23947 -0.469268 -0.904595 -0.155312 -0.396971 -0.845688 0.190856 -0.498383 -0.845919 0.0296712 -0.532486 -0.846642 -0.00136878 -0.53216 -0.809944 -0.00663703 -0.58647 -0.919792 -0.390378 0.0398427 -0.924764 -0.153003 -0.348427 -0.94656 0.090298 -0.309629 -0.915347 0.00153634 -0.402664 -0.918585 0.139145 -0.369918 -0.954355 0.221193 -0.200698 -0.979404 0.00158345 -0.201907 -0.978479 -0.0467986 -0.200969 -0.979014 -0.192012 0.0682936 -0.968493 0.0992922 -0.228389 -0.962969 0.000892554 -0.26961 -0.998979 -0.0444595 -0.00799746 -0.999224 -0.0221623 0.0325673 -0.95563 -0.110796 0.272941 -0.970442 0.0928804 0.222747 -0.971795 0.193318 0.135063 -0.951131 0.207025 0.229109 -0.969536 -0.00785305 0.244824 -0.697303 -0.369467 0.614217 -0.631384 -0.306732 0.712229 -0.89843 0.350858 0.264051 -0.970757 0.00240181 0.240053 -0.897702 -0.0358853 0.439139 -0.781169 0.162909 0.60269 -0.830889 0.0170813 0.556177 -0.78935 -0.00536411 0.61392 -0.649235 -0.303281 0.697506 -0.532379 -0.0928353 0.8414 -0.446902 -0.804094 0.392059 -0.924064 -0.174092 0.34029 -0.581272 -0.00642218 0.813684 -0.0349817 -0.846726 0.530877 -0.321646 0.705625 0.631377 0.03273 -0.207305 0.977729 -0.472301 0.164322 0.865985 -0.610321 0.0123698 0.792058 -0.417866 0.0027782 0.908504 -0.393112 -0.00233539 0.919488 -0.601127 -0.0079726 0.799113 -0.614394 0.00648392 0.788973 -0.282803 0.0215512 0.958936 -0.243802 0.227036 0.942876 -0.619677 -0.00264762 0.784852 -0.409776 -0.00271521 0.912182 -0.955798 -0.00295416 0.29401 -0.951396 -0.00389384 0.307945 -0.958026 -0.00533692 0.286632 -0.240401 -0.968403 0.0663621 -0.335376 -0.938906 0.0773173 -0.282388 -0.958687 0.0342914 0.44204 -0.896705 0.0228207 0.564999 -0.824712 -0.0250094 0.523265 -0.851859 -0.0230377 0.693015 -0.719375 -0.0472219 0.676199 -0.733508 -0.0687131 0.819838 -0.567512 -0.0761326 0.799384 -0.5914 -0.105979 0.94633 -0.318281 -0.0561903 0.883537 -0.440975 -0.157807 0.948874 -0.28049 -0.14479 0.987333 -0.158577 0.00515565 0.98695 -0.137727 -0.0834376 0.998036 -0.0583784 -0.0227132 0.998077 -0.0594119 0.0176704 0.997932 -0.0429495 0.0478146 0.994974 -0.0675438 0.0739282 0.991399 -0.0455417 0.122696 0.984369 -0.0936709 0.149144 0.984481 -0.135749 0.111215 0.958371 -0.20811 0.195485 0.823332 -0.536933 -0.183923 0.974014 -0.0957986 -0.205232 0.99852 -0.0158092 0.0520438 0.986025 -0.0263344 0.164503 0.958558 -0.0940205 0.268934 0.926277 -0.369553 -0.0737708 0.998618 0.0427895 0.030531 0.992557 -0.0124968 0.121134 0.968906 -0.0309179 0.245491 0.892159 -0.0847316 0.443703 -0.224274 -0.962688 0.151438 0.385859 -0.921149 0.0509659 0.585117 -0.807775 -0.0716845 0.679178 -0.723055 -0.126132 0.755135 -0.638804 -0.147312 -0.1267 -0.980685 0.149009 -0.13037 -0.989445 0.0632704 -0.000327468 -0.997515 0.07046 -0.0033319 -0.988931 0.14834 0.138331 -0.988265 0.0647829 0.12736 -0.983009 0.132182 0.26471 -0.963021 0.0501979 0.250683 -0.96207 0.107606 0.372933 -0.926752 0.0452973 0.335278 -0.938396 0.0836836 0.990721 -0.0741805 0.113883 0.981911 -0.0161343 0.188654 0.993015 -0.0184864 0.116531 0.987082 -0.00850124 0.159988 0.989539 -0.0212188 0.142696 0.974984 -0.0070288 0.222165 0.988064 -0.0263711 0.151773 0.97791 0.0781257 0.193875 0.957788 0.0237586 0.286493 0.986802 -0.00870837 0.161698 0.826102 -0.532377 -0.184744 0.866032 -0.485542 -0.11932 0.457321 -0.889301 0.00121465 0.95938 -0.0659415 0.274302 0.689495 0.118794 0.714483 0.592215 0.0404598 0.804764 0.989862 -0.0129256 0.141445 0.9143 -0.0278583 0.404078 0.995136 -0.0147083 0.0974097 0.940808 -0.329351 0.080048 0.789143 0.39132 0.473416 0.457063 0.00851683 0.889393 0.69401 -0.0329115 0.719213 0.872185 -0.0201027 0.488763 0.881136 -0.0202506 0.472429 0.604717 0.390605 0.694079 0.809603 0.153757 0.566482 0.172946 -0.0206781 0.984714 0.821617 -0.0813631 0.564204 0.342704 -0.0644006 0.937233 0.885248 -0.106548 0.452752 0.693081 -0.0253894 0.720412 0.408063 -0.0126083 0.912867 0.567361 -0.00724685 0.823437 0.412102 -0.0090331 0.911093 0.517624 -0.00673118 0.855582 0.474435 -0.0267804 0.879883 0.396877 -0.0395803 0.917018 0.342503 -0.0484045 0.938269 0.648334 -0.00707467 0.761323 0.953894 0.290117 -0.0769309 0.868914 0.494956 0.00274628 0.974452 -0.0310067 -0.222447 0.962018 0.271987 0.0233295 0.98528 -0.107566 -0.132865 0.990972 -0.0319418 -0.130211 0.999932 -0.00517026 0.0104415 0.985597 -0.00234333 0.169095 0.97472 0.0357664 0.220547 0.917146 -0.0310236 0.397342 0.868376 -0.00795448 0.495842 0.165762 -0.0190098 0.985983 0.939786 -0.265187 -0.215587 0.322064 -0.940609 0.107381 0.494338 -0.867667 -0.0527743 0.56938 -0.805944 -0.162055 0.718308 -0.655384 -0.233463 -0.111327 -0.948602 0.296244 -0.192911 -0.944257 0.266766 -0.0209877 -0.9545 0.29747 0.0706373 -0.955175 0.287492 0.197385 -0.95719 0.211725 0.140827 -0.954731 0.262023 0.263644 -0.947881 0.178922 0.880453 0.0241834 -0.473515 0.922931 -0.0101365 -0.384833 0.927062 -0.00365646 -0.37489 0.939483 0.0741334 -0.33448 0.980221 0.0889015 -0.176817 0.999921 -0.00501934 0.0115643 0.876433 0.187281 -0.443612 0.885397 0.00777423 -0.46477 0.888641 0.0988231 -0.44783 0.81446 -0.452884 -0.362701 0.916968 0.145479 -0.371491 0.881133 0.00265903 -0.47286 0.881471 0.00186076 -0.472235 0.850165 0.087209 -0.519244 0.799034 0.22864 -0.556119 0.734097 0.0844564 -0.673772 0.700665 0.00281963 -0.713484 0.773239 0.0139276 -0.633962 0.802424 0.00152273 -0.596752 0.586221 -0.741215 -0.327024 0.454141 -0.883595 -0.114089 0.828046 -0.122998 -0.547003 -0.0546436 -0.912394 0.405649 0.0129912 -0.912486 0.408901 -0.165865 -0.9097 0.380703 -0.10132 -0.906714 0.409395 0.0874162 -0.91611 0.39128 0.175518 -0.933498 0.31269 0.263115 -0.94402 0.198987 0.40301 -0.913809 0.0503547 0.780884 0.120882 -0.612868 0.770094 -0.00546519 -0.637908 0.676481 -0.428845 -0.598721 0.757477 -0.0727349 -0.648798 0.60815 -0.0103884 -0.793754 0.64313 0.00238464 -0.765754 0.632571 0.0228387 -0.774166 0.642052 0.00377058 -0.766652 0.672794 0.0558112 -0.737722 0.633133 0.202095 -0.747195 0.769038 0.111292 -0.62944 0.633409 0.0059634 -0.773794 0.642191 0.00919141 -0.766489 0.76603 -0.455869 -0.45319 -0.212683 -0.88092 0.422785 -0.130559 -0.864834 0.484785 -0.0810958 -0.859058 0.505414 -0.0273456 -0.863434 0.50372 0.0530987 -0.866954 0.495551 0.0931081 -0.89069 0.444975 0.172812 -0.916576 0.360589 0.216785 -0.934119 0.283595 0.271035 -0.948748 0.162532 0.315692 -0.94886 0.00182529 0.931251 0.0429654 -0.361837 0.841835 0.0164166 -0.539485 0.826372 0.0061561 -0.563091 0.813877 0.217218 -0.538907 0.981243 -0.171642 -0.0877567 0.95125 0.0466872 -0.304867 0.948207 0.000158712 -0.317652 0.365109 -0.927556 -0.0795933 0.547 -0.805645 -0.227436 0.793514 -0.608546 -0.00257558 0.94971 0.196511 -0.243793 0.425642 -0.902919 0.0597084 0.999626 0.0256281 -0.00949976 0.9918 -0.00239853 -0.127781 0.204811 -0.949679 0.236986 -0.0388234 -0.794908 0.605487 -0.0898958 -0.793353 0.602087 0.00269451 -0.799971 0.600033 0.0500669 -0.806519 0.589085 0.102958 -0.861473 0.497256 0.139538 -0.911094 0.387861 0.204388 -0.957349 0.204227 0.991431 -0.003955 0.130572 0.483459 -0.753662 0.445266 0.792855 -0.425353 0.436412 0.946149 -0.0556277 0.318917 0.948308 -0.00644954 0.317286 -0.0673115 -0.720318 0.69037 -0.0210383 -0.716383 0.69739 0.0158498 -0.716266 0.697648 0.0471231 -0.750877 0.658759 0.0608772 -0.826292 0.559942 0.0998075 -0.868763 0.485066 0.273391 -0.892325 0.359184 0.908703 -0.00768711 0.417372 0.768717 -0.0444691 0.638041 0.44447 -0.324356 0.835009 0.773636 -0.0134107 0.633489 0.822406 -0.115542 0.557044 -0.00500093 -0.610483 0.792013 -0.0606275 -0.593111 0.802835 0.00919297 -0.576417 0.817104 0.0118177 -0.618373 0.785796 0.0448734 -0.632441 0.773308 0.0118139 -0.71624 0.697754 0.133004 -0.722281 0.67869 0.000188738 -0.316178 0.9487 -0.0643734 -0.29464 0.953438 -0.00132527 -0.363575 0.931564 0.0354632 -0.336482 0.941022 -0.00265728 -0.364506 0.931197 0.0193257 -0.355672 0.934411 0.0234247 -0.366524 0.930114 -0.0071792 -0.481964 0.876162 0.522824 -0.0105256 0.852376 0.547422 -0.0114323 0.836779 0.0198704 -0.0475141 0.998673 -0.0185684 -0.0178838 0.999668 -0.00358502 -0.0676807 0.997701 0.0230111 -0.119635 0.992551 -0.00791881 -0.0178974 0.999808 -0.00131751 -0.0248984 0.999689 0.0128557 0.00922511 0.999875 -0.00505773 -0.0125444 0.999909 0.0154944 -0.110862 0.993715 0.0229542 -0.221969 0.974784 0.0175946 -0.475543 0.879516 0.00288457 -0.102899 0.994688 0.214583 -0.00511753 0.976692 0.0648526 -0.00675526 0.997872 0.262801 -0.00772859 0.964819 0.398282 -0.0078496 0.91723 -0.0202684 -0.18814 0.981933 0.00093498 -0.0260244 0.999661 0.155842 0.0123048 0.987705 -0.00225544 -0.0965956 0.995321 0.00146669 -0.0836594 0.996493 0.00569301 -0.174156 0.984702 -0.00214541 -0.0221137 0.999753 -0.00357751 -0.0140605 0.999895 -0.00420211 -0.0151816 0.999876 -0.00253513 -0.0144093 0.999893 -0.00321922 -0.0172288 0.999846 -0.00250556 -0.0119247 0.999926 0.16856 -0.30177 0.938361 0.000982763 -0.0122722 0.999924 0.0832579 -0.015647 0.996405 0.017551 0.0270278 0.999481 -0.741516 -0.667407 -0.0687161 -0.784958 -0.613379 -0.0872185 -0.926403 -0.3765 0.00502228 -0.946583 -0.321027 -0.0303752 -0.988173 -0.152145 0.0191381 -0.990539 -0.073664 0.115781 -0.997572 -0.0339602 0.0607968 -0.991691 0.0246132 0.126264 -0.984405 -0.0150079 0.175279 -0.979134 -0.0270746 0.201406 -0.994263 -0.0299903 0.102674 -0.566482 -0.823586 -0.02836 -0.677124 -0.735358 -0.0274235 -0.438412 -0.898488 0.0227019 -0.972662 -0.0387539 0.22897 -0.99069 -0.0671788 0.11841 -0.9713 -0.0890351 0.220566 -0.985743 -0.116916 0.121005 -0.932419 -0.185074 0.31039 -0.95307 -0.236689 0.188775 -0.896659 -0.391832 0.206086 -0.862633 -0.34605 0.368936 -0.818954 -0.543444 0.184344 -0.802495 -0.49736 0.329597 -0.727499 -0.627149 0.278263 -0.85951 -0.506257 0.0703337 -0.944932 -0.322534 -0.0554584 -0.938277 0.122374 0.323514 -0.928249 -0.0869714 0.361648 -0.916727 -0.091237 0.388956 -0.513844 -0.857805 0.0116195 -0.906879 0.0429413 0.419199 -0.921309 -0.0375616 0.387013 -0.901431 -0.0715155 0.426975 -0.820467 -0.129662 0.556796 -0.723777 0.248158 0.643866 -0.760424 -0.409397 0.504133 -0.745567 -0.273872 0.607556 -0.716837 -0.402006 0.56968 -0.658801 -0.569219 0.491905 -0.967768 -0.138645 0.210245 -0.932632 0.0710724 0.35376 -0.907394 0.230134 0.351673 -0.742466 -0.0156639 0.669701 -0.906142 -0.00565831 0.422935 -0.848591 -0.0562985 0.526046 -0.900529 -0.053545 0.431487 -0.853546 -0.0885509 0.513438 -0.622702 0.195694 0.757593 -0.633705 0.0252956 0.773162 -0.670024 -0.416457 0.614518 -0.614071 -0.535358 0.579921 -0.548771 -0.499056 0.670666 -0.541513 -0.630767 0.555785 -0.396523 -0.915877 0.0627667 -0.919814 0.053133 0.388742 -0.798475 0.105427 0.592725 -0.744762 0.272269 0.609261 -0.628727 0.421809 0.653284 -0.734476 0.128182 0.666419 -0.716996 -0.318701 0.619957 -0.739916 -0.207334 0.639951 -0.7987 -0.070746 0.597557 -0.840429 -0.163765 0.516585 -0.865101 0.203842 0.45831 -0.751452 0.0892012 0.65373 -0.742808 -0.258438 0.617614 -0.446818 -0.215144 0.86837 -0.864116 -0.166991 0.474781 -0.882714 0.0668131 0.465136 -0.797299 -0.0596373 0.600631 -0.817136 -0.314978 0.482781 -0.613395 -0.131129 0.778814 -0.379064 -0.401146 0.833902 -0.351958 -0.411331 0.840793 -0.70397 0.228176 0.672579 -0.62186 0.147631 0.769087 -0.667424 0.0120316 0.74458 -0.540117 0.151624 0.827819 -0.460511 -0.298847 0.835835 -0.751291 0.199023 0.629247 -0.232001 -0.66847 0.706628 -0.666622 -0.515672 0.538235 -0.398428 0.387174 0.831476 -0.416154 -0.0913996 0.904689 -0.245765 -0.204952 0.947414 -0.751235 0.286301 0.594709 -0.728661 0.418761 0.541934 -0.623584 -0.117658 0.772852 -0.460395 -0.192491 0.866593 -0.594858 -0.134974 0.792418 -0.825622 -0.112534 0.552888 -0.827924 0.363526 0.427073 -0.565839 -0.36754 0.738066 -0.758234 0.152902 0.6338 -0.716688 -0.0142534 0.697249 -0.925677 0.0188856 0.377842 -0.82813 0.256754 0.498275 -0.549201 -0.240806 0.800244 -0.762977 0.167802 0.624267 -0.263057 -0.533675 0.803736 -0.532412 0.355396 0.768265 -0.603285 -0.0302928 0.79695 -0.329826 -0.535606 0.777394 -0.237127 -0.576893 0.781643 -0.496673 -0.402014 0.769221 -0.821826 -0.533053 0.201136 -0.653354 -0.74287 0.145854 -0.493422 -0.86088 0.124178 -0.281898 -0.941703 0.183654 -0.350161 -0.924904 0.148123 -0.920493 -0.136282 0.366225 -0.68579 0.171541 0.707294 -0.779116 0.158155 0.606602 -0.948305 0.155015 0.276926 -0.60185 0.444648 0.663374 -0.411297 0.1802 0.893512 -0.538478 0.127765 0.832897 -0.973352 -0.0963802 0.208081 -0.755481 -0.118292 0.644403 -0.883837 -0.405047 0.234029 -0.293556 -0.0239457 0.955642 -0.616016 -0.524654 0.587591 -0.671118 -0.670637 0.315985 -0.981386 0.189418 0.0316643 -0.995919 0.0865715 -0.025522 -0.843478 -0.42494 0.328589 -0.422204 -0.906038 0.0289545 -0.776465 -0.516267 0.361345 -0.272395 -0.957386 -0.0959877 -0.405726 -0.913614 -0.0263789 -0.913746 -0.196067 0.355846 -0.956401 0.288567 0.0450209 -0.832878 0.306955 0.460535 -0.856437 0.449906 0.25318 -0.804531 0.411096 0.428637 -0.607264 -0.188771 0.771749 -0.468708 -0.170029 0.866835 0.0480759 0.0666133 0.99662 -0.470895 -0.111495 0.875115 -0.370267 -0.0771852 0.925713 -0.614749 0.290775 0.733167 -0.308576 -0.00598208 0.951181 -0.123039 0.0803491 0.989144 -0.378729 0.0357849 0.924816 -0.174176 -0.120306 0.977338 -0.141963 -0.254227 0.956669 -0.742792 -0.161057 0.649862 -0.259145 -0.740777 0.619753 -0.953557 -0.289368 -0.0836416 -0.944759 0.222732 -0.240458 -0.941818 0.0422459 -0.333458 -0.661017 -0.674944 -0.327884 -0.497086 -0.866522 -0.0452342 -0.84362 0.181816 0.505221 -0.99794 -0.0641102 0.00220467 -0.732085 -0.411848 0.542617 -0.355607 -0.162478 0.920405 -0.632451 0.000117339 0.774601 -0.86854 -0.135545 0.476724 -0.691346 0.176326 0.700678 -0.920907 0.28483 0.266087 -0.88848 0.378572 0.259396 -0.388424 0.233632 0.891371 -0.956261 0.268648 0.115729 -0.90011 -0.0247788 0.434957 -0.392569 -0.792878 0.466084 -0.858315 -0.509217 -0.063204 -0.818194 -0.537924 0.202968 -0.77211 -0.619923 0.139794 -0.756382 -0.613395 0.22723 -0.227726 -0.966519 0.118241 -0.978014 -0.0428804 -0.204082 -0.387099 -0.918814 0.0770479 -0.156079 0.623575 0.766025 -0.395105 0.582317 0.710492 -0.862238 0.231525 0.450491 -0.87852 0.215505 -0.426334 -0.97727 0.21122 0.0181754 -0.833991 0.462922 0.30027 -0.978299 -0.0167809 0.206516 -0.859515 0.369092 -0.35356 -0.806213 0.464558 -0.366342 -0.966318 -0.254822 0.0359781 -0.96138 0.0421363 0.27198 -0.979981 -0.0462822 -0.193639 -0.408165 -0.888288 -0.210587 -0.267779 -0.936616 -0.225932 -0.713088 -0.653485 -0.253898 -0.960968 -0.212158 -0.177564 -0.123224 -0.611421 0.781652 -0.537512 -0.729789 0.422479 -0.665379 -0.575909 0.474973 -0.453975 -0.331253 0.827151 -0.678706 0.658343 -0.325489 -0.754119 -0.561918 0.33993 -0.555091 -0.756989 0.344733 -0.489188 -0.833466 0.256962 -0.335966 -0.894921 0.293673 -0.262388 -0.916507 0.301941 -0.983955 0.172267 0.0464508 -0.96206 -0.0294237 -0.271246 -0.65625 0.208838 -0.725067 -0.818549 0.112643 -0.563285 -0.925563 0.00895481 -0.378487 -0.968441 0.0575269 -0.242513 -0.962741 -0.214709 -0.164407 -0.996661 0.016464 -0.0799753 -0.872087 0.219731 -0.437245 -0.810005 0.112357 -0.575559 -0.8423 -0.291197 -0.45358 -0.971017 -0.208224 -0.117336 -0.957198 0.0649194 0.282058 -0.872886 -0.48792 -0.00213651 0.0511994 -0.322662 0.945129 -0.387282 0.421833 0.819798 -0.928229 0.224157 0.296892 -0.993001 -0.113979 -0.0309608 -0.944005 0.19642 0.265091 -0.975657 0.218678 -0.016544 -0.958122 0.0403892 -0.283498 -0.7917 0.0026322 -0.610904 -0.728618 0.163305 -0.665167 -0.725794 0.0845107 -0.682701 -0.661779 -0.510421 -0.549108 -0.846967 -0.296957 -0.44098 -0.607643 -0.779256 0.153395 -0.975197 -0.206911 0.0786081 -0.922775 -0.381875 0.0515636 -0.879639 -0.323005 0.349145 -0.885097 0.0241204 -0.464782 -0.850786 -0.115237 -0.512721 -0.797455 -0.160554 -0.581625 -0.937434 -0.153619 -0.312441 -0.810275 0.0161377 -0.585828 -0.768887 0.04524 -0.637783 -0.661721 -0.16971 -0.730291 -0.855132 0.498022 0.143959 -0.818839 -0.450237 0.356075 -0.737712 -0.472959 -0.481759 -0.883287 -0.0777016 -0.462349 -0.900262 0.434194 -0.0316848 -0.722104 -0.0199091 -0.691498 -0.980261 0.194277 0.0366631 -0.590233 0.149023 -0.793358 -0.647465 0.0777439 -0.75812 -0.775004 -0.554738 -0.302712 -0.996491 -0.0667695 0.0504773 -0.891219 -0.417126 -0.178143 -0.87207 -0.409375 -0.268155 -0.695509 -0.626678 0.351486 -0.75032 -0.186696 -0.634165 -0.716894 0.106053 -0.689069 -0.520269 0.151756 -0.840411 -0.803825 0.0227149 -0.594432 -0.7228 -0.240054 -0.648024 -0.72372 0.530097 0.441845 -0.94899 -0.140379 -0.282335 -0.65239 -0.656697 -0.378333 -0.882726 -0.114832 -0.45564 -0.815188 -0.227357 -0.532707 -0.784058 -0.118252 -0.609319 -0.729316 0.244257 -0.639091 -0.702626 0.0123374 -0.711452 -0.587325 -0.196047 -0.785248 -0.857206 0.382839 -0.34443 -0.817137 -0.154601 -0.555325 -0.7027 -0.514154 -0.491792 -0.510393 -0.808431 0.293152 -0.742077 -0.655511 0.140098 -0.314442 -0.879803 0.356473 -0.943882 -0.298542 0.141279 -0.967804 -0.0653743 -0.243067 -0.97885 0.029584 -0.202428 -0.978061 0.0425999 -0.203917 -0.807164 0.113239 -0.579364 -0.784881 0.111367 -0.609556 -0.82283 0.380288 -0.422293 -0.782136 0.431964 -0.449077 -0.889684 -0.237454 -0.389971 -0.360809 -0.627013 -0.690414 -0.804936 -0.444481 -0.393084 -0.725703 0.00183607 -0.688006 -0.689392 -0.308897 -0.655226 -0.968886 -0.07296 -0.236511 -0.999002 0.0353087 -0.0273611 -0.971667 0.0633148 -0.227716 -0.842054 0.028432 -0.538643 -0.919082 -0.252364 -0.302655 -0.0555896 -0.890211 -0.452143 -0.466188 -0.818027 -0.336898 -0.554197 -0.317162 -0.769593 -0.681103 0.0451926 -0.730792 -0.732352 0.0280841 -0.680347 -0.805788 -0.052412 -0.589881 -0.861882 -0.199572 -0.466187 -0.860615 -0.471991 -0.191221 -0.9937 0.0938992 -0.0611785 -0.960035 0.0279189 -0.278483 -0.947353 -0.119541 -0.29704 -0.978776 0.161146 -0.126604 -0.898588 0.345764 -0.270159 -0.906471 -0.181798 -0.381129 -0.189665 -0.70888 -0.67935 -0.993319 0.0954704 -0.0648255 -0.950831 -0.0642376 -0.302976 -0.509849 -0.658328 -0.553767 -0.0589914 -0.972937 -0.223415 -0.815365 0.0307459 -0.57813 -0.711711 -0.0189879 -0.702216 -0.900086 -0.218532 -0.376948 -0.89438 -0.420925 -0.151348 -0.986273 -0.109624 -0.123481 -0.613172 -0.78914 0.0357435 -0.997351 0.0693017 0.0220766 -0.99009 -0.0163097 -0.139482 -0.982732 -0.146569 -0.112944 -0.998722 0.0492439 -0.0114014 -0.952622 0.293939 0.0781735 -0.944463 0.00625739 -0.328557 -0.244167 -0.959604 -0.139797 -0.785005 -0.511705 -0.349179 -0.260714 -0.965084 -0.0253036 -0.958715 -0.205756 -0.196292 -0.838328 -0.00183439 -0.545164 -0.990674 -0.127327 0.0485038 -0.974166 0.0125731 -0.225482 -0.994732 -0.036811 -0.0956684 -0.99522 -0.0549558 -0.0807244 -0.996769 -0.0799359 -0.0078107 -0.916931 -0.00493672 -0.399016 -0.511102 -0.859479 -0.00836569 -0.287928 -0.887995 0.358557 -0.172842 -0.868654 0.464291 -0.108232 -0.81037 0.575835 -0.85594 -0.460438 0.235295 -0.987429 0.0669863 0.143167 -0.993326 -0.113655 0.0196507 -0.997017 -0.0333764 0.0695892 -0.24658 -0.966927 0.065192 -0.846962 -0.490519 0.205053 -0.982022 -0.0630838 -0.177916 -0.985083 0.00797989 -0.171897 -0.532955 -0.722843 0.439838 -0.913862 -0.034364 0.404567 -0.983993 -0.010403 0.177904 -0.951898 -0.162271 0.25992 -0.988853 0.00278861 0.148868 -0.987455 -0.0920685 0.128284 -0.282426 -0.956643 0.0712025 -0.87916 -0.450387 0.155657 -0.121612 -0.80535 0.580191 -0.0742934 -0.720642 0.689315 -0.857035 -0.112077 0.502921 -0.879759 0.0444822 0.473334 -0.90983 -0.0065921 0.414929 -0.931036 0.00380981 0.364909 -0.999251 0.0324508 0.0210737 -0.630323 -0.252667 0.734065 -0.603754 -0.0962222 0.791342 -0.695372 -0.0383847 0.717625 -0.732606 0.0176656 0.680424 -0.771521 -0.00581373 0.636178 -0.805763 0.00961894 0.59216 -0.713553 -0.256954 0.65178 -0.887271 -0.233561 0.397742 -0.383736 -0.773451 0.5045 0.00579639 -0.966549 0.256417 -0.0860355 -0.879074 0.468856 -0.96826 0.0089529 0.249785 -0.25536 -0.502124 0.826234 0.0275592 -0.535281 0.844224 -0.0539907 -0.533808 0.84388 -0.0574733 -0.562957 0.824486 -0.492642 -0.00520012 0.870217 -0.535797 -0.0226427 0.844043 -0.0762823 -0.247142 0.965972 -0.605286 -0.00106451 0.796007 -0.703029 -0.270752 0.657604 -0.888014 -0.0718015 0.454175 -0.842553 -0.204586 0.498247 -0.904452 0.0025221 0.426568 -0.616224 -0.4675 0.633807 -0.831987 -0.0691518 0.550468 -0.0310558 -0.0834041 0.996032 -0.185689 -0.072571 0.979925 -0.0167475 -0.180772 0.983382 0.010375 -0.00997358 0.999896 0.0150276 -0.113516 0.993423 -0.00197042 -0.0427986 0.999082 -0.189242 -0.0336855 0.981353 -0.0209082 -0.0232425 0.999511 -0.00166304 -0.0379131 0.99928 -0.0201116 -0.0250675 0.999483 -0.00780961 -0.0316911 0.999467 0.00352046 -0.0245352 0.999693 -0.00278629 -0.0164438 0.999861 0.00196537 -0.0169949 0.999854 -0.218121 -0.0394782 0.975123 -0.330049 -0.00409316 0.943955 -0.365272 -0.299214 0.881503 -0.687384 -0.0435302 0.724988 -0.520553 -0.339029 0.783635 -0.0673267 -0.69231 0.718452 -0.771799 0.00303532 0.635859 -0.6854 -0.214057 0.695993 -0.225077 -0.457009 0.860513 -0.787596 -0.00322401 0.616184 -0.476862 -0.287474 0.830639 -0.0722631 -0.00715849 0.99736 0.00309013 -0.0128405 0.999913 -0.0714998 -0.29326 0.953355 -0.00192276 -0.0492576 0.998784 -0.0039324 -0.321349 0.946953 -0.0034991 -0.36317 0.931716 -0.00632732 -0.336569 0.941638 -0.456087 -0.067243 0.887391 -0.101371 -0.354052 0.929715 -0.448934 -0.100381 0.887909 -0.525451 0.00974903 0.850768 -0.135429 -0.289797 0.947458 0.00174239 -0.35469 0.934982 -0.316457 -0.0210285 0.948374 -0.0833112 0.000327093 0.996524 0.00122985 -0.0710696 0.997471 0.00169631 -0.0570093 0.998372 -0.249157 -0.0326551 0.967912 -0.0625428 -0.213175 0.97501 -0.163804 -0.46733 0.868775 -0.454763 -0.163028 0.875564 -0.353406 -0.00437043 0.93546 -0.61539 -0.00221668 0.78822 -0.363693 -0.00448046 0.931508 0.00377864 -0.637363 0.770554 -0.0297627 -0.127873 0.991344 -0.00295354 -0.138308 0.990385 -0.704228 -0.60226 0.375961 -0.206932 -0.941042 0.267617 -0.943554 -0.116066 0.310217 0.00789409 -0.975707 0.218939 -0.956035 -0.00822147 0.293138 -0.000675505 -0.98022 0.19791 -0.790703 -0.584592 0.181771 -0.999761 0.00699557 0.0206935 -0.976867 -0.106054 0.185696 -0.231033 -0.958774 0.165459 -0.990935 -0.00288599 0.134313 -0.957202 0.0194929 0.288762 -0.3581 -0.642273 0.67768 -0.75834 -0.136185 0.637475 -0.567934 -0.051854 0.821439 -0.242418 -0.128423 0.961635 -0.197024 -0.183364 0.963099 -0.102529 -0.36891 0.923793 -0.201194 -0.197047 0.959528 0.244056 0.92522 0.290525 0.133672 0.968099 0.211936 0.293445 0.941209 0.16738 0.162561 0.979924 0.115423 0.998397 -0.0324372 0.0463897 0.998373 -0.0553083 -0.0138427 0.999638 -0.0143363 0.0227693 0.998441 0.0120923 0.0544876 0.999198 0.0348264 0.0197813 0.997319 0.0600919 0.0417496 0.996291 0.0841337 -0.018033 0.997867 0.0617437 0.0212055 0.992361 0.118453 -0.034482 0.757046 0.543993 -0.361875 0.901518 0.37529 -0.215461 0.692848 0.686337 -0.221141 0.911073 0.374708 -0.171873 0.981832 0.170393 -0.0835009 0.975005 0.170799 -0.142102 0.0865429 0.992899 0.0816145 0.0746257 0.987264 0.140502 0.0867525 0.995159 0.046171 0.0648689 0.994718 0.0795498 0.0535551 0.9983 0.0229932 0.166097 0.985841 -0.0229946 0.0830841 0.995324 -0.0492602 0.175832 0.980741 -0.0850336 0.300223 0.932144 -0.202418 0.408387 0.903238 -0.131839 0.48121 0.845178 -0.232618 0.547525 0.760507 -0.349066 0.132072 0.904604 0.405276 0.99096 -0.00642343 0.134002 0.988626 -0.0244387 0.148394 0.986964 0.0710152 0.144429 0.997219 0.0368239 0.0647948 0.864133 0.316299 -0.391446 0.0495907 0.953968 0.295781 0.0410124 0.978727 0.201026 0.317413 0.874882 -0.365828 0.984616 0.0393854 0.170237 0.996187 0.0566449 0.0663597 0.0425727 0.994998 0.0903667 0.133819 0.958349 -0.252308 0.278756 0.88538 -0.372018 0.566342 0.601524 -0.563406 0.966569 -0.0121865 0.256117 0.978037 -0.00785902 0.208284 0.980077 0.0778516 0.182723 0.984575 0.0863557 0.152164 0.968746 -0.00545 0.247997 0.984265 -0.0123482 0.176269 0.999444 0.0319171 -0.00959595 0.957616 0.106885 -0.267483 0.0469576 0.987887 0.147901 0.0506201 0.988708 0.141047 0.0174548 0.998009 0.0606022 0.0135512 0.999685 -0.0211289 0.219063 0.960719 -0.170383 0.736497 0.349635 -0.579075 0.147423 0.86454 -0.480456 0.35818 0.779681 -0.51362 0.99274 -0.0302484 0.116411 0.139354 0.981844 0.128694 0.909181 0.295875 -0.292997 0.993132 0.0191726 0.115414 -0.0358758 0.985556 0.165508 -0.0177254 0.982674 0.184495 0.0305329 0.998338 -0.0488716 0.319178 0.930982 -0.177198 0.984183 -0.027738 0.174969 0.983997 -0.00531157 0.178107 0.94695 0.045916 0.318084 0.982106 -0.00405747 0.188284 0.0856908 0.970954 0.223397 -0.0172438 0.979658 0.19993 0.0547604 0.977356 0.204392 0.979697 -0.0515916 0.193734 0.987191 0.0938888 0.128994 0.776268 0.627194 0.0635296 0.930419 0.00716116 0.366428 0.97257 -0.0041548 0.232573 0.0431257 0.97249 0.228917 0.028079 0.983177 0.180483 0.342088 0.904991 0.252916 0.939013 -0.00336361 0.343865 0.919989 0.00670987 0.391888 0.830192 0.0170877 0.557216 0.0568332 0.986481 0.153704 0.066438 0.981728 0.178315 -0.0157244 0.983964 0.177672 -0.0254284 0.997004 0.0730496 0.0102466 0.98972 0.142652 -0.0130185 0.987317 0.158227 0.525423 -0.0271456 0.850408 0.545691 -0.0129465 0.837887 0.415666 -0.00673338 0.909493 0.470085 -0.00566132 0.882603 0.479618 -0.00492299 0.877464 0.526026 -0.0146264 0.850343 0.586008 -0.0105356 0.810237 0.641759 0.011197 0.766825 0.678647 -0.0165004 0.734279 0.706774 0.0041788 0.707427 0.719717 -0.0298876 0.693624 0.0781835 0.992884 0.0898249 0.104266 0.930669 -0.35069 0.733688 0.278169 0.619938 0.984982 -0.0172853 0.171792 0.482043 -0.000876337 0.876147 0.964643 -0.0128457 0.263247 0.948998 -0.0210506 0.314579 0.511669 -0.0171874 0.859011 0.539165 -0.00302275 0.842195 0.945475 -0.0128806 0.32544 0.516409 -0.0177757 0.856158 0.904557 -0.0289206 0.425372 0.748366 -0.00258377 0.66328 0.76515 0.0215991 0.64349 0.767247 -0.0150705 0.641174 0.809712 -0.0138575 0.586664 0.0279074 0.92481 -0.379404 0.019092 0.934061 -0.356603 -0.00812087 0.915562 -0.402095 -0.017466 0.907029 -0.420706 -0.00349767 0.942907 -0.333037 0.000376484 0.945251 -0.326346 -0.00664147 0.953483 -0.301373 0.757944 -0.000791369 0.652319 0.823887 0.487804 0.288543 0.97945 -0.00881321 -0.201493 0.978683 -0.0195283 -0.204447 0.986044 0.00104256 -0.166483 0.99272 0.00261284 -0.120418 0.992101 -0.0123444 -0.124829 0.995128 -0.0105913 -0.0980208 0.995285 -0.0245384 -0.0938385 0.994034 -0.00879781 -0.108719 0.998957 0.00531814 -0.0453481 0.746511 0.37619 -0.548819 0.873214 0.0121995 -0.487185 0.855633 -0.0103174 -0.51748 0.873428 -0.00719422 -0.486901 0.857011 0.0114721 -0.515171 0.00649907 0.83514 -0.549999 0.00771684 0.909515 -0.4156 0.00106264 0.857471 -0.514531 -0.00852484 0.865802 -0.500314 0.223631 0.77386 -0.592562 0.856986 -0.00723568 -0.515289 0.830051 -0.0187242 -0.557372 0.851783 -0.000215246 -0.523894 0.860233 -0.00125085 -0.5099 0.00583886 0.867348 -0.497668 0.00319758 0.872998 -0.487713 -0.00237916 0.867968 -0.496615 -0.00340273 0.87589 -0.4825 0.239516 0.738396 -0.6304 0.782787 0.197749 -0.590034 0.843175 -0.00571525 -0.537609 -0.00594095 0.915317 -0.40269 -0.00536335 0.877136 -0.480211 -0.0172749 0.794368 -0.607191 0.705984 -0.00129132 -0.708226 0.77229 0.0114391 -0.635167 0.00269187 0.740597 -0.671944 0.0225646 0.73416 -0.678602 0.00229867 0.733571 -0.679609 0.672209 0.309998 -0.672336 0.72069 -0.0018187 -0.693255 0.67032 0.0133259 -0.741952 0.699014 -0.000118875 -0.715108 0.724488 0.00687781 -0.689253 0.685038 -0.0107768 -0.728427 0.698618 -0.00891192 -0.71544 -0.00908774 0.738876 -0.67378 -0.0433391 0.74427 -0.666472 -0.0130743 0.741058 -0.671314 0.0298577 0.715558 -0.697914 0.355682 0.450274 -0.81899 0.701728 -0.0294441 -0.711836 0.673769 0.00400071 -0.738931 0.00959485 0.712761 -0.701341 0.0211264 0.679954 -0.732951 0.711836 0.0304646 -0.701685 0.689535 -0.00973648 -0.724187 0.645651 -0.00743508 -0.763596 0.78226 0.00665611 -0.622917 0.673393 0.0191558 -0.739036 0.0135332 0.859929 -0.510235 0.0098552 0.704472 -0.709663 -0.0164759 0.697938 -0.715969 -0.00363482 0.691242 -0.722614 -0.0501592 0.712182 -0.700201 0.0593109 0.650407 -0.757267 0.453088 0.22528 -0.862531 0.778441 0.00147163 -0.627716 0.703132 -0.00595619 -0.711035 0.78007 -0.0141807 -0.625531 0.777881 0.00350961 -0.628401 0.755053 0.0048452 -0.655646 0.53115 0.568693 -0.628067 0.811731 -0.000767362 -0.584031 0.804099 -0.00415827 -0.59448 0.847205 -0.018744 -0.530935 -0.00354348 0.864331 -0.502911 -0.00667646 0.873912 -0.486038 -0.00672187 0.872726 -0.488164 -0.0136762 0.87922 -0.47622 0.93701 0.00494653 -0.349267 0.949777 -0.0045247 -0.312894 0.930538 0.00199117 -0.36619 0.926595 -0.0045986 -0.376034 0.218142 0.945945 -0.240004 0.890098 0.261786 -0.373087 0.974036 -0.00857149 -0.226231 -0.00400325 0.972445 -0.2331 -0.00314902 0.98308 -0.183152 0.989762 0.0880398 -0.112344 0.752894 0.657388 -0.0314748 0.98555 0.00175045 -0.169374 0.998313 0.00174905 -0.058039 0.999995 -0.00311233 0.000629293 0.00629319 0.998294 -0.0580428 -0.000645092 0.997633 0.0687639 0.00190432 0.998112 -0.0613943 0.252718 0.947969 0.19362 0.989375 0.0947204 0.110301 0.988069 -0.00392046 0.153962 0.989955 -0.000150696 0.141381 0.0150331 0.992934 0.117708 -0.00323507 0.980296 0.197508 0.93356 -0.00144196 0.358418 0.93773 -0.00891922 0.34725 0.930758 -0.00634959 0.36558 0.00558173 0.961091 0.276175 -0.0117185 0.952302 0.304932 0.802949 0.407366 0.435116 0.840867 -0.004153 0.541226 0.846619 0.000448694 0.5322 0.845945 -4.4468e-05 0.53327 0.828849 -0.010126 0.559381 0.00249281 0.887097 0.461577 0.00576359 0.895701 0.444619 -0.0187294 0.895773 0.444118 0.337701 0.655062 0.675908 0.709907 -0.000188575 0.704295 0.730227 -0.00144956 0.683203 0.704779 0.00892327 0.70937 0.67416 -0.00427947 0.738573 0.0041295 0.771584 0.636114 0.00397368 0.708696 0.705502 0.000594283 0.69765 0.716438 0.689672 0.0662403 0.721086 0.435945 0.00289263 0.899969 0.403483 0.00112244 0.914986 0.480089 7.11988e-06 0.87722 0.547739 -0.00133012 0.836648 0.539924 -0.00305348 0.841708 0.383124 -0.00792868 0.923663 0.464966 0.00506585 0.885314 0.457922 -0.000680187 0.888992 -0.000845657 0.632357 0.774677 0.00423155 0.464497 0.885565 0.00716534 0.464268 0.885666 0.30033 0.285654 0.910057 0.470395 -0.00130645 0.882455 0.853723 -0.00361178 0.520715 0.830998 -0.00289639 0.556269 0.458397 -0.0036527 0.88874 0.452243 -0.00707106 0.891867 0.819483 -0.00187877 0.5731 0.449959 -0.00547123 0.893033 0.00529172 0.425944 0.904734 0.000648593 0.652746 0.757576 0.00446805 0.726175 0.687495 -0.00188945 0.773559 0.633722 0.113949 0.37771 0.918886 0.392447 0.777011 0.492179 0.614655 0.196891 0.763828 0.996752 0.00191117 0.0805079 0.995347 0.00158049 0.096346 0.990743 0.00574529 0.135632 0.994639 -0.000412701 0.10341 0.00118123 0.97321 0.229915 -0.00876785 0.980425 0.196699 0.00910707 0.997428 0.0710941 0.991655 -0.0148391 0.128061 0.969369 0.219503 0.110187 0.999948 -0.000241274 -0.0102036 0.999931 -0.000193346 -0.0117624 -0.0226153 0.999743 0.00153107 0.999567 0.000701389 0.0294223 0.506615 0.862 -0.017275 0.987092 -0.0181183 0.159123 0.00237812 0.999849 -0.0172206 0.955209 0.267799 0.125934 -0.00274813 0.995734 0.0922248 0.979916 -0.00235487 0.199398 0.983131 -0.00161222 0.182894 -0.00531597 0.997048 0.0766027 0.483179 0.864221 0.140214 0.976593 0.00109958 0.215093 0.000934021 0.991643 0.129011 0.753368 -0.00176076 0.657596 0.686647 -0.00384963 0.726981 0.800194 -0.0214947 0.599356 -0.000373803 0.785247 0.619182 -0.00555215 0.819215 0.57346 0.275977 0.769064 0.576522 0.803066 0.217476 0.554787 0.883222 0.180647 0.432766 0.526359 0.0434253 0.849153 0.951567 0.102306 0.28992 0.91726 0.0109329 0.398139 0.407576 -0.0141405 0.913062 0.0729125 0.000803496 0.997338 0.923496 -0.0552044 0.379615 -0.0283236 -0.00291149 0.999595 0.309848 -0.0850373 0.946976 0.0561416 -0.0018147 0.998421 0.161446 -0.00469436 0.98687 0.32574 -0.0010828 0.945459 -0.448929 0.733072 0.510948 -0.147621 0.315302 0.937439 -0.297695 0.775521 0.556727 -0.200822 0.258597 0.94488 0.753669 -0.123111 0.645621 0.877079 -0.265874 0.400053 0.357451 -0.131814 0.924583 0.877238 -0.346132 0.332636 0.628593 -0.317156 0.710129 0.232232 -0.147336 0.961437 0.0455767 -0.00331541 0.998955 0.374453 0.00106731 0.927245 0.73854 -0.421369 0.526314 -0.0407335 -0.000135001 0.99917 0.679755 -0.455378 0.574947 0.202587 -0.143299 0.968723 0.679071 -0.531163 0.506684 0.305216 -0.214606 0.927787 0.294999 -0.177731 0.938822 0.411613 -0.00303532 0.911354 0.695017 -0.243834 0.676385 0.00195646 0.00395991 0.99999 -0.174375 0.147003 0.973644 -0.0770964 0.379926 0.921799 -0.527066 0.592176 0.609532 -0.241823 0.656104 0.714877 0.0420721 0.35168 0.935174 0.279736 0.547235 0.788848 0.184709 0.0814867 0.979409 0.735552 0.301336 0.606762 0.259316 0.231541 0.937627 -0.446472 0.881344 0.154584 -0.59296 0.793654 0.136059 0.976871 -0.186088 0.105325 0.890096 -0.436758 0.130272 0.849208 -0.522385 0.0772043 0.790338 -0.606526 0.0865538 0.957537 -0.259094 0.126467 0.867732 0.473139 0.152254 -0.312144 0.938844 0.145388 0.382224 0.907032 0.176628 0.961065 -0.266715 0.0722237 -0.324135 0.935413 0.141203 0.356792 0.921144 0.15554 0.989097 -0.0948522 0.112654 0.898576 -0.43305 0.0709107 0.810777 -0.475577 0.341273 0.990072 0.0561129 0.128876 0.938553 -0.33283 0.0913379 0.70933 -0.617975 0.339055 0.826363 0.428694 0.365165 0.905445 -0.172373 0.387887 0.759837 -0.485569 0.432285 -0.492413 0.789273 0.366848 -0.397733 0.825468 0.400514 -0.568234 0.820344 0.0643882 0.87944 -0.269743 0.392203 0.83946 -0.0679821 0.539152 0.763596 -0.321949 0.559705 0.795898 -0.183149 0.577064 -0.513104 0.623398 0.589999 -0.588503 0.713516 0.380209 -0.245224 0.759242 0.60284 0.329933 0.745043 0.579703 -0.405393 0.774286 0.48594 -0.355572 0.727402 0.586902 0.815768 -0.14668 0.559471 0.777907 -0.0232775 0.627948 0.738962 -0.187967 0.646995 0.679461 -0.29016 0.6739 0.810322 -0.441067 0.385795 0.487642 -0.331155 0.8078 -0.420886 0.616626 0.665303 0.45742 -0.428077 0.779433 0.290157 0.0699351 0.95442 0.30137 -0.0438069 0.952501 0.176395 0.15898 0.971396 0.411284 0.295552 0.862261 -0.393392 0.438753 0.807922 0.0710416 0.311293 0.947655 0.250104 0.25493 0.934055 0.191078 0.215228 0.957688 0.963816 -0.0546069 0.260915 0.962785 0.042245 0.266948 0.965694 -0.120433 0.230066 -0.615846 0.746049 0.253267 -0.476752 0.825393 0.302381 -0.534557 0.844255 -0.0384969 -0.450395 0.88894 0.0832467 0.867533 -0.264659 0.421121 0.829562 -0.447454 0.334083 0.894455 -0.441084 0.0734469 0.715038 -0.347749 0.606458 -0.237595 0.933858 0.267318 0.457623 0.297129 0.838031 0.586254 0.295023 0.754498 0.781236 0.203634 0.590088 -0.0720581 0.439515 0.895341 0.67533 0.604699 0.422218 0.967177 -0.216351 0.133268 -0.645388 0.744216 0.172097 0.925893 -0.35184 0.137589 0.804683 -0.582783 0.113355 0.958163 -0.108409 -0.264898 -0.434928 0.824414 -0.362187 0.865565 0.50047 0.0180704 -0.600014 0.798023 -0.0560514 0.811958 -0.534835 0.233828 0.807986 -0.504749 -0.303953 0.672387 0.583462 -0.455486 0.488069 0.743762 -0.456735 0.982722 -0.0359376 0.181567 0.987122 -0.125628 0.0990309 0.962277 -0.227898 0.148611 -0.597959 0.716569 0.359129 0.931963 -0.336211 0.135671 0.833444 -0.534917 -0.138694 0.714369 0.479393 -0.509764 0.681366 0.546344 -0.487081 0.659292 -0.747846 0.0778502 0.654092 -0.756108 -0.0215592 -0.69743 0.712293 -0.0789339 0.910533 -0.241153 -0.335819 0.881541 0.175009 -0.438472 0.738731 0.503238 -0.448363 -0.276521 0.912729 -0.300768 0.211493 0.870354 -0.444696 0.95036 -0.0616313 0.304987 0.904163 -0.16761 0.392934 0.885303 -0.252127 0.390731 -0.738366 0.656608 0.153887 0.917567 -0.31786 0.23882 0.723231 -0.557139 0.408084 0.606769 -0.724186 0.327697 0.982156 -0.0327325 0.185197 0.989493 -0.0361522 0.139987 0.950844 -0.131925 0.280165 0.968218 -0.225079 0.109056 -0.788258 0.56578 0.241955 0.924093 -0.353477 0.145278 0.531196 -0.845835 -0.048927 0.713504 0.564517 -0.415009 0.740174 0.547453 -0.390433 0.939053 -0.280298 0.199029 -0.478196 0.855062 0.200495 -0.737897 0.664046 0.120627 0.9388 -0.340676 0.0509348 0.736213 -0.628846 0.250088 0.509298 -0.85879 0.0556444 -0.825518 0.5605 0.0660269 0.934582 0.150476 -0.322356 -0.683523 0.729808 -0.0132605 -0.304731 0.942254 -0.138911 0.234163 0.921139 -0.31092 0.998644 0.00872855 0.051331 0.93947 -0.342107 0.0189627 0.957716 -0.279792 -0.0670535 0.923976 -0.373067 0.0842036 0.923081 -0.350266 -0.158858 0.717635 -0.694531 -0.0512552 0.90981 -0.283447 -0.303156 0.670031 0.548339 -0.500382 0.453429 0.835087 -0.311499 -0.590416 0.80435 -0.0665596 -0.778143 0.628081 0.00279932 0.755662 -0.645262 -0.112301 0.831338 0.252434 -0.49513 0.671173 0.697088 -0.25218 0.958675 -0.245785 0.143289 0.941594 -0.316341 0.115449 0.877192 -0.477392 0.0512986 0.460077 -0.887835 -0.00887907 -0.817996 0.575204 -0.00480506 0.86348 -0.502945 0.0380523 0.744361 -0.651413 -0.146925 0.629836 -0.768296 -0.114138 0.660918 -0.747556 -0.0659352 0.954459 0.0682513 -0.290431 -0.337824 0.93527 -0.105567 0.796718 0.529265 -0.291753 0.533671 -0.844501 0.0448819 -0.839551 0.542893 -0.0205142 0.894892 -0.440858 -0.0693709 0.703018 -0.696818 -0.142164 -0.055267 0.997528 -0.0433967 0.957617 -0.268214 0.10503 0.466774 0.882684 -0.054696 -0.727879 0.66925 0.14932 0.833935 0.548627 -0.0596773 0.739645 0.669223 0.0711789 0.952577 -0.275992 0.128163 0.906875 -0.383432 0.174807 0.876176 -0.481982 0.00294909 0.935581 -0.351812 -0.0302902 0.944638 -0.309335 -0.109417 0.984399 -0.170402 -0.0438272 0.997118 -0.0724751 0.0224409 0.993519 -0.112239 -0.0179551 0.877292 -0.286268 0.385239 0.808715 -0.518147 0.278394 0.989569 -0.0412466 0.138031 0.789964 -0.27347 0.54879 0.596802 -0.527305 0.604795 0.63911 -0.759063 0.123942 0.835811 -0.475067 -0.275192 0.986333 -0.0651168 -0.151353 0.325519 -0.849452 0.415293 0.630105 -0.538232 0.559709 0.133424 -0.989481 0.0559088 0.489421 -0.815121 -0.309911 0.83965 -0.342494 -0.421529 0.994928 0.0998718 -0.0120362 0.949023 -0.0688404 0.307598 0.39064 -0.895284 0.214165 -0.0888266 -0.995626 0.0289564 0.133159 -0.98262 0.129328 0.694755 -0.680802 -0.231998 0.987314 -0.158321 -0.0120954 0.995285 -0.00542345 0.0968383 0.919596 -0.363661 0.14864 0.973225 0.00630964 0.229768 -0.115189 -0.993193 0.0172899 0.613549 -0.665844 0.424511 0.99092 0.0382902 0.128887 0.997589 -0.000467946 0.0693976 0.789466 -0.37775 0.483786 0.196872 -0.620577 0.75903 -0.0956729 -0.829019 0.550976 0.993893 -0.00998078 0.109898 -0.0268506 -0.720181 0.693267 0.862982 -0.149414 0.482636 0.855326 -0.000542107 0.51809 0.919477 -0.00843595 0.393052 0.311036 -0.0194003 0.9502 0.54906 -0.00736845 0.835751 0.254367 -0.0504623 0.96579 0.317409 -0.274501 0.90769 0.945719 -0.222211 0.237144 0.551057 -0.775927 0.30704 0.147047 -0.794817 0.588764 -0.0845224 -0.203811 0.975355 0.11178 -0.618738 0.777604 0.0839657 -0.239979 0.96714 0.295121 -0.209827 0.932135 0.449972 -0.0542636 0.891393 0.375691 -0.00593023 0.926726 0.550597 0.00414468 0.834761 0.35064 0.0387354 0.935709 0.208772 -0.920905 0.329161 0.86427 -0.425876 0.267706 0.991643 -0.0110216 0.128543 0.973953 -0.000752488 -0.226749 0.97733 -0.0105608 -0.211456 0.90849 -0.271292 -0.317877 0.424689 -0.819278 -0.385257 0.379261 -0.871116 -0.311958 0.917278 -0.312989 -0.246251 0.972666 -0.00433313 -0.232168 0.857738 0.152892 -0.490825 0.877677 -0.010864 -0.479129 0.868427 -0.0364965 -0.494472 0.209847 -0.814533 -0.540833 0.733644 -0.244247 -0.634121 0.872255 -0.0111953 -0.488923 0.880904 -0.00875029 -0.473213 0.689765 -0.341858 -0.638246 0.879245 -0.000818015 -0.476369 0.822028 -0.0979965 -0.560952 0.663873 -0.327666 -0.672241 0.326722 -0.72735 -0.603503 0.703048 -0.0072057 -0.711106 0.714943 0.0356414 -0.698273 0.796844 -0.00394565 -0.604173 0.683374 0.00725911 -0.730033 0.675457 0.176042 -0.716078 0.694121 0.0135423 -0.719731 0.711638 -0.0416724 -0.70131 0.601469 -0.249368 -0.75898 0.36911 -0.52375 -0.767753 0.345271 -0.39924 -0.84935 0.68452 -0.00994712 -0.728926 0.142203 -0.666126 -0.732158 0.672377 -0.0463402 -0.738757 0.742809 0.192682 -0.641177 0.685722 -0.0150959 -0.727707 0.718867 -0.0136208 -0.695014 0.502966 -0.249 -0.827662 0.183522 -0.600009 -0.778658 0.630916 -0.0280411 -0.775344 0.667368 0.00163483 -0.744726 0.889812 0.206777 -0.40679 0.641884 -0.35466 -0.679854 0.358594 -0.351645 -0.864729 0.408271 -0.696574 -0.589999 0.887244 -0.0192132 -0.4609 0.813652 -0.432935 -0.387992 0.144101 -0.865761 -0.479263 0.752515 -0.097729 -0.651283 0.80389 -0.0019486 -0.594775 0.997724 0.0660457 -0.0135675 0.988658 0.110947 -0.101223 0.962869 -0.0252324 -0.268786 0.891548 -0.19855 -0.407087 0.917443 0.00718675 -0.397803 0.973392 0.0342298 0.226575 0.992405 -0.0247868 -0.120488 0.266199 -0.963627 -0.0236937 0.840801 -0.541278 -0.00852508 0.997764 -0.0657062 0.01221 0.974092 0.0107064 -0.225899 0.987802 -0.00143715 -0.155709 0.956212 0.0138765 0.292345 0.994311 -0.0151174 0.105442 0.875136 -0.483005 0.0290455 0.255944 -0.963875 0.0737361 0.999882 0.00293379 0.0150828 0.993254 -0.0020602 0.115944 0.996805 -0.0151308 0.0784342 0.988706 -0.0328275 0.146228 0.815005 -0.408741 0.410729 0.943726 0.00898993 0.330607 0.96037 0.00690816 0.278642 0.87893 -0.0657691 0.472394 0.937748 -0.00790324 0.347227 0.178533 -0.824236 0.537364 0.379014 -0.769114 0.5146 0.893786 -0.209756 0.39642 0.93961 0.00658745 0.342184 0.606783 -0.00606641 0.794844 0.607606 -0.198307 0.769083 0.649056 -0.169904 0.741525 0.841881 -0.0129066 0.539509 0.810039 -0.173257 0.560196 0.466545 -0.465204 0.752277 0.68579 -0.236735 0.688221 0.833615 -0.00762191 0.552293 0.36616 -0.262118 0.892872 0.275965 -0.307514 0.910647 0.670511 -0.00379065 0.74189 0.625861 -0.0515995 0.778226 0.127137 -0.660763 0.739749 0.317796 -0.39308 0.862841 0.234553 -0.486052 0.841866 0.637094 0.00189357 0.770784 0.70631 -0.00391003 0.707892 0.00230744 0.0285721 0.999589 0.00579757 0.0168985 0.99984 0.00757514 -0.0490695 0.998767 -0.00397185 -0.510443 0.859902 0.00243184 -0.539579 0.841932 0.009845 -0.395496 0.918415 0.00740375 -0.0422262 0.999081 -0.010583 -0.345517 0.938353 0.00214301 -0.00500878 0.999985 0.0254513 -0.381779 0.923903 -0.00587532 -0.00502598 0.99997 0.415539 0.00104149 0.909575 0.415073 -0.0479296 0.908525 0.165989 -0.267445 0.949169 0.0033415 -0.433865 0.900972 0.285266 -0.186416 0.940145 0.571246 -0.0686023 0.817907 0.441813 0.00113011 0.897107 0.382664 -0.0639947 0.921669 0.000243981 -0.0556224 0.998452 0.00498391 -0.279023 0.960271 0.0018696 0.0100654 0.999948 0.00394469 -0.022344 0.999743 0.00183031 -0.158432 0.987368 0.00342042 0.00621892 0.999975 0.00329473 -0.653248 0.757137 -0.00393857 -0.670789 0.741638 -0.00279172 -0.69341 0.720538 0.00402932 -0.0226352 0.999736 0.00791148 0.0023492 0.999966 0.00562893 -0.281436 0.959563 0.00532332 -0.188718 0.982017 0.000572605 -0.000731545 1 0.037165 -0.00444449 0.999299 0.0637243 -0.21945 0.97354 0.213884 -0.00253134 0.976856 0.000686442 -0.166816 0.985988 -0.000736592 -0.181433 0.983403 0.000951195 -0.75684 0.6536 0.0475517 0.00984284 0.99882 0.268154 -0.144799 0.952432 0.0587971 -0.307337 0.949782 0.229949 -0.569111 0.789453 0.722624 -0.312947 0.616343 0.477681 6.70927e-05 0.878533 0.841821 0.00304558 0.539748 -0.00339809 -0.980308 0.197443 -0.00192778 -0.981878 0.189506 0.000346424 -0.984656 0.174508 -0.00137153 -0.98202 0.188771 -0.0131836 -0.986475 0.16338 0.305809 -0.931534 0.196786 0.842554 -0.513337 0.16306 0.98854 -0.0790155 0.128631 -0.00438322 -0.999964 -0.00732596 -0.00301703 -0.999983 -0.0049564 -0.00043982 -0.999999 -0.00120898 0.307362 -0.917987 0.250656 0.999994 -0.00129753 -0.00335879 0.000515839 -0.999739 0.0228371 -0.0304472 -0.998564 0.04407 0.00607461 -0.976706 0.214497 -0.00641165 -0.999856 0.0157443 0.91156 -0.341163 0.229491 0.999731 0.0021427 0.0231125 -0.00276692 -0.970489 0.241131 -0.00237796 -0.972441 0.233137 0.00408122 -0.961412 0.275083 0.00674195 -0.958141 0.286217 -0.028251 -0.9475 0.318506 0.955065 -0.00333814 0.296379 0.951723 -0.00618994 0.306896 0.0107555 -0.727794 0.685711 0.00580413 -0.635249 0.772286 0.000159519 -0.620265 0.784392 0.00267379 -0.589915 0.807461 -0.0065859 -0.612114 0.790742 -0.0963176 -0.420838 0.902008 0.463171 -0.460152 0.757452 0.0570095 -0.00390925 0.998366 0.296902 0.122078 0.947073 0.332394 0.214769 0.918362 0.663269 0.0181771 0.748161 0.567676 0.00725788 0.82322 0.536824 0.00969137 0.843639 -0.472345 -0.629037 0.617416 0.14306 -0.716466 0.682796 0.13823 -0.317577 0.938103 0.00168478 -0.123836 0.992301 0.538986 -0.594641 0.59657 0.218359 -0.261862 0.940079 0.129152 -0.267309 0.954916 0.478436 -0.747739 0.460419 0.335136 -0.739219 0.584157 0.0927257 -0.25656 0.96207 0.34602 -0.771772 0.533515 -0.00126216 -0.152202 0.988349 0.00178481 0.0125533 0.99992 0.00439479 -0.119111 0.992871 0.020089 -0.084238 0.996243 0.117835 -0.323535 0.93885 0.290047 -0.810628 0.508679 0.10207 -0.362423 0.926408 0.198998 -0.902721 0.381438 0.0774267 -0.5602 0.824731 0.0267509 -0.309899 0.950393 0.00690886 0.0164484 0.999841 0.00289915 -0.0936865 0.995598 0.00431126 0.0089316 0.999951 -0.03569 -0.364711 0.930437 -0.0584177 -0.304144 0.950833 -0.128846 -0.358212 0.924707 -0.205161 -0.866251 0.455541 -0.190356 -0.278013 0.941527 -0.140637 -0.256143 0.956354 -0.266685 -0.85784 0.439306 -0.0918177 -0.275357 0.956947 -0.350886 -0.84396 0.405722 -0.252298 -0.554306 0.793152 -0.446994 -0.796973 0.40624 -0.487041 -0.756301 0.436806 -0.436395 -0.486874 0.756646 -0.471722 -0.793869 0.383731 0.298424 -0.758024 0.579951 -0.610595 -0.733514 0.298547 0.137737 -0.416319 0.898725 0.0574883 -0.0875207 0.994503 0.263635 -0.290676 0.919785 0.614508 -0.607792 0.50296 0.36136 -0.207222 0.909108 0.828975 -0.314019 0.462809 0.363794 0.184718 0.91298 0.906011 0.306669 0.291716 0.282127 0.292581 0.913674 0.596528 0.445606 0.667525 0.735028 0.612524 0.290772 0.0526494 0.00408294 0.998605 0.0617029 -0.863559 0.500459 0.101751 -0.930949 0.350686 -0.0991474 -0.902731 0.418624 0.858436 0.449437 0.247172 0.8027 0.524732 0.283425 0.600749 0.335439 0.725659 0.818125 0.314644 0.481321 0.314451 0.106821 0.943244 0.430977 0.107939 0.895884 0.787275 0.19917 0.583549 -0.0260893 -0.00791344 0.999628 0.184701 0.0450964 0.98176 0.325787 0.0650727 0.943201 -0.334932 -0.928336 0.161285 0.454827 -0.872933 0.176409 0.627168 -0.770545 0.113672 0.452986 -0.886838 0.0912252 0.386248 -0.91608 0.107744 0.294974 -0.950189 0.100658 0.022346 -0.999494 0.0226326 -0.0356292 -0.996534 0.0751697 0.923655 0.379621 0.0524422 0.951897 0.290253 0.0982071 0.159684 -0.981241 0.108018 0.977458 0.185583 0.100668 0.352449 -0.869124 0.346991 0.47542 -0.864827 0.161403 0.0743308 -0.984406 0.159438 -0.386176 -0.913287 0.129516 -0.271134 -0.952668 0.137511 -0.480724 -0.866605 0.133793 -0.51289 -0.826654 0.231488 -0.0431313 -0.978145 0.203403 0.769533 0.625572 0.128368 -0.151753 -0.973959 0.16845 -0.629997 -0.764926 0.134135 -0.55417 -0.817441 0.157117 0.904414 -0.375579 0.202425 0.913648 0.35546 0.197221 -0.0171654 -0.988801 0.148252 0.887241 0.438428 0.143472 0.530355 -0.814483 0.235247 0.830578 0.540886 0.132602 0.945504 0.321768 0.0498735 0.288884 -0.947488 0.137158 0.17158 -0.816576 0.551148 -0.251988 -0.787547 0.562381 -0.423466 -0.645321 0.635796 -0.352356 -0.726932 0.589419 0.0622416 -0.64707 0.759885 -0.471579 -0.581428 0.66299 0.440974 -0.450058 0.776524 0.643607 -0.0911016 0.759915 0.522348 0.491669 0.696717 0.61698 0.424862 0.662441 0.0804423 -0.825172 0.559125 -0.0589321 -0.802706 0.593457 -0.147155 -0.802904 0.577659 0.757324 0.375496 0.534288 0.795323 0.194751 0.57405 0.830665 0.0744547 0.551772 -0.209027 -0.650372 0.730291 -0.234541 -0.729689 0.642297 -0.345585 -0.704255 0.620158 -0.0460165 -0.43349 0.899983 0.16022 -0.238906 0.957734 -0.319765 -0.558059 0.765716 -0.330398 -0.891856 0.308918 0.201206 -0.275753 0.939934 0.356689 0.17469 0.917745 0.0265066 -0.863187 0.504189 0.135627 -0.862359 0.487793 0.478273 0.342452 0.808692 0.745185 0.260493 0.613875 0.92778 0.324477 0.184227 -0.0561863 -0.86738 0.494464 -0.165855 -0.769541 0.616684 0.79853 0.462817 0.384904 0.76369 0.420511 0.489845 0.757587 0.204795 0.619775 0.782461 0.0774427 0.617866 -0.283897 -0.904784 0.317441 -0.41693 -0.864332 0.281248 -0.52116 -0.83423 0.180147 -0.382984 -0.915472 0.123427 0.0987158 -0.986006 0.134343 0.646792 -0.0628666 0.760071 0.464458 -0.724288 0.509594 0.934852 0.351629 -0.0490724 -0.156869 -0.950629 0.267763 0.942569 0.156668 0.29499 0.777734 0.608822 0.156416 0.90045 0.365593 0.235649 0.923647 0.275617 0.266293 -0.538289 -0.79635 0.275811 -0.553291 -0.828673 0.084677 -0.409259 -0.879395 -0.243252 0.892327 -0.271152 -0.360873 0.076735 -0.986924 0.141748 -0.0531844 -0.983577 0.172472 -0.24141 -0.962057 0.127148 0.816146 0.568503 -0.103493 -0.627419 -0.775443 -0.0709527 -0.373688 -0.840474 -0.392379 0.371239 -0.767395 -0.522768 0.610848 -0.791745 -0.00228304 0.379503 -0.727909 -0.571075 0.894906 0.245159 -0.37288 -0.285208 -0.91416 0.288041 0.969086 0.11369 0.21897 0.949127 0.259836 0.177884 0.777797 0.56822 0.26862 -0.159964 -0.97013 0.182373 -0.491299 -0.860084 0.137406 -0.332638 -0.922064 0.197863 0.986206 0.0750022 0.147558 0.681403 -0.496009 -0.538206 0.910328 0.330273 0.249444 -0.0867432 -0.881202 -0.464713 0.455086 -0.70851 -0.539361 0.539779 -0.608829 -0.581348 0.897574 -0.131913 -0.420667 0.752268 0.651243 -0.0998775 0.0397569 -0.977309 0.208054 0.689315 0.715276 0.115 0.669435 0.581909 0.461778 -0.56838 -0.675689 0.469456 -0.791145 -0.547255 0.273133 -0.597683 -0.767932 -0.230339 0.00251036 -0.988794 0.149267 -0.040934 -0.964539 0.260749 -0.113245 -0.900745 0.419326 0.88399 0.249377 0.39544 0.98193 0.0715027 0.175216 0.985538 0.133817 0.103957 0.561561 0.800321 0.210084 -0.281895 -0.909959 0.304154 -0.604604 -0.710689 0.359689 0.562732 -0.668206 -0.486655 0.5973 -0.606432 -0.524856 0.648707 -0.576532 -0.49678 -0.161841 -0.959493 0.230609 -0.284802 -0.912127 0.294809 -0.27072 -0.949294 0.15985 -0.299502 -0.950493 0.0828354 0.930203 0.236892 0.280364 0.957331 0.248956 0.146761 0.959227 0.17909 0.218655 0.763191 0.570005 0.304359 0.926945 0.307805 0.214544 -0.302802 -0.950679 0.0672299 0.171943 -0.890805 -0.420598 -0.825842 -0.5612 -0.0551261 0.870184 0.475445 -0.129351 0.00702566 -0.989482 0.144483 -0.374146 -0.925181 0.063681 -0.696961 -0.717063 -0.00807184 -0.429851 -0.899833 0.0743537 -0.623938 -0.768787 -0.140239 0.866425 -0.306499 -0.394165 -0.000401171 -0.999286 -0.0377826 -0.386423 -0.92232 -0.00143032 0.948436 0.314084 0.0426588 0.999338 0.0304577 0.0199125 0.99872 0.0505412 -0.00176049 0.641186 0.767193 0.017192 0.601685 0.798563 0.0165079 0.927465 0.354683 0.118355 0.952009 0.286495 0.107697 0.949789 0.31194 -0.0243688 -0.361166 -0.925033 0.117788 -0.769528 -0.632537 -0.0878807 -0.296165 -0.899696 -0.320678 0.460469 -0.73538 -0.497176 -0.818879 -0.573959 -0.00303451 0.966332 0.134019 -0.219637 0.654548 0.755866 -0.0153206 -0.358205 -0.93349 -0.0169097 0.926508 0.376199 0.0076437 0.632921 0.772807 -0.0466873 -0.85357 -0.51659 -0.0674805 0.719767 -0.573022 -0.391893 0.560887 0.826761 -0.0432716 -0.327981 -0.928361 0.174855 -0.292271 -0.952626 0.0841465 0.971882 0.206179 0.113733 0.78516 0.618327 0.0345704 0.893279 0.446927 0.0480558 0.960623 0.259656 -0.0989057 -0.692014 -0.721477 0.0242205 -0.171268 -0.964804 -0.199553 0.3065 -0.929571 -0.204829 0.888003 0.459812 0.00497225 0.929035 0.361793 0.0774574 -0.513804 -0.853049 0.0911773 0.624929 -0.751613 -0.211049 0.926853 -0.338024 -0.163348 -0.418299 -0.895254 -0.153447 0.935969 0.253863 0.243958 0.986388 0.164094 -0.0105853 0.999326 0.0155619 0.0332555 -0.714468 -0.687716 -0.128769 -0.725605 -0.655886 -0.208111 0.0624077 -0.996566 0.054411 -0.209993 -0.966167 0.149749 0.950164 0.278019 0.141045 0.695663 0.712408 -0.0923416 0.836453 0.528862 -0.143703 -0.477244 -0.874995 0.0813802 0.992471 0.0815888 0.0913457 0.738929 0.67261 0.0397462 -0.438555 -0.890993 -0.117481 0.974451 0.118685 -0.190681 -0.794327 -0.59346 0.129808 -0.834155 -0.544777 0.0860423 0.915225 -0.38637 0.114375 0.662783 0.733485 0.15073 -0.571704 -0.744834 -0.344059 0.987864 0.101528 -0.117542 0.751526 0.642402 -0.150096 -0.148275 -0.985706 0.0799917 0.52305 -0.841819 0.133267 0.737333 -0.67419 0.0425303 0.912636 0.361033 -0.191707 0.777332 0.542081 -0.319225 -0.667457 -0.716901 -0.201382 0.813486 0.519443 0.26157 0.966234 0.0554305 -0.251633 -0.664531 -0.735105 0.134234 0.796983 -0.601657 0.0531748 0.966801 -0.216006 0.136522 0.96367 0.251274 0.0905675 -0.398675 -0.777935 -0.48567 0.869264 0.291866 -0.398992 0.817847 0.365577 -0.444388 -0.502243 -0.692188 -0.518293 -0.673772 -0.731293 0.106028 0.378545 -0.923098 0.0677738 0.77241 0.618089 0.146113 0.817541 0.549031 0.173759 0.954071 0.153639 -0.257183 -0.477149 -0.866101 -0.148988 0.186678 -0.980194 -0.0661155 -0.479642 -0.667923 -0.569053 -0.828521 -0.515914 0.217681 0.468356 -0.845445 -0.256643 0.616603 -0.7867 -0.030066 0.993785 0.0559585 0.0962321 0.818066 0.525487 0.233732 0.92262 0.385537 -0.0115596 0.724602 0.578001 -0.375322 0.843631 0.483603 -0.233272 0.859356 0.367453 -0.355648 -0.520313 -0.853973 0.00233359 -0.279567 -0.829533 0.483444 -0.396461 -0.868528 0.297451 -0.607091 -0.528571 0.593341 0.803484 0.555308 0.214584 0.776237 0.616926 0.129838 0.779616 0.247957 0.57508 0.475761 0.488544 0.731421 0.889765 0.351057 -0.291681 0.905691 0.405776 0.122763 0.0417317 -0.810554 0.584175 0.0837102 -0.928206 0.362527 -0.0623196 -0.656597 0.751663 -0.243056 -0.485401 0.839827 0.562361 -0.0411569 0.825867 -0.199365 0.714995 0.670102 0.528009 0.712683 0.461832 0.717487 0.000790256 0.696572 0.766133 0.444828 0.463862 0.943864 0.328839 -0.0314052 0.0526549 -0.820881 0.568667 -0.741325 -0.401471 0.537827 0.566298 -0.75293 0.335266 0.744304 -0.334602 0.577973 -0.768791 -0.064383 0.636251 0.773845 -0.111757 0.623438 0.738975 0.375046 0.559693 0.82474 0.303251 0.477329 0.254168 -0.683123 0.684647 -0.0300948 -0.0674807 0.997267 0.642182 -0.350969 0.681486 0.666896 0.173829 0.724591 0.167212 0.660008 0.732414 0.756655 0.322092 0.568973 -0.247892 -0.536667 0.806559 -0.450057 -0.136982 0.882431 0.220022 -0.569605 0.791922 -0.357749 0.337692 0.87062 0.742236 0.157641 0.651334 0.768183 0.21318 0.603696 0.0874356 -0.127382 0.987992 0.0172806 0.224066 0.974421 0.923911 -0.0558705 0.378505 0.0225564 0.995699 0.089862 0.079943 0.996335 -0.0304204 0.39933 0.853011 0.336019 0.500564 0.841319 0.204004 0.573379 0.740097 0.351417 0.752345 0.653735 0.0812824 0.716739 0.652517 0.24598 0.672808 0.733022 0.100042 0.676173 0.722712 0.143096 0.141046 0.988282 0.0583575 0.22235 0.973221 -0.0583281 0.235114 0.970955 0.0443599 0.525084 0.847 0.0829395 0.557049 0.830388 -0.0123277 0.370942 0.928656 0.000346942 0.326333 0.945001 -0.0218945 0.476267 0.697671 0.535187 0.259445 0.82897 0.495476 0.805771 0.495956 0.323668 0.61647 0.537122 0.57573 0.873551 0.4866 0.0113909 0.604275 0.778799 -0.168298 0.22876 0.748689 0.622201 0.832273 0.262812 0.488111 0.944065 0.254027 0.210264 0.136005 0.953417 0.269254 0.0339643 0.957016 0.288039 0.0775121 0.93595 0.343496 0.0688338 0.916045 0.395126 0.350844 0.547068 0.760017 0.0471235 0.968429 0.244796 0.795355 0.083443 0.600374 0.688205 0.720679 0.0836394 0.262265 0.962695 0.0665933 0.293759 0.836429 0.4627 0.724518 0.260657 0.638069 0.841287 0.0277913 0.539874 0.879348 0.354229 0.318227 0.547514 0.485952 0.681234 0.905695 0.059155 0.419782 0.209242 0.746115 0.632084 0.025842 0.640287 0.767701 0.027786 0.684242 0.728726 0.126306 0.940661 0.314966 -0.0141643 0.971581 0.236282 0.469782 0.00371991 0.882775 0.480263 0.253991 0.839545 0.00866012 0.191303 0.981493 0.026509 0.197684 0.979907 0.00431509 0.984144 0.177317 -0.133653 0.0435071 0.990073 -0.625596 0.287468 0.725253 -0.0536827 0.186723 0.980945 -0.259329 0.625443 0.735914 0.00607961 0.0376294 0.999273 -0.00972365 0.23623 0.971649 -0.000999392 0.787838 0.615882 0.144953 0.30463 0.941376 0.151175 0.785752 0.599783 0.0760586 0.00374933 0.997096 -0.974666 0.207444 0.0836224 -0.523079 0.840871 0.139014 0.0228251 0.936637 0.349558 -0.0134277 0.988188 0.152654 0.00334164 0.98007 0.198626 -0.0179114 0.994695 0.101295 -0.999184 0.0168803 -0.0366826 0.0018601 0.996257 0.086425 0.0204535 0.994683 0.100935 -0.871385 0.127932 -0.473625 -0.548604 0.675181 -0.493117 0.00695351 0.937571 -0.347725 0.00861378 0.968182 -0.2501 0.00820694 0.950001 -0.312139 -0.00373971 0.957153 -0.289559 0.0158725 0.953885 -0.299751 -0.00354493 0.951535 -0.30752 -0.039997 0.911888 -0.408487 -0.824888 -0.000382097 -0.565296 -0.116566 0.743561 -0.658429 0.00970462 0.882333 -0.470525 -0.795115 0.266813 -0.544613 -0.452242 0.765471 -0.457746 -0.00465447 0.873426 -0.486935 -0.00505312 0.881026 -0.473041 -0.019335 0.88455 -0.466045 -0.00753052 0.897156 -0.441649 -0.872405 0.0204819 -0.488354 0.00631501 0.843815 -0.536597 -0.00914794 0.862464 -0.506036 -0.00543121 0.902892 -0.429833 -0.00996104 0.883758 -0.467838 -0.779971 0.177459 -0.600128 -0.75559 0.222065 -0.616255 -0.340973 0.863815 -0.370892 0.0229336 0.832977 -0.552832 0.0258095 0.905382 -0.423814 -0.746779 0.253235 -0.614974 -0.608707 0.331333 -0.720899 -0.701973 0.0628105 -0.709429 -0.107263 0.734609 -0.669959 -0.0462908 0.78931 -0.612247 0.0388279 0.73423 -0.67779 0.0275672 0.660713 -0.750133 0.0489284 0.73749 -0.673583 -0.0118739 0.731205 -0.682055 -0.0166749 0.747441 -0.664119 -0.00485295 0.781611 -0.623748 -0.572996 0.391479 -0.720014 -0.691598 0.0346191 -0.721452 -0.403775 0.358289 -0.841781 -0.239355 0.571886 -0.784638 -0.000478443 0.647255 -0.762274 0.0188969 0.707238 -0.706723 0.00839091 0.706346 -0.707817 -0.0277034 0.705651 -0.708018 -0.836072 -0.223627 -0.500974 -0.692874 0.103039 -0.713658 -0.742899 0.00838638 -0.669351 -0.12656 0.572644 -0.809976 -0.442637 0.300706 -0.844777 -0.112876 0.68389 -0.7208 -0.0480755 0.686177 -0.725844 0.0231849 0.699797 -0.713966 -0.0110861 0.731646 -0.681595 0.0509301 0.687917 -0.724 -0.0302785 0.670512 -0.741281 -0.017921 0.720613 -0.693106 -0.792654 -0.255765 -0.553429 -0.752132 0.390146 -0.531115 -0.727121 0.0276994 -0.685951 -0.282087 0.414238 -0.865352 0.0361536 0.617058 -0.786087 -0.943267 -0.15179 -0.295308 -0.902752 -0.377121 -0.206925 -0.973253 0.0994118 -0.207112 -0.87416 0.166056 -0.456367 -0.673466 0.265073 -0.690058 -0.00810719 0.789045 -0.614282 0.0231638 0.76873 -0.639153 -0.989691 0.0148846 -0.142446 -0.91523 0.34865 -0.201984 -0.245762 0.833712 -0.494495 -0.0111379 0.866557 -0.498955 0.00910908 0.87253 -0.488476 0.00313139 0.890725 -0.454532 -0.0015703 0.853869 -0.520485 -0.833741 -0.203056 -0.513463 -0.999813 -0.00281147 -0.0191496 -0.992962 0.116654 -0.020474 -0.898439 0.435063 0.0593911 -0.945932 0.0471784 -0.320916 -0.885005 0.00524663 -0.465553 -0.798079 0.483863 -0.359092 0.0520261 0.973978 -0.220592 0.00448851 0.977122 -0.212632 -0.976453 -0.109358 -0.185956 -0.993682 -0.013376 -0.111433 -0.987723 0.143396 -0.0619783 -0.956956 0.00344912 -0.290212 0.00244296 0.983359 -0.181659 -0.00346336 0.97868 -0.205364 0.00417646 0.967935 -0.251165 -0.999906 -0.00242122 -0.0134656 -0.945463 0.325506 -0.0120992 -0.374928 0.927043 0.00457454 0.00493498 0.999168 0.0404793 -0.979877 -0.069372 0.18716 -0.89538 0.413046 0.166398 -0.986606 0.0232648 0.161454 0.0104519 0.997944 0.0632403 0.00169461 0.995655 0.0930997 -0.94254 -0.138774 0.303909 -0.977314 -0.123875 0.171792 -0.946647 0.232783 0.22287 -0.925506 0.176261 0.335218 -0.52525 0.770051 0.362125 0.00153195 0.961246 0.275688 0.00242555 0.959145 0.282903 0.0108424 0.963014 0.269233 -0.833987 -0.00231125 0.551779 -0.841956 0.0834041 0.533061 -0.22318 0.748926 0.623939 0.00506067 0.838654 0.544641 0.0038416 0.874909 0.484271 0.00551068 0.865576 0.500748 -0.745587 -0.0431585 0.665009 -0.724401 -0.25398 0.640889 -0.667866 -0.262624 0.696408 -0.614916 0.226757 0.755288 -0.49602 0.478943 0.724278 -0.646518 0.255921 0.718693 0.00291621 0.752063 0.659084 -0.593165 -0.00741847 0.805047 -0.533149 0.0964284 0.840508 -0.40687 0.100687 0.90792 -0.166454 0.464537 0.869769 0.00674683 0.541832 0.84046 0.00626321 0.457803 0.889032 0.0103269 0.631813 0.775052 0.00400047 0.64739 0.762149 0.00529528 0.460109 0.887847 -0.403855 -0.11593 0.907448 -0.566146 -0.0697847 0.821346 -0.254576 -0.301067 0.918994 -0.263698 0.0126953 0.964522 -0.26935 0.315762 0.909805 -0.355279 0.0663011 0.932406 -0.524259 0.14499 0.839125 -0.395253 -0.00148991 0.918571 -0.296423 0.238083 0.924905 -0.0499295 0.557335 0.828785 0.00649676 0.611692 0.791069 0.00131469 0.64418 0.764873 -0.952382 -0.00295408 0.304893 -0.960938 0.0102874 0.276573 -0.395816 -0.0561065 0.916614 -0.926512 0.00395894 0.376245 -0.937763 0.128482 0.322635 -0.600661 0.647293 0.469274 -0.293733 0.917755 0.267294 0.00758795 0.950312 0.311208 0.00284022 0.957639 0.287958 0.00395356 0.967157 0.254149 -0.998696 0.0223952 0.0458882 0.00209803 0.999945 0.0103295 0.000522334 0.999871 0.0160402 0.00291856 0.999995 -0.00147175 -0.987989 -0.00268833 0.154504 -0.982893 -0.184164 0.00220842 -0.974689 0.210861 -0.0742926 0.00144798 0.999814 -0.0192498 0.000836771 0.999951 -0.00983501 -0.991606 -0.000199785 0.129296 -0.893785 -0.38374 -0.232146 -0.96237 0.174245 -0.208523 -0.999975 -0.0062822 -0.00315154 -0.979708 0.15925 0.121705 0.00380167 0.99564 0.093206 0.000727873 0.994238 0.107191 -0.803579 0.24018 -0.544587 -0.9925 -0.000313275 0.122241 -0.989171 -0.0698589 -0.129077 -0.985438 -0.146582 0.086172 -0.823266 -0.52769 0.209231 -0.957954 0.127903 0.256838 -0.973514 0.139622 0.181044 -0.99521 -0.00974964 0.0972752 -0.131888 0.988148 0.0785466 -9.26291e-05 0.996328 0.0856171 -0.984496 -0.0367775 0.17151 -0.949237 -0.104851 0.296574 -0.676969 0.729357 0.0987502 0.00236013 0.995943 0.0899508 0.00341908 0.992935 0.11861 -0.78968 0.298892 0.535788 -0.266726 0.783248 0.561587 0.0146465 0.820854 0.570951 0.00334511 0.825361 0.564596 0.00409448 0.823613 0.567137 -0.767 -0.00112891 0.641646 -0.792191 -0.00139836 0.610272 -0.814988 -0.00321313 0.579468 -0.826284 0.00947773 0.563174 0.402875 0.586703 0.702475 0.287309 0.65903 0.695078 0.140617 0.235225 0.961715 0.152947 0.755848 0.636633 0.0859473 0.270111 0.958985 0.00143336 -0.0194401 0.99981 0.00746432 -0.021158 0.999748 -0.326913 0.0104683 0.944997 -0.27165 0.223674 0.936043 -0.318888 0.184283 0.929704 -0.315913 0.458435 0.830684 -0.0277157 0.333178 0.942456 0.0837885 0.529841 0.843948 0.0405505 0.331767 0.94249 0.0803281 0.0968008 0.992057 0.404866 0.490208 0.771868 -0.000472543 0.274479 0.961593 0.0106681 -0.0044196 0.999933 0.0070224 0.293033 0.956076 -0.281337 -0.000396155 0.959609 -0.3037 -0.00815313 0.952733 -0.0190916 -0.00543373 0.999803 0.00136427 -0.00858513 0.999962 0.0105915 -0.00559243 0.999928 -0.24533 0.0352676 0.968798 -0.28577 0.0716961 0.955612 -0.849312 0.168892 0.500144 -0.719722 0.0541825 0.692145 -0.236227 -0.0515318 0.970331 -0.42155 -0.0263651 0.906422 -0.793807 -0.0294502 0.607457 -0.279929 -0.00386822 0.960013 -0.21807 -0.102652 0.97052 -0.27331 -0.00681604 0.961902 0.0341479 0.669764 0.741789 -0.133604 -0.101841 0.985788 -0.0354764 0.199153 0.979326 -0.0475999 0.720634 0.69168 -0.420537 -0.137272 0.89683 -0.173642 0.748103 0.640461 -0.0839346 0.269531 0.959327 -0.530207 -0.402962 0.745991 0.00780393 -0.0346146 0.99937 -0.745748 -0.11434 0.656344 -0.67578 -0.203953 0.708325 -0.586161 -0.322918 0.74306 0.00621049 0.286337 0.958109 -0.980171 0.10964 0.16506 -0.976936 0.0109203 0.213254 -0.97773 -0.114021 0.17619 -0.745828 -0.618754 0.246748 -0.83345 -0.444788 0.327909 -0.911654 0.27299 0.307186 -0.957753 -0.207617 0.199009 -0.861517 -0.448544 0.2379 -0.920031 -0.330165 0.211031 -0.810396 -0.542682 0.220804 0.513242 0.838145 0.184652 0.595547 0.765901 0.242322 0.451686 0.864052 0.222247 0.351719 0.917816 0.18414 0.288347 0.910072 0.297699 0.221964 0.961234 0.163591 0.108937 0.970482 0.215166 -0.588256 0.76077 0.274198 -0.134217 0.947804 0.289228 0.485921 0.845214 0.222472 -0.0159153 0.980609 0.195325 -0.145954 0.969463 0.197075 -0.270189 0.949102 0.161873 -0.343923 0.933142 0.1047 -0.972798 0.203121 0.111386 -0.882534 -0.349671 0.314425 -0.0352266 0.926415 0.374853 0.385799 0.831613 0.399474 0.596816 0.709492 0.374744 -0.869559 -0.4816 0.109223 -0.991 0.117683 0.0637971 -0.757417 0.547048 0.356452 -0.90073 -0.248194 0.35649 -0.237739 0.966717 0.0945454 0.602518 0.742418 0.292894 0.404655 0.787634 0.464637 -0.358962 0.930497 0.0729452 -0.992482 0.074049 0.097454 -0.929844 -0.025186 0.36709 -0.845728 -0.525985 0.0899066 0.518531 0.800337 0.300977 0.340437 0.865139 0.368289 -0.191951 0.901498 0.387887 0.04874 0.99567 0.0791598 -0.990557 -0.132524 0.0351231 -0.789059 -0.611915 0.0542829 0.270428 0.868592 0.41523 -0.116259 0.991517 0.058125 -0.933223 -0.170723 0.316147 -0.83653 -0.409319 0.364248 0.184677 0.978472 0.0921207 -0.632367 0.768249 0.0995261 -0.863549 0.131118 0.486921 -0.85168 0.0716512 0.51914 -0.863975 -0.080024 0.497135 -0.708674 -0.498327 0.499452 -0.845816 -0.0773471 0.527837 -0.744338 -0.40438 0.531449 -0.689615 -0.550548 0.470455 0.218207 0.83152 0.510843 0.084079 0.856587 0.509107 -0.158775 0.828213 0.537451 -0.24816 0.799146 0.547523 0.331136 0.666452 0.667974 0.117091 0.840046 0.529728 0.257261 0.809861 0.527203 -0.366216 0.349067 0.862577 -0.391307 -0.04111 0.919342 -0.162048 0.182139 0.969828 -0.142977 0.424337 0.894145 0.244728 0.479497 0.842728 0.457383 0.467872 0.756239 0.317748 0.478173 0.818772 0.251973 0.56958 0.78236 -0.773328 0.0983151 0.626336 -0.789797 -0.0373381 0.61223 -0.445984 0.066104 0.892596 -0.484619 -0.412198 0.771516 0.0238099 0.757852 0.651992 -0.841398 -0.140826 0.521744 -0.117165 0.831807 0.542558 -0.869714 -0.202582 0.450064 -0.84241 -0.248249 0.478245 -0.782016 -0.303332 0.544464 -0.214915 0.754443 0.620183 -0.818536 -0.418221 0.393814 -0.587156 -0.310582 0.74752 -0.868472 -0.364303 0.336213 -0.510258 -0.339752 0.790066 -0.941281 0.0367368 0.335618 -0.918071 -0.0872394 0.386697 -0.846035 -0.422314 0.325385 -0.896428 -0.434124 0.0891779 -0.892933 -0.427636 0.140703 -0.389564 -0.377806 0.839942 -0.693943 0.411244 0.591034 -0.457184 0.686894 0.564942 -0.135967 0.48479 0.863997 0.444255 0.808146 0.3867 0.289815 0.460599 0.838961 0.400762 0.876173 0.267788 0.417928 0.805967 0.41923 0.213531 0.913057 0.347463 -0.0200657 0.94215 0.334591 -0.226949 0.921947 0.31386 -0.31032 0.911032 0.27152 -0.985232 -0.0487753 0.164129 -0.971329 -0.182503 0.152356 -0.944104 -0.286567 0.162931 -0.857592 -0.504948 0.0977931 -0.760502 -0.579327 0.293286 -0.176754 0.884097 0.432586 0.427389 0.89826 -0.102314 0.10297 0.978743 0.177369 0.34729 0.918224 0.190407 -0.146167 0.975344 0.165347 -0.844487 -0.529597 -0.0797998 -0.77161 -0.579245 -0.262856 -0.909104 0.0371503 -0.414909 -0.585463 0.786925 -0.194889 -0.575096 0.78759 -0.221284 -0.395776 0.828459 -0.396254 0.265473 0.924823 -0.272446 0.563552 0.813858 0.141579 0.552595 0.81968 -0.150876 0.215419 0.952 0.217464 0.0498466 0.972666 0.226794 -0.0257495 0.98548 0.167828 -0.113136 0.969844 0.215876 -0.319356 0.922862 0.215261 -0.981974 0.041774 0.184343 -0.979708 -0.069206 0.188106 -0.968669 -0.11763 0.218733 -0.924731 -0.284992 0.252296 -0.890067 -0.381429 0.249585 0.533222 0.8031 -0.265902 -0.932502 -0.221134 0.285552 -0.836038 -0.524786 0.160127 -0.891397 -0.192019 -0.410536 -0.563247 0.623831 -0.541837 0.504478 0.796352 0.333655 0.782946 0.598507 0.169662 0.284576 0.902232 0.324028 0.036559 0.897839 -0.438803 -0.208291 0.938097 0.276747 -0.725116 -0.67722 -0.124819 -0.709123 0.47796 -0.518362 -0.504161 0.652125 -0.566176 0.18039 0.935734 0.303088 -0.3224 0.935907 0.141899 -0.237835 0.966441 0.0970913 0.214728 0.961862 0.16945 0.134117 0.958808 0.2504 0.338146 0.897256 0.283884 -0.449776 0.767895 -0.456114 -0.980533 -0.0109932 0.196045 -0.949582 -0.276347 0.148073 -0.903226 -0.3058 0.301113 -0.919708 -0.351115 0.17566 -0.786102 -0.611691 0.0887565 -0.629975 -0.767446 0.118987 0.587205 0.78958 0.178194 0.766057 0.63521 0.0983161 -0.0156053 0.980775 0.194515 -0.0562261 0.980129 0.190226 -0.0222969 0.978871 0.203258 -0.222522 0.942329 0.25 -0.237675 0.934509 0.264959 0.438254 0.879644 -0.184826 -0.916407 -0.378759 -0.129382 -0.953689 0.0812913 -0.289602 -0.987412 -0.0415052 0.152628 -0.955378 -0.14678 0.256336 -0.931548 -0.356195 0.0731035 -0.763121 0.492933 -0.417927 0.382809 0.923659 0.0176461 -0.310776 0.948341 0.0637716 0.778266 0.627324 -0.0276901 -0.997005 -0.032226 0.0702977 -0.941207 -0.334783 0.0452791 -0.523233 -0.852068 0.0143922 0.835909 0.547296 0.041507 0.266909 0.963506 -0.0203763 -0.00971232 0.943627 -0.330868 0.0327912 0.998387 0.0463449 -0.00214043 0.998256 0.0589937 -0.0574436 0.997054 0.0508229 -0.397589 0.917396 0.0175296 -0.328608 0.944159 -0.0240995 -0.976677 -0.203224 0.0693045 -0.954075 -0.294328 0.0557774 -0.9373 -0.338283 0.0838663 -0.651912 -0.758012 -0.0206758 0.679609 0.733449 0.013551 0.416225 0.906607 0.0694317 -0.0800973 0.995556 0.0495311 -0.365243 0.930719 0.0189721 -0.00349149 0.99898 0.0450221 -0.22585 0.940802 -0.252753 0.262611 0.955059 -0.137467 -0.997729 0.00742027 -0.0669473 -0.829797 -0.554544 -0.0625961 -0.592593 -0.805469 0.0072253 -0.261792 0.956705 0.1272 -0.298093 0.950776 0.0846526 -0.423161 0.90496 0.0445334 -0.895116 -0.444558 0.0337082 -0.775414 -0.626008 -0.0827483 -0.590458 -0.806527 -0.029549 0.297685 0.947565 0.116205 0.185603 0.982519 -0.0144348 0.228256 0.972966 0.0351616 0.353131 0.926341 0.131116 0.700385 0.71348 -0.020178 -0.235152 0.970943 0.0444213 -0.321461 0.932037 0.167242 -0.947983 0.318299 0.00378502 -0.821437 0.519021 -0.236345 -0.914688 -0.355532 0.192206 -0.571658 -0.819858 -0.0322581 0.528749 0.848526 -0.0207225 0.814482 0.580094 0.010504 -0.553169 0.798234 -0.238384 -0.45584 0.884081 -0.10301 0.235594 0.969705 0.0645617 0.315776 0.948682 -0.0169659 -0.809449 -0.576109 0.113534 -0.985526 -0.114221 0.12527 -0.985347 -0.168788 0.024532 -0.891376 -0.45291 -0.0179455 -0.88075 -0.458951 -0.116807 -0.031407 0.996337 -0.0795409 -0.984209 -0.094037 -0.149965 -0.958216 -0.264293 0.109416 -0.747078 -0.64796 -0.148398 0.70381 0.695482 -0.144764 0.757866 0.645976 -0.0914004 -0.0934867 0.995579 -0.00913978 -0.0558704 0.984196 -0.168039 0.0100642 0.999947 -0.00226327 -0.314116 0.943936 -0.101572 -0.271994 0.947967 0.165464 -0.414875 0.898893 -0.140965 0.0649313 0.985191 -0.158693 0.49505 0.836703 -0.234208 -0.764155 0.631892 0.129538 -0.537437 0.834572 0.12104 -0.114949 0.9921 -0.0502532 0.380296 0.914337 -0.139148 -0.0816623 0.995824 -0.0408117 -0.360999 0.906866 -0.217427 -0.66923 -0.699799 0.249824 -0.98262 -0.137813 -0.124362 -0.965123 -0.153015 -0.212426 -0.904403 -0.408897 -0.121898 -0.691519 -0.664674 -0.282861 0.613768 0.737671 -0.2813 0.763375 0.636328 0.111115 -0.106599 0.979485 -0.171013 0.138612 0.931949 -0.33505 0.273773 0.896352 -0.348715 -0.892295 -0.414398 0.17912 0.484728 0.801637 -0.34988 -0.0829088 0.990726 0.10765 0.439437 0.895645 0.0686711 -0.832257 -0.509129 -0.219398 0.00898617 0.972081 -0.234475 -0.0645166 0.969293 -0.237295 -0.918325 0.374757 0.127426 -0.969045 -0.0244064 -0.245674 -0.786498 -0.513653 -0.342901 -0.834177 -0.551437 0.00813582 0.602645 0.780314 -0.16712 0.0510822 0.977828 -0.203083 -0.109765 0.957664 -0.266142 -0.621953 -0.734871 0.270442 -0.993548 -0.00757207 0.113159 -0.822436 -0.375659 -0.427175 0.704128 0.702401 0.104104 0.368953 0.92879 0.0349807 0.335163 0.856681 -0.392126 -0.940821 -0.15621 -0.300755 -0.834748 -0.376106 0.402169 -0.696015 0.717857 -0.0156302 -0.434293 0.897583 0.0757322 0.0347378 0.998676 0.0379479 0.842801 0.532468 0.0785146 0.623329 0.781403 -0.0294972 -0.0646367 0.951233 -0.301625 -0.155175 0.941016 -0.300683 0.286454 0.903823 -0.317882 0.00734761 0.985861 -0.167407 0.431852 0.836268 -0.337877 -0.870558 0.48119 0.102887 0.676665 0.487119 0.552122 -0.861535 -0.356567 -0.361411 -0.926827 -0.368041 0.0744158 -0.260345 -0.852936 0.452461 -0.584946 -0.0514794 0.809437 0.596144 0.779589 -0.191974 0.135774 0.881199 0.452829 -0.988111 0.036853 0.149262 -0.946637 -0.312092 -0.0804842 -0.856986 -0.415395 -0.304997 -0.803797 -0.569593 -0.171679 0.347985 0.907384 -0.235713 -0.786777 0.0962559 0.609686 -0.604166 0.794959 0.054983 -0.308931 0.945132 -0.106237 -0.86546 -0.475769 0.156916 -0.480111 -0.828038 0.289563 -0.991692 -0.0947062 -0.0870499 -0.934943 -0.344409 0.0852253 -0.848153 -0.439245 0.296144 -0.728076 -0.357677 0.584784 -0.572871 0.219467 0.789717 -0.521882 0.177727 0.834297 -0.116858 -0.578231 0.807461 0.307101 0.788606 0.532719 -0.105567 0.443991 0.889791 0.463922 0.865231 0.190137 0.199419 0.881845 -0.427295 0.00281277 0.968375 0.249483 0.750685 0.575513 0.324432 0.383084 0.914408 0.130784 -0.0624459 0.977517 -0.201398 -0.2434 0.939296 -0.241826 -0.822446 -0.304172 0.480689 -0.830385 -0.230028 0.507492 0.174671 0.984407 0.0207892 -0.145773 -0.787782 0.598456 0.309363 0.930948 0.193988 -0.565189 0.181479 0.804753 0.252274 -0.626109 0.737798 0.441162 -0.27717 0.853553 0.730317 0.231182 0.6428 -0.00419307 0.991348 0.131193 -0.140595 0.965576 0.218853 -0.720664 -0.384668 0.576778 -0.87738 -0.179623 0.444905 -0.799215 -0.330705 0.501886 -0.817799 0.285566 0.499657 0.613766 -0.247985 0.74953 -0.449402 0.679882 0.579481 0.0511031 0.770275 0.635661 0.330453 0.755529 0.565665 0.158653 0.832227 0.531251 0.0706045 0.798144 0.598315 0.214749 0.78108 0.586342 -0.840238 0.240178 0.486121 -0.0719273 0.773757 0.629386 -0.22419 -0.540417 0.81098 -0.816767 -0.263414 0.513328 0.087552 0.795266 0.599905 0.338356 0.773006 0.536634 0.226625 0.790409 0.569117 0.132935 0.812835 0.567122 0.0198737 0.807864 0.589034 -0.474241 0.702564 0.530564 0.177806 0.717941 0.673012 -0.487061 0.0836177 0.869356 -0.857985 -0.363714 0.362731 0.0919482 -0.240563 0.966269 0.298388 0.203797 0.932433 -0.199622 0.386058 0.900617 -0.913607 -0.206149 0.350464 0.391367 0.855229 0.339728 0.302669 0.890622 0.339386 0.16839 0.920463 0.352693 0.0347644 0.939477 0.340844 -0.824368 0.433943 0.363471 -0.129348 0.907301 0.400092 -0.0307502 0.937791 0.345835 -0.909751 -0.215488 0.354848 -0.880152 -0.317978 0.352452 -0.905615 -0.247432 0.34444 -0.86142 -0.390407 0.324865 -0.671916 0.721401 0.167659 0.4048 0.896978 0.177671 0.300735 0.896397 0.325624 0.194161 0.92457 0.327828 0.100402 0.938226 0.331136 -0.904445 0.383308 0.187229 0.421443 0.859207 0.290084 -0.198164 0.963063 0.182319 -0.842158 -0.462581 0.277108 -0.972607 -0.200342 0.11789 0.641376 0.754236 0.140587 0.273283 0.952098 0.137205 0.141243 0.966453 0.21452 -0.894092 -0.295093 0.336927 -0.791704 -0.600225 0.113734 -0.674028 0.736489 0.0571865 0.44422 0.895509 0.0270652 0.201241 0.948543 0.244475 -0.792242 -0.602466 0.0968902 -0.922587 -0.34223 0.178078 0.342488 0.932273 0.116486 0.549963 0.830156 0.0915474 0.254239 0.965443 0.0572965 -0.912093 -0.404757 0.0652592 -0.80908 -0.586781 0.03284 -0.881314 0.465785 0.0795586 -0.392927 0.918032 0.053154 0.736303 0.676587 -0.00936834 0.285457 0.958203 0.0190097 -0.824257 -0.565299 0.03221 0.364105 0.931311 0.00938025 -0.992946 -0.0964311 0.0689908 0.231325 0.972834 -0.00907421 0.62723 0.778834 -0.000354481 0.663474 0.748199 0.000467402 0.321521 0.945693 0.0478427 0.159915 0.985315 0.0598459 -0.762559 0.642034 0.0793499 0.500915 0.865488 0.00386492 0.504497 0.863389 0.00643347 -0.14185 0.988545 0.0515427 -0.864152 -0.500171 0.0554208 -0.996444 0.0144603 0.0830049 -0.921349 -0.387503 0.0309563 0.670761 0.741567 -0.0125791 -0.95811 0.283723 0.0390595 -0.762326 -0.000745498 0.647193 -0.613116 -0.132877 0.778738 -0.35641 0.0484632 0.933072 -0.170716 0.108671 0.979309 -0.59773 0.430876 0.676066 -0.0224064 0.00248091 0.999746 -0.599045 0.542125 0.589275 -0.264506 0.203241 0.942725 -0.178063 0.0539509 0.982539 -0.676918 0.393286 0.62218 -0.259586 0.121279 0.958074 -0.713575 0.282856 0.640939 -0.748081 0.248091 0.615489 -0.969654 0.214962 0.116459 -0.852422 -0.488243 0.187072 -0.821786 0.564429 0.0780215 -0.775063 0.620406 0.119892 -0.81229 0.550334 0.19318 -0.876089 0.458516 0.149102 -0.903671 0.397952 0.158153 -0.942739 0.2983 0.149199 -0.879299 0.137534 0.455981 -0.296516 -0.946733 0.125598 -0.832389 0.528052 0.168196 0.51082 -0.655298 0.55646 -0.770261 0.627096 0.115967 -0.93824 0.330236 0.103196 0.516426 -0.732607 0.443386 -0.88461 0.452061 0.11448 -0.77027 -0.432108 0.469006 0.38333 -0.913535 0.136061 -0.564527 -0.711226 0.418889 -0.801423 0.592971 0.0781403 -0.66911 0.568339 0.478835 -0.0962425 -0.634361 0.767023 -0.595261 0.439414 0.672741 0.381705 -0.745409 0.546504 0.263733 -0.768505 0.582962 -0.730648 0.386042 0.563139 -0.763905 0.345045 0.545338 -0.798743 0.231142 0.555502 -0.350456 -0.322466 0.879316 -0.420937 0.12118 0.898959 -0.246769 -0.170102 0.954028 -0.386988 0.3134 0.867191 -0.144705 -0.393841 0.907717 0.472806 -0.684642 0.554725 0.503798 -0.200953 0.840122 -0.618006 0.372589 0.692276 0.302011 -0.731731 0.611031 0.394943 -0.841909 0.367709 0.442831 -0.84608 0.296732 0.472649 -0.778048 0.413817 0.3091 -0.783913 0.538459 -0.661083 0.311082 0.682786 -0.777543 0.420822 0.467264 -0.718461 0.256789 0.646431 -0.741384 0.175701 0.647672 0.196864 -0.751944 0.629146 -0.651419 -0.431228 0.624257 -0.720714 0.130215 0.680893 -0.968748 0.218768 0.116913 0.403671 -0.910585 -0.0887918 0.476252 -0.852884 0.213944 -0.901175 0.416851 0.118827 -0.899454 0.327495 0.289359 -0.91921 0.232647 0.317693 0.231105 -0.942687 0.240691 -0.942272 0.157926 0.295269 -0.740163 -0.627061 0.242802 -0.0870249 -0.962693 -0.256222 -0.906445 -0.291016 -0.306051 -0.901561 0.409579 -0.139399 0.595264 -0.793258 0.128068 -0.84255 0.528006 0.10639 -0.825668 0.564156 0.00033338 -0.844169 0.483837 0.230826 0.475459 -0.795786 -0.375051 -0.858127 0.310358 -0.409017 -0.984416 0.120994 0.127618 -0.628478 -0.562576 -0.537144 0.0689884 -0.910316 -0.408124 0.717175 -0.696888 -0.00254072 -0.942805 0.24365 0.227495 0.286881 -0.934838 0.20923 0.503652 -0.799724 0.326768 0.170325 -0.968302 0.182701 0.083814 -0.970582 0.225712 -0.717127 -0.53471 -0.447006 -0.604416 -0.605909 -0.517257 -0.837996 -0.243433 -0.488367 -0.720688 0.686371 -0.0974884 -0.697963 0.643008 0.315258 -0.759655 0.516368 0.395334 -0.927495 0.311713 0.206367 0.814224 -0.544395 0.201677 0.49901 -0.845724 0.189051 0.389885 -0.913228 0.118339 0.3484 -0.918716 0.18595 0.25309 -0.87275 0.417435 0.0463583 -0.885022 0.463236 -0.884866 0.190719 0.425017 -0.946474 0.0781282 0.313183 -0.497307 -0.765336 -0.408592 0.730849 -0.671689 -0.121214 -0.909665 -0.177634 -0.375441 -0.882583 0.412132 -0.226262 -0.596033 0.802312 0.0322539 -0.939254 0.326469 0.105925 -0.899197 0.384074 0.209602 -0.942627 0.307411 0.130206 0.269094 -0.945723 0.182196 0.26091 -0.897783 0.354841 0.166481 -0.950439 0.262582 -0.905937 0.179909 0.38329 -0.939768 0.170409 0.296305 0.0160591 -0.975257 0.22049 -0.984394 0.0140593 0.175413 -0.0266953 -0.976182 -0.215303 0.461928 -0.879374 -0.115431 -0.690766 -0.563341 -0.45331 0.886353 -0.461915 0.0318171 0.671517 -0.739154 0.0521191 -0.722632 0.687248 0.0741116 -0.897683 0.429237 0.099603 -0.926372 0.349998 -0.139058 0.399628 -0.914032 0.0695954 -0.94825 0.315415 0.0365292 -0.940246 0.33434 -0.0644536 0.336952 -0.941434 -0.0128615 -0.00035489 -0.999985 0.00538443 -0.961332 0.275365 -0.00376922 -0.603841 -0.708069 -0.36608 -0.687575 0.72576 -0.0226575 -0.567591 0.82331 0.00087861 0.889605 -0.451799 -0.0669397 0.685337 -0.717547 -0.124257 -0.772539 0.634639 -0.0203963 -0.883344 0.453668 0.117853 -0.944945 0.315878 0.085441 0.287765 -0.957446 -0.0221231 -0.997871 0.058093 0.0296427 0.0229208 -0.999531 0.0203008 -0.803085 -0.451196 -0.3892 0.852339 -0.518733 -0.0665987 0.769278 -0.615819 -0.170231 0.609069 -0.791194 -0.0551929 -0.0308741 -0.9983 0.0494264 -0.930643 0.320875 0.175906 0.32003 -0.941904 0.101972 0.364641 -0.926943 0.088395 0.356365 -0.923812 0.139912 0.286989 -0.950279 0.120864 0.314797 -0.948438 -0.0369793 -0.940517 0.328136 0.0880572 0.4978 -0.867288 -0.00242819 -0.771475 0.628566 0.0986472 -0.843994 0.530688 0.0777461 0.314484 -0.935084 0.163458 -0.0214491 -0.999769 0.00140448 -0.995741 -0.0374185 -0.0842598 -0.990561 0.0357315 -0.132334 -0.323453 -0.939382 -0.113751 0.190774 -0.981633 0.00163494 0.0122398 -0.995439 -0.0946136 0.202143 -0.975711 0.08442 0.65537 -0.755234 0.0105636 0.697843 -0.68804 -0.199039 -0.630786 0.775612 -0.0231379 0.461618 -0.868284 -0.181636 -0.902329 0.423767 -0.0788974 0.0433871 -0.993814 -0.102232 0.457626 -0.881439 0.116809 0.504865 -0.854327 -0.123439 0.181434 -0.981749 0.0570217 0.0729535 -0.997219 0.0152053 -0.985427 0.169985 0.00628523 -0.979982 0.103091 -0.170317 -0.750471 -0.644781 -0.145092 -0.975029 -0.221534 -0.0155451 0.628166 -0.738757 -0.244222 -0.768127 0.626391 -0.132719 -0.967573 0.231052 0.102067 0.494722 -0.845108 -0.202591 -0.53574 -0.840407 0.0818402 -0.862815 0.500748 0.0692895 0.802279 -0.592 -0.0767107 -0.621248 0.783428 0.017091 -0.638934 0.76313 0.0969306 -0.0526216 -0.989837 -0.132109 0.148278 -0.97734 -0.151061 -0.205509 -0.96455 -0.165557 0.32435 -0.934835 -0.144501 0.0709345 -0.977969 -0.196329 -0.132995 -0.987054 -0.0896479 -0.835766 -0.538077 0.109398 -0.964835 0.246592 0.0910228 -0.258379 -0.965955 0.0130679 0.26532 -0.963304 0.0406326 0.656339 -0.738815 0.152876 -0.922752 0.36049 -0.13629 -0.00328053 -0.966332 -0.257278 -0.0457984 -0.943686 -0.327656 -0.0609046 -0.99368 -0.0942921 0.71335 -0.617075 -0.332189 -0.731991 0.597148 -0.328031 -0.775688 0.481878 -0.407556 -0.975522 0.150504 -0.16033 0.316895 -0.88197 -0.348865 0.107651 -0.977058 -0.183764 0.0626995 -0.977942 -0.199247 -0.976628 0.0654852 -0.20472 -0.982491 0.0303605 -0.183819 -0.978321 -0.0329127 -0.204463 -0.0130046 -0.957218 -0.289077 -0.00319332 -0.95054 -0.310586 0.0814141 -0.935983 -0.342503 -0.346909 -0.902542 -0.255091 0.606413 -0.772866 0.186927 -0.787176 0.369357 -0.493893 0.326084 -0.852509 -0.408531 -0.0922655 -0.950254 -0.297498 -0.75886 -0.649517 -0.047528 -0.987133 -0.149714 0.0561666 -0.735197 0.677768 -0.0107395 0.565599 -0.823792 0.0382841 0.530119 -0.731364 -0.429045 -0.85402 0.323457 -0.407462 -0.0386932 -0.973797 -0.224105 -0.571341 0.786537 0.234368 -0.161285 -0.985629 -0.0502297 0.523035 -0.682872 0.510019 -0.684811 0.703493 0.190083 -0.932438 0.343239 0.112903 -0.944003 0.155581 -0.290952 -0.0415707 -0.974012 -0.222651 -0.803567 0.485093 0.344913 0.274902 -0.954454 0.115958 0.694545 -0.67038 -0.261148 0.56491 -0.707841 -0.424074 0.450709 -0.838123 -0.307265 -0.418603 -0.854241 -0.30829 0.00753704 -0.974788 -0.223004 0.00534373 -0.964453 -0.264199 -0.344648 -0.835273 -0.428411 -0.183187 -0.876946 -0.444306 -0.717935 0.503544 -0.480638 -0.844512 0.429381 -0.320048 -0.879338 0.373874 -0.294928 0.350511 -0.847369 -0.398885 0.0569094 -0.931731 -0.358663 -0.962988 0.0433339 -0.266039 -0.851443 -0.511995 0.113607 -0.526874 -0.847718 -0.0614706 0.181408 -0.942649 0.280184 0.742927 -0.660505 0.108599 -0.553839 0.495121 0.669416 0.594626 -0.757086 0.27063 0.212813 -0.752534 0.62322 0.574712 -0.818018 -0.0235372 -0.884944 0.458479 0.0816708 -0.0315076 0.6158 0.787272 -0.61777 -0.108692 0.778811 -0.782252 0.0992046 0.615013 0.242594 -0.470622 0.84833 0.39389 -0.786597 0.475516 0.379774 -0.920201 0.0948788 -0.336741 -0.888275 0.312367 -0.412808 -0.796508 0.441774 -0.91603 0.353302 0.189913 0.311617 -0.922978 -0.225845 0.0716762 -0.902065 -0.425608 -0.988253 0.132298 -0.0765052 -0.999998 0.00192958 -0.00101383 -0.0476746 -0.994836 0.0896036 -0.288863 -0.955863 0.0536995 -0.855325 0.0326929 0.517059 -0.392904 -0.816334 0.423349 0.716828 -0.514563 0.470513 -0.208776 0.809585 0.54862 -0.0604285 0.588876 0.805961 -0.0319559 -0.0272312 0.999118 -0.759283 -0.160193 0.630736 -0.661559 -0.362044 0.656707 0.0166685 -0.742622 0.669503 0.276039 -0.853495 0.441983 -0.780724 0.312521 0.541111 -0.952826 0.295999 0.0671299 0.216316 -0.930555 0.295424 0.0577086 -0.991532 0.116334 -0.0507221 -0.978898 0.197957 0.605167 -0.0127722 0.795996 -0.454911 -0.580161 0.675625 -0.821387 0.218683 0.526784 0.282516 -0.810783 0.512656 0.107733 -0.820038 0.562078 -0.839462 0.0720757 0.538617 -0.867951 -0.046182 0.494499 0.00157267 -0.853444 0.521182 -0.0904173 -0.847381 0.523231 -0.204169 -0.823256 0.529683 -0.487185 -0.408991 0.771607 -0.400101 0.250029 0.881706 0.0746637 -0.624994 0.77705 0.413971 -0.232156 0.880189 0.300497 0.352145 0.886394 0.00696107 -0.763494 0.645777 0.366495 -0.794266 0.484586 -0.237961 -0.761641 0.602726 -0.294077 -0.792493 0.534298 -0.777112 0.184201 0.601803 -0.786988 0.306968 0.535182 -0.796148 0.168913 0.581048 0.178583 -0.830092 0.528258 0.0733698 -0.826709 0.557825 -0.818155 0.0140695 0.574826 -0.831868 -0.116392 0.542632 -0.0139582 -0.841411 0.540215 0.0116705 -0.0061362 0.999913 -0.832574 -0.348806 0.430296 -0.365394 -0.819986 0.440579 0.242714 -0.898345 0.36615 -0.156979 -0.905613 0.393983 0.411906 -0.812613 0.412302 0.253494 -0.902621 0.347873 0.161501 -0.920133 0.356752 0.103662 -0.943495 0.314755 -0.903189 0.181883 0.388803 0.00662942 -0.938397 0.345494 -0.23186 -0.895029 0.381003 0.853067 0.346993 0.389709 0.873229 0.370244 0.316845 0.363504 -0.886483 0.286379 -0.912805 0.170851 0.370941 -0.888211 0.327957 0.321752 -0.93299 0.0566157 0.35542 -0.150049 -0.92438 0.350724 -0.384904 -0.851789 0.355395 0.767704 -0.51613 0.379791 -0.920987 -0.0745282 0.382397 0.301998 -0.900269 0.313549 0.191325 -0.936755 0.293061 -0.931541 -0.0324149 0.362188 -0.103474 -0.950427 0.293227 -0.28228 -0.918174 0.277983 -0.905683 0.364787 0.216029 -0.853208 0.424395 0.303191 0.399377 -0.868693 0.293036 -0.899688 0.30973 0.307619 -0.920314 0.193265 0.340105 -0.93967 0.079087 0.332815 -0.923254 -0.142033 0.356973 0.0328037 -0.961276 0.273627 -0.395818 -0.871126 0.290635 -0.488525 -0.849282 0.20016 0.893861 0.310705 0.323227 0.842624 0.45054 0.294953 0.954935 0.0406637 0.294017 0.242642 -0.943559 0.225436 -0.344072 -0.920257 0.186389 -0.0345978 -0.982335 0.183904 0.588977 -0.795432 0.142811 -0.723389 -0.666054 0.18188 -0.174898 -0.897912 0.403937 -0.279763 -0.88701 0.367349 -0.424917 -0.821293 0.380687 0.878825 0.332321 0.342388 0.966513 -0.150961 0.207517 0.883861 0.417607 0.210701 -0.0618024 -0.921662 0.383039 -0.979323 -0.150117 0.135614 0.506451 -0.829837 0.234259 0.296568 -0.922701 0.246312 0.149729 -0.913174 0.379071 0.0583775 -0.920846 0.385531 0.233534 -0.97038 0.0618479 -0.878902 0.469221 0.0858057 0.640391 -0.765703 0.0599891 -0.842452 0.465368 0.27149 -0.953246 0.157942 0.257637 -0.30146 -0.924556 0.233061 -0.933587 -0.207466 0.292188 -0.768097 -0.63882 0.044008 -0.929953 0.283632 0.233966 -0.953704 0.248786 0.168978 0.159248 -0.953864 0.254526 -0.973333 0.0354384 0.226644 -0.943369 -0.0375361 0.329614 0.0298347 -0.969958 0.241434 -0.0152535 -0.947621 0.319033 -0.155669 -0.9393 0.305749 -0.252725 -0.950334 0.181646 -0.580266 -0.791308 0.192674 0.851947 0.483893 0.200087 0.752911 0.646224 0.124576 0.600011 -0.798189 0.0536763 -0.955603 -0.156021 0.249961 0.665798 -0.744393 0.0509112 -0.756569 0.649664 0.0744299 -0.888038 0.447591 0.105119 0.362632 -0.91672 0.167696 0.260664 -0.960461 0.0978239 -0.996396 -0.0690111 -0.0493168 -0.99457 0.0726789 -0.0744842 -0.960328 -0.261359 0.0972708 -0.968835 -0.235217 0.0776614 -0.196655 -0.970885 0.136786 -0.00517924 -0.994374 0.105798 -0.00483346 -0.997145 -0.0753624 -0.569892 -0.821179 0.0297987 -0.437617 -0.891235 0.119124 0.94404 0.309141 0.114977 -0.955881 -0.286378 0.0654119 0.304112 -0.951954 0.0360536 -0.965561 0.253674 0.057808 -0.95924 0.27306 0.0727767 -0.11444 -0.990941 -0.0702756 -0.0789685 -0.996814 -0.011258 0.0515684 -0.991459 -0.119794 0.213085 -0.969514 -0.120983 -0.305158 -0.952149 0.0170732 -0.930837 0.363341 0.0390639 -0.958384 0.283204 0.0359805 0.309505 -0.949853 0.0445669 0.00149607 -0.99875 -0.0499616 -0.959836 0.279595 0.0232857 -0.0361519 -0.999325 0.00645291 -0.0585795 -0.998271 -0.00476209 -0.983247 0.17426 0.0534764 -0.985301 -0.135824 -0.103609 -0.281551 -0.959505 0.00891545 -0.976336 0.0327883 -0.213759 -0.949098 -0.313349 0.0320255 -0.97106 -0.237772 0.0225338 -0.993893 -0.104221 0.0362533 0.798282 0.601396 0.0326875 -0.959562 -0.281025 0.0163262 -0.733625 0.679288 0.0190511 0.262019 -0.963891 0.0475346 -0.985013 0.0907765 -0.146658 -0.95805 -0.277411 0.0719965 -0.0926147 -0.989448 -0.111421 -0.278532 -0.959159 0.049334 0.0205765 -0.998987 0.0400191 -0.681391 -0.731775 0.014532 0.664489 -0.74452 0.0643744 0.989878 -0.125354 0.0665365 -0.518933 -0.852915 0.0569622 0.590551 -0.806574 0.0262125 0.395315 -0.918175 0.0261107 0.281803 -0.959122 0.0259427 -0.997051 -0.0336581 -0.0689622 -0.984203 -0.0976197 -0.147696 -0.949436 -0.311533 0.0389596 -0.166058 -0.9742 -0.152836 -0.250837 -0.968019 0.00446248 -0.35274 -0.935199 0.0312819 -0.710303 -0.703885 0.00389165 0.160684 -0.978011 -0.132945 -0.736909 0.675885 0.0120008 0.314958 -0.94751 0.0550075 -0.970738 0.130798 -0.201395 0.267919 -0.962316 -0.0465565 0.0424187 -0.998335 0.0390843 -0.399934 -0.916431 0.0143787 0.881217 0.471145 0.0384637 -0.971131 0.233421 0.04918 -0.940213 0.324028 0.104908 -0.963089 -0.265935 0.0416967 -0.992434 0.122632 0.00605426 -0.968634 -0.237697 0.0724482 -0.348213 -0.930607 0.112775 -0.230693 -0.971216 0.0593296 -0.965296 -0.200167 -0.167738 -0.923751 0.374776 -0.0789119 -0.0302365 -0.990182 -0.136478 -0.287082 -0.957762 0.0165947 0.282593 -0.959174 0.0112785 -0.97762 -0.0763721 -0.196026 0.990478 0.11888 0.0694325 -0.000717286 -0.99831 0.0581055 0.640681 -0.76761 0.0174291 -0.798485 0.601653 -0.0208752 -0.93739 0.34602 0.0396318 -0.212692 -0.977031 -0.0131508 -0.950637 0.304486 0.0598218 -0.999225 0.0319224 0.0230171 -0.989443 0.112494 -0.091363 0.107384 -0.994062 0.017601 -0.273753 -0.959454 0.0671314 -0.959411 0.277119 0.0523086 0.403827 -0.913696 0.0456356 -0.00277876 -0.999498 0.0315457 -0.955436 -0.29356 -0.0310511 -0.975147 -0.160636 -0.152594 -0.96218 0.270748 0.030086 -0.106607 -0.992455 -0.0605681 0.259591 -0.965716 0.00213678 0.77181 0.63521 0.0286064 0.283617 -0.957031 0.0604399 0.270869 -0.961976 0.0351005 -0.994008 -0.101355 -0.0409183 -0.969119 0.246162 0.0145899 -0.953907 -0.293468 0.0627554 -0.970753 -0.231321 0.064252 -0.939544 -0.336932 0.061104 0.369321 -0.926702 0.0694644 0.905552 -0.415963 0.0833654 -0.965376 0.260637 0.0108122 -0.937441 -0.345012 0.0466074 0.236237 -0.970778 0.0422279 -0.0950205 -0.995148 0.0255224 -0.369788 -0.928377 0.0370578 0.839584 0.541244 0.0464085 0.567494 -0.823111 0.0209512 0.0586985 -0.998245 0.00782441 -0.226721 -0.973411 -0.0326892 -0.945214 -0.317961 0.0739704 -0.91606 0.399613 0.0338116 -0.949978 -0.304577 0.069097 0.203028 -0.979028 -0.0168638 -0.249738 -0.968305 0.00416061 -0.639489 -0.768498 0.021557 -0.365112 -0.93003 0.0416904 -0.328463 -0.943321 0.0475112 -0.771968 -0.633505 0.0523238 -0.986283 0.160155 0.0399554 -0.971061 0.232774 0.0534523 -0.953691 0.293129 0.0674494 -0.969384 0.150724 0.193848 -0.999059 -0.0151638 0.0406374 0.305234 -0.948857 -0.0806365 -0.908215 0.418254 0.0144501 -0.905552 -0.417204 -0.0769146 -0.957868 0.187247 0.217779 -0.942345 -0.329949 0.0558436 -0.842264 0.538884 0.0139784 -0.870767 0.48786 0.0613022 -0.373565 -0.915824 -0.147363 0.130649 -0.989311 0.0647653 0.628006 -0.777968 -0.0193284 -0.963283 0.265485 0.0400427 -0.984432 -0.172054 0.035933 -0.928059 -0.372321 0.0091946 -0.909899 0.375244 0.176848 -0.967266 -0.25289 0.0210445 -0.222875 -0.962741 0.153157 0.236922 -0.961274 0.140787 -0.11664 -0.98879 0.0932194 -0.25274 -0.965362 0.0648 0.258939 -0.964882 0.0441896 -0.985669 -0.150529 0.0761424 0.0435354 -0.996959 0.0646329 -0.295795 -0.954533 0.0370336 -0.60065 -0.799285 -0.0190839 -0.867448 0.497514 -0.00358631 -0.251866 -0.96655 0.0484276 -0.925864 0.111207 0.361123 -0.841735 -0.539721 0.0135274 -0.978396 0.130181 0.160603 0.0665124 -0.977272 0.201283 0.20541 -0.899721 0.385109 0.403209 -0.883441 -0.238652 0.366336 -0.92911 -0.0505169 0.280449 -0.958518 0.0509044 -0.879836 0.248935 0.404871 -0.953724 -0.298132 0.0390987 -0.850979 -0.522297 -0.0551384 -0.0442485 -0.87639 0.479565 -0.37948 -0.92115 -0.086478 -0.0764413 -0.929238 -0.361488 -0.953995 0.128598 -0.270842 0.592261 -0.801556 -0.0820598 0.276211 -0.960661 -0.0289563 0.169212 -0.98454 -0.0452621 -0.899373 -0.120762 0.420171 0.0850754 -0.979288 0.183732 -0.949577 0.303246 -0.0796527 -0.0270354 -0.978376 0.205061 -0.978925 -0.163616 0.122215 -0.768201 0.166802 0.618097 -0.83186 0.105788 0.544811 -0.972497 0.0907508 0.21451 0.701746 -0.71118 0.0421301 0.0523773 -0.95667 0.286424 -0.0442942 -0.988047 -0.147652 -0.170783 -0.967516 -0.186403 0.00547558 -0.99905 0.043232 -0.575743 -0.776498 -0.256067 -0.961194 0.215509 -0.17223 -0.976035 0.101842 -0.192311 -0.890007 0.0840686 0.448129 -0.881579 0.181215 0.435866 -0.950774 0.0358592 0.307804 -0.970251 -0.172196 -0.17018 -0.00667853 -0.947485 0.31973 -0.707091 -0.549591 -0.444941 -0.871615 0.451074 -0.191885 0.0862441 -0.983301 -0.160251 -0.947794 -0.294062 -0.123342 -0.275619 -0.941591 -0.193494 -0.529591 -0.840657 -0.113267 0.911082 0.120368 -0.394261 -0.806283 0.547238 -0.224585 -0.924301 0.287172 -0.251397 0.401887 -0.878855 -0.257101 0.240623 -0.938078 -0.249219 0.168848 -0.949301 -0.265176 -0.98397 0.106412 -0.143107 -0.988165 0.0352528 -0.149286 -0.971846 -0.06143 -0.22747 0.0182835 -0.987579 -0.156058 -0.0131661 -0.947702 -0.318884 -0.351521 -0.891444 -0.28594 -0.833303 0.358592 -0.420735 0.554663 -0.735723 -0.388666 0.291525 -0.873255 -0.390435 -0.934858 0.133796 -0.328846 -0.943925 0.0063755 -0.330099 -0.903415 -0.0936878 -0.418407 -0.919997 -0.250026 -0.301815 -0.865832 -0.440718 -0.236861 -0.888528 -0.161309 -0.429532 -0.212093 -0.88937 -0.405016 0.571255 -0.622528 -0.534908 0.210626 -0.900515 -0.380408 0.129225 -0.901608 -0.4128 -0.105367 -0.900999 -0.420831 0.0455987 -0.906918 -0.418831 -0.0197098 -0.919538 -0.392507 -0.442402 -0.681785 -0.582624 0.141177 -0.704538 -0.695482 -0.245465 -0.33669 -0.909058 0.435603 -0.568738 -0.697701 -0.446249 0.127719 -0.885748 -0.716394 0.155231 -0.680208 0.429935 -0.486046 -0.760865 -0.915178 0.0899222 -0.39289 -0.788861 -0.387518 -0.476999 -0.00887677 -0.528593 -0.848829 -0.292533 -0.559621 -0.775402 0.267303 -0.284352 -0.920703 -0.188745 -0.731427 -0.655279 0.464242 0.403422 -0.788498 -0.761044 -0.0607284 -0.645851 -0.504488 -0.761469 -0.407009 0.0014376 -0.743377 -0.668871 0.775525 0.102099 -0.623007 -0.734343 0.212411 -0.644687 0.638752 -0.566021 -0.521168 0.696118 -0.417673 -0.583925 -0.674837 0.475435 -0.564408 -0.65519 0.525615 -0.542638 -0.755394 0.465 -0.461686 -0.867872 0.296969 -0.398257 -0.898342 0.188415 -0.396839 0.522674 -0.730204 -0.440017 -0.59642 -0.641399 -0.482587 -0.518727 -0.702585 -0.487132 0.198097 -0.891869 -0.406605 -0.908624 0.00478952 -0.417587 -0.343244 -0.71801 -0.605512 -0.724078 0.583012 -0.36852 0.145368 -0.959083 -0.242957 0.502146 -0.861825 -0.0714591 -0.487763 -0.862301 -0.136107 -0.245838 -0.896843 -0.367744 0.482787 -0.633748 -0.604384 -0.591137 0.590821 -0.549078 -0.72325 0.662694 -0.194282 -0.272606 -0.892382 -0.359639 -0.971415 0.0620676 -0.229131 -0.564662 -0.779992 -0.269758 -0.814704 0.528337 -0.238994 -0.519015 -0.854152 0.032371 0.0262854 -0.966212 -0.256405 -0.750973 0.290144 -0.593175 -0.832342 0.536786 -0.138082 -0.830397 0.517568 -0.206309 -0.941504 0.239522 -0.237063 -0.935228 0.148167 -0.321552 0.586532 -0.797504 -0.141304 0.360929 -0.913987 -0.185358 0.171529 -0.957761 -0.230807 0.084314 -0.939803 -0.331153 -0.953502 -0.0701914 -0.293101 -0.917431 -0.175032 -0.357329 -0.951631 -0.21093 -0.2234 -0.855043 -0.460134 -0.239121 -0.0124138 -0.895787 -0.444309 -0.0607301 -0.959831 -0.273929 -0.170466 -0.954489 -0.24473 -0.23426 -0.962159 -0.139188 -0.531143 -0.832048 -0.159948 0.560662 -0.7973 -0.223543 0.60939 -0.791908 -0.0390639 0.758546 -0.635356 -0.144673 -0.863082 0.505005 -0.00766303 -0.981784 0.0556072 -0.181684 0.0543078 -0.987342 -0.149018 0.35441 -0.934967 -0.0151711 -0.623757 -0.781391 -0.0188557 -0.0891014 -0.995919 0.0143909 -0.798481 0.601466 0.0258077 -0.955552 0.272766 -0.111884 0.661368 -0.744301 -0.0927794 0.606308 -0.77911 -0.159304 0.315893 -0.944828 -0.0866685 0.20693 -0.978356 -0.000605432 0.138779 -0.988737 0.0560359 -0.971443 0.23397 0.0394435 -0.995386 -0.0410442 0.0867261 -0.98481 -0.169031 0.0397223 -0.0476472 -0.998492 -0.0272587 -0.197404 -0.979597 0.0376968 -0.236887 -0.971402 -0.0161991 -0.666487 -0.745515 0.00181928 -0.111425 -0.993631 0.0168087 -0.696078 -0.693927 0.18423 -0.9979 -0.0546014 0.0348326 0.528031 -0.849052 0.0171364 0.432694 -0.90069 -0.039162 -0.354806 -0.933395 0.0537346 -0.864002 0.501279 0.0471222 -0.713876 0.696352 -0.0739939 -0.998111 0.0501713 -0.0354689 -0.999851 0.0161753 -0.00601296 -0.00199644 -0.998342 -0.0575187 -0.964234 -0.247492 0.0948664 -0.965119 -0.259393 -0.0354985 -0.794646 -0.581829 -0.173243 -0.260512 -0.95945 -0.107652 0.332826 -0.936351 0.111681 -0.498717 -0.865426 0.0481628 -0.492747 -0.870172 -0.000785177 -0.516099 -0.856524 0.00288428 -0.863793 0.49678 0.0840963 -0.762717 0.635204 -0.121565 -0.957289 0.283911 -0.0547074 0.344766 -0.930754 -0.12179 0.0898259 -0.995954 0.00274409 -0.966194 0.254631 0.0404062 -0.999451 0.00450603 0.0328283 -0.999718 -0.0233187 -0.00456917 -0.962557 -0.2451 0.115803 0.00417142 -0.992296 -0.123819 -0.611367 -0.783902 -0.108293 0.398183 -0.902057 0.166564 0.51563 -0.852614 0.0847046 -0.841243 0.527959 0.116491 -0.836185 0.539923 -0.0963209 -0.948948 -0.306268 0.0754808 -0.0329852 -0.999432 0.00687515 -0.343578 -0.920236 -0.187405 -0.247677 -0.968828 0.00529756 -0.217145 -0.889672 0.401661 -0.474409 -0.863352 0.171929 -0.194471 -0.943094 0.26973 -0.885532 0.431452 0.172284 0.550809 -0.827325 0.110193 -0.947941 0.318012 0.0166224 0.542757 -0.832495 -0.111208 0.310279 -0.950529 0.0149239 0.222633 -0.974523 -0.0271941 0.16792 -0.984141 -0.0571761 -0.985892 0.158927 -0.0525322 -0.989427 0.0988818 -0.106099 -0.992679 -0.08065 -0.0899103 -0.989042 -0.145423 -0.0254503 -0.932212 -0.354924 0.0707776 -0.0726013 -0.989512 -0.124883 0.0922151 -0.968307 -0.232117 -0.179898 -0.982058 -0.0565574 -0.286503 -0.958069 0.00446657 -0.441861 -0.896436 -0.0340714 -0.54639 -0.837522 0.00395278 -0.962228 0.15606 0.223074 -0.685387 -0.490613 0.538093 -0.831765 0.554924 -0.0150828 0.498754 -0.862227 0.0883686 0.488659 -0.838948 0.23954 -0.892131 0.441275 0.0968467 0.417186 -0.904863 0.0847296 0.0947926 -0.956812 -0.274819 -0.426603 -0.902346 0.0615003 -0.238929 -0.967037 -0.0880513 -0.861442 0.498057 -0.0992833 0.475621 -0.864796 0.160973 -0.120128 -0.976207 -0.180525 -0.960479 0.272042 -0.0589362 -0.981588 -0.0290344 -0.188789 -0.96854 0.141349 -0.204817 -0.126082 -0.964401 -0.232453 -0.236796 -0.964219 -0.119205 -0.529939 -0.847897 -0.015326 -0.774188 -0.194374 0.602372 -0.147029 -0.961168 0.233534 -0.104024 -0.988447 0.110234 -0.897992 0.439786 -0.0141185 -0.185643 -0.918882 -0.348126 -0.908572 0.361343 -0.209588 0.353471 -0.909123 -0.220349 0.330093 -0.938909 -0.0974152 -0.956153 0.207626 -0.206553 -0.982349 -0.102832 -0.156257 0.393531 -0.908413 -0.141138 0.50996 -0.851926 -0.119008 -0.887726 0.281998 -0.363894 -0.922318 0.24632 -0.297753 0.224562 -0.921435 -0.317062 0.159983 -0.968352 -0.191571 -0.902772 -0.127478 -0.410795 -0.46849 -0.859846 -0.202934 -0.855176 -0.374827 0.35802 -0.478501 -0.850249 -0.219349 -0.303687 -0.881611 -0.361298 0.299599 -0.883326 -0.360522 -0.898122 -0.0448208 -0.437457 -0.750123 -0.66116 0.013525 -0.115565 -0.93666 -0.330626 -0.843787 0.474934 -0.249922 0.460625 -0.77299 -0.436247 -0.814341 0.326583 -0.479784 -0.0597426 -0.883423 -0.464752 -0.144546 -0.882152 -0.448235 0.107944 -0.886162 -0.450628 -0.00278002 -0.868012 -0.496535 -0.393042 -0.828309 -0.399278 -0.426599 -0.822849 -0.375411 -0.0142763 -0.905833 -0.423394 -0.944259 0.164748 -0.285013 0.335994 -0.770006 -0.5424 -0.932813 0.221336 -0.284377 -0.0121837 -0.966892 -0.254897 -0.318328 -0.798444 -0.511033 -0.605708 -0.676121 -0.419499 -0.848274 -0.436115 -0.30039 -0.926907 0.194631 -0.320877 -0.793838 0.443596 -0.415985 0.192273 -0.817938 -0.542226 -0.0340556 -0.951771 -0.304912 0.050849 -0.976722 -0.208394 0.0440189 -0.988195 -0.146744 -0.0745177 -0.975648 -0.206296 -0.196086 -0.841697 -0.503088 0.319579 -0.882775 -0.344351 -0.334091 -0.906919 -0.256674 0.464081 -0.819086 -0.337235 -0.417222 -0.850044 -0.321484 0.121164 -0.949657 -0.288912 -0.858442 0.410329 -0.307745 -0.902042 0.333389 -0.274174 0.347467 -0.901683 -0.257361 -0.0578349 -0.997885 0.0296802 -0.319983 -0.928046 -0.190636 -0.00577916 -0.982275 0.187357 0.193618 -0.951594 -0.238706 -0.304124 -0.863308 0.40275 -0.80456 -0.445546 0.392648 0.278285 -0.895556 0.347185 0.423048 -0.853041 0.305534 0.257913 -0.825799 0.501535 -0.941522 0.170087 0.290873 -0.840806 0.398037 0.366896 -0.819502 0.307463 0.483615 -0.87528 0.218181 0.431605 0.093021 -0.838527 0.53686 -0.161165 -0.455521 0.875515 0.128866 -0.424957 0.895994 0.184563 -0.37897 0.906818 -0.492021 -0.0411338 0.869611 -0.396091 0.188361 0.898683 -0.304061 0.106174 0.946718 0.0477957 -0.281512 0.958367 -0.0707201 -0.000776878 0.997496 0.121368 -0.0506578 0.991314 0.00771111 0.0768216 0.997015 0.999946 0.00785177 -0.00678608 0.996223 -0.000368797 -0.0868277 0.994797 0.0331266 -0.0963397 0.963477 -0.260514 0.0620113 0.996397 -0.0794274 0.0297305 0.920288 -0.383229 0.0787701 0.986439 -0.163494 -0.0143948 -0.732566 0.679803 -0.0348497 0.992122 0.113161 -0.0537397 0.988834 -0.108792 -0.101842 0.604538 -0.780571 0.158878 0.991338 0.038082 -0.125694 -0.614233 0.768538 -0.179075 -0.739639 0.649854 -0.174996 0.894818 -0.412263 -0.171293 0.77953 -0.56436 -0.271719 -0.832906 0.548217 -0.0756681 0.975171 0.215089 0.0527036 0.98357 -0.0634062 -0.169024 0.985279 -0.168352 0.0297018 0.739313 -0.642097 -0.202802 0.752543 -0.624702 -0.20839 -0.556749 0.826005 0.0880126 0.901407 -0.356697 -0.245426 -0.479284 0.782584 -0.397303 0.964157 0.0117468 -0.265072 0.894461 -0.0807009 -0.439803 0.950249 -0.115458 -0.289304 0.71745 -0.594887 -0.362457 -0.0429825 0.993234 0.107886 0.451562 0.892144 0.0130563 0.971983 0.0232209 -0.2339 0.946861 0.00564394 -0.321595 -0.371033 0.809249 -0.455467 0.738212 -0.503556 -0.448859 -0.665457 0.721341 0.191921 0.960657 -0.0921886 -0.261992 -0.601512 0.715942 -0.354416 -0.641601 0.742702 -0.191682 0.7651 -0.639413 0.0759798 0.983727 -0.151305 0.0968948 0.943996 0.310043 0.112898 -0.520619 0.839064 0.157882 -0.630166 0.762318 0.14752 -0.359009 0.931143 0.0639233 0.958006 0.0757847 -0.276553 0.909334 -0.332865 -0.249626 0.788865 -0.366391 -0.493406 0.875186 -0.370791 -0.310746 0.702917 -0.688836 0.17724 0.0703766 0.996106 0.0531049 0.847962 0.526106 -0.0646014 0.956037 0.00896978 -0.293109 0.985754 -0.0422595 -0.162799 0.953726 -0.0516475 -0.29621 0.930915 -0.124951 -0.343198 0.842321 -0.319525 -0.43405 -0.366815 0.884302 -0.288889 -0.389981 0.761387 -0.517884 0.812883 -0.476641 -0.334716 0.799614 -0.584889 -0.136099 -0.459968 0.885007 -0.0720612 0.921759 -0.240076 0.304505 0.987317 0.140465 -0.0739889 -0.674377 0.583854 0.45203 -0.718407 0.600261 0.351537 -0.429199 0.89578 0.115615 0.988548 0.0776816 -0.129376 0.965196 0.251412 0.0720375 0.93921 -0.18404 -0.289851 -0.5305 0.845649 -0.0587175 -0.515978 0.819118 0.250625 0.90689 -0.239908 0.346402 0.465645 -0.82063 0.331272 -0.0882885 0.807091 0.583789 0.68729 0.72541 0.0375734 0.984977 0.11907 0.125072 -0.367236 0.906333 0.20904 -0.451139 0.821459 0.348824 0.880453 -0.458577 0.120456 0.76187 -0.335494 0.554074 0.646329 0.116627 0.754094 -0.168021 0.444819 0.879719 0.619606 -0.178544 0.764337 0.853639 -0.463277 0.238064 0.939545 0.325769 -0.105494 0.912334 0.0114989 0.409285 0.933495 -0.099397 0.344539 -0.262 0.918401 0.296472 -0.294615 0.780943 0.550755 -0.326618 0.716483 0.616419 0.0599793 0.687746 0.72347 0.91036 -0.235792 0.340068 0.85907 -0.319708 0.399732 0.750751 -0.387166 0.535234 0.754842 -0.00160148 0.655905 0.500879 0.26326 0.824509 0.189253 -0.465355 0.864655 0.301151 -0.812996 0.498343 0.934993 0.0625495 0.349107 -0.0766774 0.935151 0.345852 0.7648 0.186847 0.616578 0.728809 0.0599233 0.68209 -0.185723 0.744988 0.640703 0.74439 -0.14757 0.651235 -0.352254 0.0470261 0.934722 0.301824 0.493395 0.81576 -0.719008 0.139597 0.680838 0.762363 0.385629 0.519705 0.769857 0.114091 0.627935 0.785791 0.0232678 0.618055 0.820349 -0.0833557 0.565756 0.804297 -0.17693 0.567276 -0.0783385 0.838863 0.538677 -0.176516 0.775004 0.606803 -0.327557 0.762726 0.557634 -0.179789 0.703028 0.688061 0.774927 -0.251765 0.579744 0.752399 -0.339534 0.564458 0.642555 0.333778 0.689721 0.297236 0.649434 0.699919 -0.260886 -0.359425 0.895965 0.234843 -0.550175 0.801347 0.611664 -0.197651 0.76603 -0.247246 0.544795 0.801291 0.332544 0.59159 0.734463 0.864734 0.284757 0.413702 0.885342 0.20101 0.419242 0.892668 0.0846902 0.442687 0.884625 -0.0105631 0.466184 0.923544 -0.116023 0.365522 -0.230649 0.893782 0.384649 -0.299141 0.863767 0.405488 0.859035 -0.344394 0.378751 -0.337649 0.127671 0.932573 0.914924 -0.193558 0.354188 0.889164 -0.270027 0.369422 -0.147936 0.929315 0.338361 -0.124644 0.917951 0.376603 0.8994 -0.0757747 0.430508 0.111493 0.0162235 0.993633 0.921685 0.268615 0.279897 0.944853 0.160062 0.285716 0.954923 0.00858818 0.296728 -0.37404 0.852631 0.364849 0.768663 0.505902 0.391433 0.44681 0.799887 0.400677 0.914068 0.228197 0.335271 0.927208 0.115313 0.356354 0.946368 0.0691176 0.315613 0.936382 -0.0407618 0.348609 0.927345 -0.141961 0.346235 0.904315 -0.254622 0.342611 -0.0740348 0.934314 0.348678 -0.18177 0.925647 0.331871 -0.27115 0.8955 0.352926 0.835703 -0.437067 0.332525 0.719167 0.681785 0.134048 0.875818 -0.327171 0.354827 -0.454956 0.861032 0.227242 0.896343 -0.407491 0.1747 0.96642 0.156943 0.203474 0.0457122 0.979316 0.197105 0.0435613 0.939363 0.340146 -0.1475 0.964358 0.219677 -0.299834 0.907122 0.295345 0.963239 -0.0442575 0.264974 -0.527478 0.829653 0.182877 0.844754 -0.488966 0.21749 0.948117 0.165944 0.271176 0.965343 0.0503905 0.256073 0.963319 -0.0109537 0.268136 0.961586 -0.129699 0.241932 0.926063 -0.297205 0.232545 0.949343 -0.243874 0.198174 -0.0472132 0.952286 0.301534 0.721959 -0.691918 0.00504809 0.686108 0.725769 0.0501539 0.935116 0.263118 0.237333 0.933569 -0.201562 0.296348 -0.238096 0.962388 0.130844 -0.57848 0.815137 0.0302065 0.795418 -0.604785 0.0393129 0.94546 0.320075 0.0604807 0.982154 -0.143676 -0.121374 0.993693 0.0764822 -0.0820107 0.00331575 0.989265 0.146093 -0.014129 0.999521 -0.0275224 0.0198323 0.997757 0.0639319 -0.304948 0.949315 0.0762099 0.766809 -0.641754 0.0124717 0.262693 0.962542 0.0671166 0.941092 0.337617 -0.0190092 0.984953 0.172664 0.00735162 0.980156 0.171454 -0.0994909 0.961386 -0.273237 0.0328542 0.971825 -0.235696 0.00191514 0.0245183 0.978621 -0.204204 -0.24764 0.968647 0.0199563 0.946321 -0.318208 0.0567367 0.936126 0.346324 0.0610516 0.999165 0.0110042 0.0393576 0.0261375 0.99963 0.0074948 -0.0731036 0.98841 -0.133048 -0.00422527 0.994107 -0.108322 -0.25134 0.96587 0.0626393 -0.272799 0.961734 0.0254506 -0.650951 0.758989 0.0141108 0.94826 0.315972 0.031055 0.985212 -0.0481729 -0.164427 0.153109 0.979069 -0.134099 -0.372674 0.927692 0.0223862 -0.402563 0.914584 0.0384557 0.993739 0.110704 0.0150879 0.958884 -0.281726 -0.0342356 0.970002 0.18931 -0.152508 0.964663 -0.25506 0.0661048 0.943539 -0.329018 0.0384827 0.974987 -0.221463 0.0188084 0.979922 -0.19929 -0.00609969 0.0582706 0.986274 -0.154491 0.946426 -0.3203 0.0410563 0.986903 -0.0935166 0.131444 0.998878 -0.0363397 0.0303645 -0.215902 0.976316 -0.0139068 -0.713452 0.700635 0.00984408 0.330258 0.941294 0.0699656 0.953259 0.296754 0.056869 0.970957 -0.232649 -0.0558312 0.996772 0.0027801 -0.0802402 0.921859 -0.375134 0.0972149 -0.142136 0.981094 -0.131349 -0.33785 0.93842 0.0722884 0.944738 -0.326706 0.0270921 0.921137 0.384446 0.0608931 0.289196 0.957256 0.00521376 0.962514 0.262916 0.066644 0.920727 -0.384024 0.0691838 0.993213 0.0635784 -0.0973953 0.964682 0.171979 -0.199529 0.999204 0.0233509 0.0323318 0.958036 -0.286316 0.0138218 -0.32126 0.946108 -0.0408863 -0.0717127 0.97714 -0.200139 0.109406 0.963088 -0.245951 -0.306128 0.951687 0.0240414 -0.284195 0.958766 0.000658694 0.890148 -0.45477 0.0286533 0.719215 -0.69468 0.012267 0.775672 -0.630869 0.0183956 0.971849 -0.231325 0.0447033 0.310648 0.949384 0.0465594 0.105392 0.99413 -0.0244487 0.91999 0.389472 0.0439278 0.9993 -0.0336177 0.0164249 0.986009 0.162433 -0.0374353 0.917802 -0.395786 0.0315068 0.22339 0.973792 0.0427274 0.963289 0.268461 -0.00197404 0.972821 -0.147079 -0.178847 0.979587 -0.127718 -0.155235 0.977845 -0.206842 0.0321896 0.94987 -0.301386 0.083147 0.979307 -0.202378 0.00101114 0.313222 0.943442 -0.108666 0.0114928 0.999931 -0.00252816 -0.253428 0.964748 0.0709662 0.255204 0.964519 0.0676299 -0.285905 0.932324 -0.221428 0.950192 0.310145 -0.0307447 0.989439 0.0756156 -0.123662 0.974733 -0.221821 0.0262884 -0.265156 0.932116 -0.246683 0.154214 0.965738 -0.208729 -0.292545 0.955905 0.0257451 -0.563441 0.826151 0.00297505 0.163377 0.986172 0.0278123 0.945171 -0.252023 -0.207693 0.986757 -0.0856783 -0.137731 -0.0329252 0.993259 -0.111141 -0.152343 0.987197 0.047272 0.394312 0.917365 0.0544033 0.905471 0.420543 0.0571422 0.324565 0.945768 0.0134166 -0.133922 0.934529 -0.329727 0.941309 0.337178 0.0157785 0.983732 0.172043 0.0516898 0.939412 -0.342786 0.00166699 0.463096 0.879664 -0.108326 0.428207 0.894076 -0.131404 0.00282005 0.999297 -0.0373834 0.997715 -0.0495439 0.0459377 -0.30812 0.930933 -0.196024 -0.250841 0.898932 -0.359166 0.962334 0.258393 0.0845406 0.946035 0.32272 0.0294978 0.927577 -0.373128 0.0193773 0.987385 -0.154574 0.034314 0.988429 -0.139111 0.0604657 0.996085 -0.0324909 -0.0822195 0.92833 0.368441 -0.0495501 0.945898 -0.323584 0.0239045 0.969506 -0.235461 0.0679503 -0.313796 0.912494 -0.262464 -0.086428 0.996128 0.0160734 -0.274101 0.961533 0.0179816 0.249452 0.968368 0.00606822 0.961708 -0.264749 0.0708937 -0.199661 0.979366 -0.0312856 -0.114056 0.992628 0.0409925 -0.311021 0.950215 0.0189243 -0.629369 0.777099 0.0034429 0.278739 0.959556 0.0394677 -0.0734316 0.994243 0.0780361 -0.51566 0.85471 -0.059717 0.816694 0.57707 -0.00149787 0.950021 0.299289 0.0888016 0.935472 0.351509 0.0365035 0.996251 0.0861277 -0.00807478 0.353694 0.93409 0.0487538 0.830067 -0.557498 0.01359 0.248638 0.9682 0.0277132 0.984708 -0.0924982 0.147626 0.919084 -0.25722 0.298533 0.923585 -0.127343 0.361627 0.992091 0.0831427 0.0940398 0.305458 0.952203 0.00218227 -0.276062 0.960181 0.0429115 0.832804 -0.553553 0.00409554 0.696464 0.715962 0.0483331 0.730726 0.68267 0.000705133 0.959459 -0.11748 0.256196 0.984927 0.0915662 0.146749 0.906976 0.389174 0.161052 0.955211 -0.289476 0.0614441 0.0719222 0.980758 0.181494 0.452311 0.81873 0.353689 0.491332 0.86124 -0.129841 -0.46165 0.861918 0.209705 0.942887 0.321577 0.0869035 0.959261 -0.279166 0.0434248 -0.021235 0.978282 0.206189 0.24096 0.856618 0.456228 0.304911 0.839583 0.449588 0.330569 0.943655 0.0154858 0.277506 0.960627 0.0136525 -0.331046 0.859193 0.390123 0.837863 0.545778 -0.0105637 0.982475 0.184396 -0.0272326 0.930685 -0.115977 0.346951 0.851128 -0.18176 0.492488 0.802029 -0.205029 0.560993 0.850369 0.0220173 0.525725 0.939549 -0.275525 -0.203307 -0.285167 0.955825 -0.0712672 -0.782126 -0.599327 -0.170545 -0.480282 0.875696 0.0498683 0.316357 0.948583 0.0103805 -0.075302 0.98885 0.128473 -0.145215 0.984726 0.0960553 0.843241 0.51309 -0.160259 0.994058 0.0337118 -0.103502 0.891729 -0.144939 0.428733 0.995756 -0.0115306 0.0913064 0.196594 0.904408 0.378678 -0.0271014 0.999502 -0.0161927 -0.467142 0.872795 -0.141445 -0.609649 0.760072 -0.224984 0.810988 0.520645 -0.266885 0.930232 0.303595 -0.206153 0.914935 0.399243 -0.0591531 0.969686 -0.140018 -0.200262 0.625842 0.768644 -0.132317 0.0488539 0.856817 0.513302 -0.212199 0.963273 -0.164551 0.856854 -0.486866 -0.169596 -0.522775 0.831117 -0.189609 0.807873 -0.535153 -0.246885 -0.926071 -0.211815 -0.312293 0.28485 0.945088 -0.160215 0.949106 0.2125 -0.232468 0.987254 -0.00890916 -0.158903 0.951028 -0.148837 0.270914 -0.091543 0.928872 0.35891 -0.668533 0.633526 -0.389498 0.118631 0.970765 -0.208667 0.942131 -0.0654687 -0.328791 0.123847 0.836001 0.534569 0.0474168 0.998376 -0.0315828 -0.125641 0.90521 -0.405968 0.683241 0.595298 -0.422849 0.927977 0.0302294 -0.37141 0.348629 0.718453 -0.6019 0.222977 0.911221 -0.34635 0.889639 0.246884 -0.384176 0.915464 0.1323 -0.380029 0.914886 0.028205 -0.402726 0.00882434 0.999133 -0.0406944 -0.283848 0.923775 -0.257042 0.577669 0.680289 -0.451116 0.106396 0.950038 -0.29344 0.678083 0.518304 -0.521119 0.887089 -0.146148 -0.437852 -0.022094 0.93237 -0.360829 -0.169433 0.947808 -0.270098 0.582704 -0.576024 -0.573282 -0.473854 -0.211422 -0.854847 -0.646226 -0.55489 -0.523917 -0.623461 -0.247612 -0.741609 -0.29878 0.133736 -0.944905 -0.123144 0.298999 -0.946274 0.247157 0.673385 -0.696754 0.593159 0.485539 -0.642194 0.5515 0.264596 -0.791099 0.489102 0.652555 -0.57875 0.718111 -0.444525 -0.535457 -0.514473 0.472025 -0.715898 0.0719943 0.315717 -0.946118 -0.355784 0.596986 -0.719045 0.57045 -0.184041 -0.800447 0.569156 0.13834 -0.810508 0.379774 0.216347 -0.899425 0.332047 0.756594 -0.563303 0.694128 0.529991 -0.48713 0.888012 0.146552 -0.435841 0.898283 0.0502309 -0.436536 0.894087 -0.0485953 -0.445249 -0.824224 -0.182774 -0.535956 0.860056 0.466566 -0.206446 -0.555564 -0.639931 -0.530883 -0.5416 -0.588101 -0.600672 -0.45235 -0.642019 -0.619024 0.877196 -0.237602 -0.417221 -0.593694 0.334719 -0.731772 0.00248983 0.726535 -0.687125 0.100539 0.928825 -0.356619 -0.122033 0.923663 -0.363256 -0.216162 0.911877 -0.348932 0.366301 0.853989 -0.369495 -0.583867 0.623673 -0.519741 -0.595384 0.527138 -0.606337 -0.184582 0.741881 -0.644625 0.216152 -0.615646 -0.757798 0.607515 -0.405053 -0.683269 0.662939 -0.13357 -0.736662 0.711763 -0.116828 -0.692636 0.865716 0.0224901 -0.50003 -0.862921 -0.494596 -0.103647 0.725467 0.570745 -0.384641 -0.447228 0.649934 -0.61447 0.466641 0.878538 -0.102067 0.0996089 0.950155 -0.295438 0.886384 0.272852 -0.373999 0.86916 0.491536 -0.054333 0.701532 0.673323 -0.233428 -0.307219 0.886729 -0.345439 0.578842 -0.65005 -0.492318 -0.707793 0.55105 -0.442011 -0.633691 0.764144 -0.120496 -0.519422 0.851509 -0.0716407 0.659529 -0.65426 -0.370088 0.88029 -0.377147 -0.287837 -0.175554 0.951558 -0.252424 0.390745 0.669403 -0.631837 0.894435 0.0684471 -0.44193 -0.898753 -0.390135 -0.200096 -0.943396 -0.0970007 -0.317168 0.504115 0.863258 0.0255904 0.349477 0.927306 -0.13405 0.212816 0.947312 -0.239393 0.590049 0.788651 -0.172836 0.132356 0.972993 -0.18912 0.844514 0.50968 -0.164388 0.939698 0.318512 -0.12457 0.928565 0.148396 -0.340215 0.960306 -0.00241153 -0.278938 0.8713 0.489463 0.0355391 0.938139 -0.145547 -0.314182 0.864729 -0.475657 -0.161227 0.0213634 0.979263 -0.201464 -0.0767664 0.955002 -0.286494 -0.158326 0.938691 -0.306254 -0.210848 0.951451 -0.22424 -0.368561 0.923132 -0.109498 -0.761698 0.647855 0.0100242 -0.512542 0.858416 0.020528 0.882252 -0.413647 -0.224783 -0.788907 -0.61011 -0.0734269 -0.821516 -0.570039 0.0129214 -0.736258 0.573097 -0.359838 -0.249749 0.951742 -0.17836 0.975623 0.192167 -0.105978 0.798763 0.598015 -0.0659983 0.957713 -0.252112 -0.138653 0.758881 -0.650682 -0.0267012 0.774413 -0.626033 -0.0914773 0.460902 0.847816 -0.262254 0.847705 0.530065 -0.0206801 -0.985298 -0.11055 -0.130252 0.212164 0.976969 0.0227518 0.991291 0.121318 0.0512244 0.998046 0.0230538 -0.0580789 0.993883 -0.0705937 0.0849272 0.98699 -0.155153 0.0421791 0.926522 0.367432 0.0809377 -0.06058 0.998011 0.0174123 -0.208528 0.977732 0.0235678 0.881494 -0.472148 0.00670933 0.966552 -0.251152 -0.0519638 0.862006 -0.50594 0.031172 0.969888 -0.198623 0.140947 0.956538 0.285245 -0.0605762 -0.353393 0.935195 -0.0228973 -0.530117 0.846352 0.0516106 0.255845 0.966569 -0.0169593 0.996542 0.0811419 0.0178956 -0.851277 -0.523224 -0.0395469 -0.916346 -0.383445 0.115239 0.788956 0.607313 -0.0933795 0.957611 0.277322 -0.0779399 0.968028 0.225378 0.110123 -0.687006 0.726324 0.0218037 -0.000558608 0.968345 0.249615 0.994042 0.00426864 0.108913 0.510301 0.859099 0.0392718 0.598534 0.787486 -0.14705 0.297526 0.947501 -0.117137 0.654996 0.754947 -0.0321849 0.972836 -0.221403 0.0676108 0.957958 -0.286218 -0.0198887 0.0532124 0.997791 -0.039775 -0.0218671 0.999482 -0.0236109 -0.0213312 0.9997 -0.0120197 -0.289222 0.956942 -0.0247309 -0.224202 0.971679 -0.0746562 -0.691011 0.710421 -0.133438 -0.585769 0.808706 0.053557 0.814565 -0.577056 0.0590776 -0.833352 -0.546858 0.0804433 0.28582 0.954357 -0.0866546 0.96165 0.26827 0.0571068 0.997005 0.0597403 0.0491232 0.993965 0.00813231 -0.109394 0.866625 0.498825 -0.0115625 0.995982 -0.0654989 0.0610649 0.978623 -0.199381 0.0504349 0.76904 -0.62654 -0.126588 -0.196526 0.979582 0.0423871 0.813302 -0.581837 -0.00222763 0.913386 -0.387732 0.124059 0.198529 -0.939389 0.279527 0.643203 -0.685905 0.340329 0.88133 -0.283931 0.377678 -0.816731 -0.576198 0.0307565 -0.986611 -0.0731554 0.145765 0.455756 0.880309 0.131692 0.542312 0.834564 -0.0969599 0.265817 0.96401 0.00504262 0.800719 0.598367 -0.0283789 0.878115 0.390879 -0.275912 0.975457 0.220079 0.00692439 0.995248 -0.0862468 -0.0452051 0.987698 0.0717296 -0.138953 0.940752 -0.328552 -0.0838997 -0.0398657 0.995103 -0.0904508 -0.335967 0.941335 0.0318496 -0.526914 0.844054 -0.0996708 -0.653279 0.75167 -0.090656 -0.422632 0.885464 0.193227 0.860728 -0.49578 0.115538 0.905968 -0.408995 0.109292 -0.107823 0.949149 0.295786 0.448684 0.868788 0.209501 0.875913 0.419945 0.237535 0.90505 0.316562 0.28403 -0.70668 0.621228 0.338643 0.532148 0.845766 0.0387044 0.493898 0.85634 0.15082 0.190689 0.981402 -0.0220993 0.327729 0.9446 0.0180445 0.947417 0.318181 0.0340878 0.870183 0.454708 0.189796 0.838359 0.5431 0.0468693 0.837126 0.526844 0.147155 0.951413 -0.307916 0.00103965 0.904647 -0.424233 0.0404845 0.00783201 0.993331 -0.115028 0.840788 -0.509641 0.182598 -0.8714 0.0884804 0.482529 0.433096 0.900722 0.033584 0.249135 0.966964 -0.0539688 0.898343 0.427139 0.102628 0.989556 0.124829 -0.0720949 0.990664 -0.0250488 -0.134006 0.978359 0.067211 -0.195695 0.0623044 0.991942 -0.110315 -0.471417 0.880044 0.0573544 -0.508533 0.836268 0.205064 -0.537788 0.842991 -0.0122356 0.914546 -0.306815 0.263571 0.790709 0.319418 0.522256 0.501598 0.716902 0.484201 -0.396726 0.702729 0.590577 0.299817 0.920427 0.250845 0.500819 0.86553 0.00616063 -0.0207557 0.946691 -0.321475 -0.109792 0.982094 -0.15309 0.28498 0.934259 -0.214351 0.964053 0.242111 -0.109476 0.970385 0.231415 -0.069278 0.95969 -0.0734059 -0.271306 0.851023 0.498392 0.165427 0.979059 0.0413468 -0.199333 0.964267 -0.163536 -0.208434 0.932072 -0.291242 -0.215454 -0.108615 0.982905 -0.148663 -0.203601 0.9755 -0.0833445 -0.289607 0.956481 -0.0356553 0.879606 -0.471182 0.0654298 -0.23347 0.927239 0.292778 0.36922 -0.655617 0.658668 0.653783 -0.510157 0.558844 0.86711 0.438858 -0.235634 0.975019 0.174692 -0.137193 0.972376 -0.107607 -0.207136 0.932628 0.106566 -0.344746 0.948168 0.179684 0.262091 0.836746 0.545113 -0.0520433 0.884755 -0.304935 -0.352455 0.0793612 0.963948 -0.253982 -0.126793 0.922692 -0.364091 -0.268042 0.915937 -0.298686 -0.886168 -0.433649 0.163263 -0.663432 0.264731 0.69984 -0.35931 0.886297 -0.29219 0.148834 0.903702 0.401462 0.331623 0.927111 -0.174617 0.388917 0.89804 -0.205591 0.241901 0.948722 -0.203496 -0.379268 0.660679 0.647811 0.330584 0.932463 0.145693 0.920157 0.236758 -0.311859 0.854745 0.476532 -0.205738 -0.0423349 0.914464 -0.402446 0.0678933 0.926986 -0.368901 0.855756 -0.497049 -0.143611 -0.385662 0.921116 -0.053008 0.383432 0.759638 0.525291 0.883573 0.267629 0.384282 0.876677 0.311585 -0.366542 0.911075 -0.0115108 -0.41208 0.973729 -0.191133 0.123777 0.902866 -0.329778 -0.275824 -0.155897 0.871951 -0.46411 -0.903175 -0.00715681 0.429214 -0.470307 0.866893 -0.16525 -0.00795845 0.998331 0.0572084 0.446665 0.872816 -0.196678 0.999643 -0.012069 -0.0238535 0.672272 -0.739067 -0.0427881 -0.943979 0.315843 0.0956426 0.334339 0.828621 -0.449005 0.303756 0.891806 -0.335281 0.246201 0.859524 -0.447888 0.146491 0.860444 -0.488033 0.992711 -0.0456078 -0.111557 0.8039 0.372719 -0.463493 0.904306 0.0245727 -0.426176 0.877589 -0.196256 -0.437402 -0.0136128 0.882088 -0.470888 0.0688554 0.916938 -0.393044 -0.429624 0.809826 -0.399506 0.804514 -0.421328 -0.418617 0.738962 0.667989 -0.0878928 0.165441 0.986165 0.0103668 0.699547 -0.653839 -0.28832 -0.682603 0.660043 -0.313681 -0.426277 0.790374 -0.439997 0.363988 0.850191 -0.380379 0.496835 0.791407 -0.356132 0.184952 0.930404 -0.31645 0.83307 0.258161 -0.489232 0.95354 0.00928661 -0.301124 0.939934 -0.0876806 -0.329904 0.819515 0.446005 -0.359826 0.956006 0.057588 -0.287638 0.894585 -0.328325 -0.303185 -0.026764 0.984506 -0.173298 0.899422 0.127595 -0.418042 0.553715 -0.65358 -0.515978 0.936498 0.166419 -0.308669 0.86545 -0.0109315 -0.500876 0.920512 -0.211015 -0.328833 -0.0019432 0.862457 -0.506127 -0.229107 0.91595 -0.329463 -0.341601 0.886541 -0.312016 0.171718 0.845212 -0.506092 -0.350239 0.864629 -0.360208 0.274658 0.959512 -0.062448 0.336338 0.869654 -0.361357 0.459462 0.799499 -0.386906 0.276629 0.906869 -0.317906 0.809829 -0.493586 -0.317098 0.956931 0.0852628 -0.277513 0.719482 0.403781 -0.565072 0.798605 0.319135 -0.510277 0.944014 -0.09432 -0.316134 -0.4454 0.839803 -0.310402 0.841265 -0.416983 -0.344092 0.709825 0.624703 -0.325417 0.566914 0.810159 -0.14917 0.933273 0.280573 -0.224231 0.976965 -0.00157298 0.213392 0.989267 0.0191755 0.144852 0.9657 -0.0191281 0.258954 0.876271 0.402476 -0.26488 0.026863 0.968929 -0.245874 0.0468507 0.996554 0.0684464 -0.0553208 0.972696 -0.225392 -0.119079 0.987972 -0.0986513 0.942844 -0.0668343 -0.326463 -0.127658 -0.869105 0.47787 0.531181 -0.811282 0.244271 0.789698 -0.527778 0.312775 0.436108 0.871732 0.223366 -0.406538 0.877455 0.254557 0.172368 0.965644 0.194475 0.314102 0.930628 0.187808 -0.0100606 0.970449 0.241098 0.916723 0.197249 0.347435 0.954081 0.0458175 0.296024 0.859356 0.426293 0.282455 0.916854 0.340201 0.208907 0.941804 -0.206444 0.265304 -0.0372069 0.965211 0.258812 -0.245662 0.921194 0.301747 -0.365282 0.910799 0.192391 -0.426919 0.809174 0.403704 0.920124 -0.341222 0.192199 0.855459 -0.466404 0.225072 0.972525 0.180264 0.147306 0.628665 0.581692 0.516154 0.355277 -0.546051 0.758688 0.633908 -0.028544 0.772882 0.491667 0.180807 0.851806 0.85237 -0.0168336 0.522669 0.557461 -0.20167 0.805336 0.585027 0.252929 0.770565 0.569702 0.233608 0.787951 0.791772 0.0245182 0.610325 0.558156 -0.147555 0.816511 -0.0222016 0.752765 0.657914 0.0111154 0.870834 0.491451 0.0816308 0.814682 0.574134 -0.00199812 0.592886 0.805284 -0.137096 0.450867 0.882 -0.276674 0.657592 0.700731 -0.0553789 0.673548 0.737066 0.25219 0.59546 0.762776 0.163681 0.614003 0.772146 0.11125 0.763716 0.635895 0.701697 -0.300142 0.64617 0.544566 -0.253092 0.799621 0.709758 0.0453235 0.702986 0.0144652 -0.354344 0.935003 -0.0245886 0.0324326 0.999171 0.0898401 0.220175 0.971314 -0.0816633 0.231043 0.96951 0.0785645 0.162356 0.9836 -0.114022 0.14366 0.983036 -0.0362831 0.331056 0.942913 -0.188588 0.639032 0.745702 -0.068652 0.0289864 0.99722 0.107883 0.0442145 0.99318 0.132425 0.0913292 0.986976 0.215521 -0.401541 0.890121 0.119114 -0.169766 0.978259 0.458248 -0.422659 0.7819 -0.0156267 -5.27326e-05 0.999878 0.308365 -0.0689659 0.948765 0.599434 -0.268941 0.753889 0.709661 -0.1756 0.682309 0.121576 -0.161601 0.979339 0.235838 -0.0109617 0.971731 0.395963 0.135523 0.908211 0.258082 -0.0278086 0.965723 0.642892 0.168286 0.747241 0.328148 0.0576113 0.942868 0.286155 -0.128559 0.94952 0.151958 0.326558 0.932882 0.203865 0.599929 0.773643 0.0861328 0.329263 0.940302 -0.14395 0.075534 0.986698 -0.0642718 0.0582862 0.996229 -0.131534 0.262346 0.955967 0.0446536 0.378241 0.92463 0.0387376 0.156923 0.986851 0.168273 -0.0129306 0.985656 0.326933 0.109496 0.938683 -0.0469203 0.858865 0.510049 0.712941 -0.48765 0.503897 0.809963 -0.295672 0.506497 0.860312 0.11781 0.495969 0.427117 0.241713 0.87129 0.480366 0.666966 0.569565 0.158785 0.348781 0.923655 0.0922331 0.00259972 0.995734 0.269711 0.819523 0.505608 0.382822 0.74456 0.54688 0.0274279 0.0247195 0.999318 -0.227533 0.85125 0.472867 0.882048 -0.0864961 0.463151 0.806345 0.337446 0.485734 0.650231 0.502189 0.570093 0.134789 0.86974 0.474747 0.876159 -0.472285 0.0963918 0.956182 -0.283247 0.0740778 0.949736 0.271078 0.156584 0.856316 0.465892 0.222863 0.718965 0.633919 0.28502 0.14818 0.967237 0.206142 0.299176 0.94677 0.118827 0.991228 -0.110702 0.072189 0.995307 0.0571501 0.0780943 0.535773 0.819879 0.201856 -0.151619 0.963448 0.22086 0.974416 0.216174 -0.0614941 0.904674 0.412943 -0.105082 0.811724 0.580215 -0.0667434 0.670568 0.737881 -0.0766217 0.454784 0.890489 0.0141661 0.0314458 0.988152 0.150221 0.959019 -0.277865 -0.0554486 0.994385 -0.0908441 -0.0542718 0.982719 0.0697182 0.171475 0.926141 0.328898 0.184631 0.814104 0.551492 0.181912 0.587861 0.789436 0.176666 0.683012 0.678159 0.271286 0.190232 0.924422 0.330538 0.925586 -0.167003 0.339708 0.338332 0.776157 0.532083 0.732231 -0.0267437 0.680531 0.677837 -0.22486 0.699983 0.70403 0.132357 0.697727 0.64704 0.331012 0.686856 0.538216 0.451447 0.711702 0.416496 0.572052 0.706603 0.241788 0.000298205 0.970329 0.372057 -0.0727022 0.925358 0.346688 0.0971408 0.932937 0.190795 0.381217 0.904583 0.275115 0.278651 0.920144 0.34077 0.176799 0.923373 0.298944 0.103854 0.948603 0.316932 0.0580856 0.946668 0.37989 0.12368 0.916726 -0.802919 -0.589059 -0.0912713 -0.830245 -0.557384 -0.00403896 -0.870619 -0.490035 0.0434478 -0.976983 -0.207556 -0.0492502 -0.829959 -0.50885 0.228562 -0.903333 -0.417494 0.0984307 -0.965131 -0.17875 -0.191234 -0.958446 -0.266031 -0.103001 -0.829558 -0.506904 0.234268 -0.833081 -0.553058 0.0100939 -0.990974 0.0926649 -0.0968748 -0.895225 -0.274438 -0.351078 -0.904845 -0.424694 0.0298485 -0.894374 0.163585 -0.416334 -0.900454 -0.329539 -0.283879 -0.894326 -0.43214 -0.115916 -0.855931 -0.489917 -0.16542 -0.905385 0.0661156 -0.419413 -0.859808 -0.161842 -0.48429 -0.777345 -0.370758 -0.508205 -0.961814 0.0467784 -0.269677 -0.945691 0.0146913 -0.324736 -0.862555 -0.286591 -0.41697 -0.986458 -0.0170417 -0.163126 -0.984238 0.0605907 -0.166147 -0.782798 -0.252563 -0.568717 -0.765712 0.304132 -0.566735 -0.91545 -0.201002 -0.34864 -0.87169 -0.35232 -0.340627 -0.898413 0.279032 -0.33911 -0.868883 -0.307751 -0.387726 -0.253377 -0.952593 -0.168422 -0.967434 0.0265809 0.251725 -0.403434 -0.852731 0.331801 -0.345271 -0.905149 0.247979 -0.0487531 -0.901068 0.430928 -0.943356 0.0182304 0.331282 -0.902766 -0.079287 0.42276 -0.827759 -0.265736 0.494166 -0.784727 -0.404069 0.470034 -0.887192 -0.34361 0.307932 -0.902032 0.300965 0.309448 0.00130037 -0.89516 0.445743 -0.232836 -0.860236 0.453632 -0.208878 -0.492974 0.844599 -0.227386 -0.498706 0.836414 -0.618918 -0.0128703 0.78535 -0.0193059 -0.0348254 0.999207 -0.0628469 -0.0407482 0.997191 -0.329931 -0.292915 0.897411 -0.341833 -0.169378 0.924371 0.0951553 0.0195328 0.995271 0.0164983 -0.00959671 0.999818 -0.0896448 -0.37435 0.922944 -0.310579 -0.321845 0.894403 0.00806203 -0.843217 0.537513 0.11984 -0.786275 0.606144 0.0907158 -0.589169 0.802901 -0.165936 -0.638698 0.751353 -0.0981812 -0.313437 0.94452 -0.0510993 -0.0209482 0.998474 0.206356 -0.344281 0.915908 -0.780358 -0.103198 0.616759 -0.866764 0.00790385 0.498656 -0.782333 0.0771586 0.618064 -0.287604 -0.0373185 0.957022 -0.641789 0.108443 0.759175 -0.318163 -0.167568 0.93311 -0.370279 0.237337 0.898089 -0.095173 0.0569787 0.993829 -0.476533 0.310079 0.822659 -0.00354692 -0.0984619 0.995135 -0.309842 -0.192783 0.931038 -0.0113387 -0.100645 0.994858 -0.206875 0.165702 0.964233 -0.508764 0.0366858 0.860124 -0.104541 -0.184284 0.977298 0.0553988 0.0965836 0.993782 -0.601996 -0.402342 0.689725 -0.388432 -0.634665 0.668073 -0.516212 -0.482021 0.707941 -0.641987 -0.231383 0.730969 0.00815262 -0.0563293 0.998379 -0.629412 0.442679 0.638652 -0.436146 0.477194 0.762931 -0.31424 0.536369 0.783302 -0.158459 -0.841237 0.516925 -0.133297 0.0157843 0.99095 -0.0806158 -0.0816953 0.993392 0.405011 -0.743818 0.531696 -0.51008 -0.685896 0.519004 -0.341108 -0.786085 0.515477 -0.865127 -0.0139691 0.501358 -0.819306 0.268185 0.506769 -0.749131 0.40456 0.524532 -0.64762 0.587413 0.485318 -0.444842 0.740132 0.504302 -0.00930364 -0.865362 0.50106 0.277759 -0.811372 0.51432 -0.644231 -0.566431 0.513929 -0.786178 -0.375964 0.490485 -0.836629 -0.186734 0.514959 -0.860738 0.126058 0.493194 0.0859205 -0.892593 0.442601 0.559776 -0.658863 0.502543 -0.276851 -0.857836 0.432978 -0.436715 -0.783453 0.442134 -0.7984 -0.440317 0.410706 -0.913371 -0.30183 0.273226 -0.961613 -0.0651248 0.266568 -0.591216 0.702549 0.396093 -0.101817 -0.912656 0.395845 0.261599 -0.959459 0.104904 -0.632973 -0.766738 0.107039 -0.851892 0.308787 0.423001 -0.72909 0.507796 0.458881 -0.511381 0.851915 0.112831 -0.32064 0.941445 0.104268 0.431672 -0.82059 0.374554 0.597321 -0.796183 0.09644 -0.278522 -0.942321 0.185624 -0.756229 -0.646844 0.0985485 -0.413676 -0.898579 0.146387 -0.986369 0.12197 0.110448 -0.884983 -0.442343 0.145387 -0.920608 0.3477 0.177724 -0.782462 0.552054 0.288081 -0.692878 0.709184 0.130296 -0.104738 -0.986726 0.124103 0.0654953 -0.988815 0.133997 0.449097 -0.886908 0.108197 0.752731 -0.651714 0.0930837 -0.221441 -0.956491 0.189972 -0.956411 -0.271806 -0.10677 -0.99375 -0.0808554 -0.0769612 -0.903722 0.416766 -0.0979377 -0.824903 0.56208 -0.0600048 -0.203225 0.977753 -0.0519481 -0.0568595 -0.985121 0.162181 -0.399085 -0.916446 0.0292808 -0.876859 -0.480718 -0.00526336 -0.756971 -0.653444 -0.00251954 -0.584461 -0.811257 -0.0163745 -0.999531 0.0240885 -0.0188844 -0.984393 -0.152979 -0.0869988 -0.964594 0.263664 0.00628015 -0.95695 -0.287893 -0.0369452 -0.752148 0.643525 0.141948 -0.643306 0.742532 0.186558 -0.501671 0.865044 0.00495361 -0.340506 0.912095 0.228337 -0.133472 0.961144 0.241636 0.153016 -0.938312 0.310092 0.412008 -0.910823 0.0255092 0.589965 -0.785569 0.186609 0.753388 -0.62839 0.193733 0.876333 -0.448413 0.175971 -0.308454 -0.75834 0.574262 -0.638107 -0.680348 0.360481 -0.482251 -0.711883 0.510544 -0.72612 -0.511972 0.458949 -0.906902 -0.143214 0.396255 -0.822183 0.00241622 0.569219 -0.835483 0.169326 0.522778 -0.863259 -0.337342 0.375479 -0.826549 0.454081 0.332607 -0.41189 0.673668 0.613611 0.306778 -0.760572 0.572203 -0.52875 -0.486699 0.695376 -0.268355 -0.353039 0.896297 -0.605409 -0.305219 0.735065 0.462008 -0.546139 0.69877 -0.679052 -0.157381 0.717021 0.622703 -0.389226 0.678781 -0.61261 0.262011 0.745694 -0.540844 0.470191 0.69743 -0.175877 0.657323 0.732799 -0.0530661 -0.701543 0.710649 0.0747766 -0.45986 0.884837 0.0185052 0.764257 0.644646 -0.344117 -0.262222 0.901567 -0.151709 -0.398375 0.904589 -0.423705 -0.0995211 0.900316 -0.44719 0.0345244 0.893772 -0.406466 0.128824 0.904539 -0.344351 0.231113 0.90995 -0.257258 0.307163 0.916225 -0.14289 0.332783 0.932115 0.00177698 -0.341139 0.940011 0.228981 -0.457941 0.858986 0.25927 -0.314082 0.913308 0.292322 -0.189585 0.937339 -0.0400054 0.409763 0.911314 0.0734497 0.418581 0.905204 -0.306203 -0.286372 0.907871 -0.257041 -0.407806 0.876142 -0.0996751 -0.512097 0.853125 -0.430553 -0.185372 0.883324 -0.506137 0.104771 0.856065 -0.692019 -0.048481 0.72025 -0.412346 0.271329 0.869685 -0.311335 0.415141 0.854827 -0.197274 0.533048 0.822765 -0.110359 0.223032 0.968544 0.0227986 -0.291673 0.956247 0.0491932 -0.674133 0.73697 0.0955101 -0.488498 0.867322 0.114796 -0.225237 0.967517 0.223374 -0.462503 0.858018 0.332325 -0.371613 0.86687 0.236874 -0.124619 0.963515 0.6077 -0.327605 0.723447 0.790984 -0.222079 0.570109 0.352551 -0.0582443 0.933978 0.9156 -0.0723238 0.395533 0.768619 0.0420895 0.638321 0.72941 0.196785 0.655162 -0.0234616 0.378113 0.925462 0.158152 0.413191 0.896806 0.499207 0.211705 0.840222 0.314577 0.261505 0.9125 -0.719113 -0.572239 0.394233 -0.442515 -0.834189 0.329103 -0.607626 -0.753399 0.251359 -0.217259 -0.923293 0.316748 -0.814011 -0.309523 0.49151 -0.932765 0.0726774 0.353082 -0.879497 0.36293 0.307842 -0.657649 0.580573 0.480035 -0.563271 0.769186 0.301793 -0.310924 0.831362 0.460612 0.0963262 -0.978778 0.180873 0.380719 -0.880416 0.282702 0.657959 -0.712045 0.245118 0.832983 -0.531954 0.152201 0.992994 0.0861837 0.0808436 0.938695 0.316618 0.136398 0.0093952 0.766528 0.642142 0.214986 0.923909 0.3165 0.475601 0.787148 0.392686 0.67508 0.619893 0.400001 0.857686 0.459289 0.231147 -0.838655 -0.456341 -0.297339 -0.934108 -0.280203 -0.221196 -0.966246 -0.0661151 -0.248991 -0.793663 0.561178 -0.234901 -0.473685 0.845923 -0.245024 0.262953 -0.87294 -0.41089 0.927972 -0.314247 -0.200293 -0.276162 0.949318 -0.1501 -0.0519233 0.996548 -0.0647735 -0.44622 -0.834737 -0.322649 -0.212235 -0.855349 -0.472582 -0.591659 -0.71495 -0.372541 -0.701967 -0.587591 -0.402466 -0.878157 0.182234 -0.442303 -0.78704 0.397549 -0.471723 -0.557497 0.690934 -0.460226 0.0704498 -0.886695 -0.456956 0.484004 -0.761918 -0.430374 0.647806 -0.622866 -0.438618 0.793064 -0.510108 -0.332924 0.891153 -0.0933979 -0.443986 0.868705 0.133737 -0.476934 0.553951 0.71306 -0.429748 0.712261 0.569893 -0.409764 0.0492503 0.842885 -0.535835 0.334102 0.831683 -0.443486 0.799361 0.414208 -0.435263 -0.533669 -0.700259 -0.474167 -0.328621 -0.670742 -0.664916 -0.746703 0.531018 -0.400568 -0.292107 0.700679 -0.650939 -0.140311 0.760972 -0.633431 -0.134155 -0.876251 -0.462803 0.64384 -0.368788 -0.670422 0.715087 -0.16807 -0.67853 0.856076 0.185395 -0.482455 -0.402991 -0.895798 -0.187468 -0.830626 -0.407307 -0.379686 -0.695346 -0.595287 -0.40265 -0.922789 -0.125002 -0.364466 -0.898649 0.144078 -0.414333 -0.832073 0.370754 -0.412548 -0.587851 0.6914 -0.419997 -0.366432 0.912528 -0.181717 0.0966888 -0.897198 -0.430913 0.304976 -0.86004 -0.409049 0.583879 -0.733279 -0.348407 0.774769 -0.481841 -0.409344 0.849879 -0.278924 -0.44711 0.884511 -0.0599743 -0.462648 -0.134435 0.96649 -0.218688 0.133336 0.86859 -0.477255 0.446584 0.797768 -0.405128 0.857095 0.463372 -0.22511 0.635334 0.63393 -0.441002 -0.614094 -0.770053 0.172936 -0.790843 -0.565833 0.23324 -0.910071 -0.345131 0.229467 -0.866402 -0.131754 0.481652 -0.978378 0.0598763 0.197968 -0.944728 0.27714 0.175166 -0.853091 0.453881 0.257347 -0.74206 0.640092 0.19907 -0.520856 0.836201 0.171688 -0.174635 -0.96955 0.171682 0.0979101 -0.976219 0.193416 0.402548 -0.900906 0.162247 0.673179 -0.682019 0.285797 0.803539 -0.530027 0.27092 0.890346 -0.304998 0.338024 0.975694 -0.0786755 0.204529 0.975252 0.195312 0.103613 0.069202 0.98303 0.169893 0.588489 0.795112 0.146549 0.318096 0.947863 0.0192291 0.722407 0.639445 0.263132 -0.333074 -0.633462 0.698418 -0.490234 -0.515509 0.702795 -0.590081 -0.359311 0.72298 -0.548361 -0.22407 0.805663 -0.704164 0.103368 0.702473 -0.638288 0.254714 0.726436 -0.460527 0.341724 0.819231 -0.447646 0.532918 0.718061 -0.224016 0.785239 0.577249 -0.12758 -0.740303 0.660057 0.137796 -0.737827 0.660775 0.427916 -0.710883 0.558152 0.579285 -0.0340644 0.814413 0.782176 0.19248 0.592582 -0.0493844 0.747404 0.662532 0.286034 0.759797 0.58386 0.476574 0.564707 0.673783 0.685618 0.403715 0.605758 -0.244058 -0.236606 0.940454 -0.0491565 -0.341512 0.938591 -0.333522 -0.284608 0.898756 -0.192852 -0.374747 0.906848 -0.449326 -0.189538 0.87303 -0.419536 -0.0171556 0.907577 -0.428484 -0.00457079 0.903538 -0.332854 0.102972 0.937339 -0.418302 0.242969 0.875208 -0.305229 0.34909 0.885986 -0.183237 0.380041 0.906638 -0.0833151 -0.297117 0.951199 0.0656138 -0.354868 0.932611 0.138684 -0.450228 0.882078 0.31826 -0.418408 0.850673 0.491953 -0.332296 0.804712 0.523288 -0.145703 0.839607 0.42456 0.0550219 0.903726 -0.146561 0.367898 0.918243 0.069252 0.454604 0.887998 0.267272 0.408552 0.872726 0.379832 0.235322 0.894623 -0.501185 -0.769585 0.395667 -0.661002 -0.60283 0.446846 -0.845861 -0.289555 0.44797 -0.897105 0.104661 0.429242 -0.836064 0.332866 0.436117 -0.710544 0.611335 0.348422 -0.510534 0.732079 0.451016 0.0249465 -0.897747 0.439805 0.154569 -0.342961 0.926545 -0.253027 -0.923781 0.287413 0.356508 -0.782026 0.511212 0.543049 -0.671832 0.503725 0.383514 -0.351484 0.854035 0.721353 -0.124413 0.681301 0.452165 -0.0109033 0.891868 0.41329 0.0397032 0.909733 0.836712 0.0769534 0.54221 -0.225359 0.860022 0.457795 0.426547 0.493859 0.757734 0.588155 0.353564 0.727369 -0.00353608 0.384073 0.923296 0.125296 0.831525 0.541172 0.301881 0.583628 0.753821 -0.299289 -0.864553 -0.403701 -0.559558 -0.746157 -0.360755 -0.761164 -0.509541 -0.401245 -0.890239 -0.319029 -0.325108 -0.983188 -0.135869 -0.12199 -0.943587 0.172438 -0.282681 -0.809109 0.42696 -0.403791 -0.671903 0.675565 -0.303576 -0.419282 0.882509 -0.213027 0.00732245 -0.931873 -0.362711 0.367445 -0.874473 -0.316671 0.654312 -0.670381 -0.34995 0.84954 -0.515447 -0.112235 0.904799 -0.300154 -0.30207 0.979779 -0.0634112 -0.189768 0.968593 0.164561 -0.186406 0.907708 0.344584 -0.239431 0.614425 0.788267 -0.0334221 0.198055 0.939781 -0.278544 0.792352 0.556857 -0.249175 -0.159485 0.924212 -0.346982 -0.758107 -0.0114335 -0.65203 -0.687792 0.199614 -0.697923 -0.582409 0.440066 -0.683478 -0.393135 0.658169 -0.642073 0.760839 -0.103864 -0.640575 0.789119 0.132799 -0.599713 0.340747 0.714064 -0.611558 0.558851 0.613048 -0.558443 -0.61674 -0.684151 -0.38932 -0.724471 -0.667981 -0.170128 -0.405464 -0.790692 -0.458699 -0.171204 -0.766492 -0.619014 -0.839294 -0.391735 -0.377 -0.754716 -0.227734 -0.615257 -0.812889 -0.0121868 -0.582291 -0.7952 0.328495 -0.509655 -0.554598 0.666812 -0.497778 -0.40542 0.825497 -0.392669 -0.243969 0.865154 -0.438163 0.103894 -0.943922 -0.313398 0.153691 -0.923418 -0.351678 0.268359 -0.742275 -0.614012 0.547661 -0.750706 -0.36947 0.754818 -0.564242 -0.334484 0.798097 -0.430311 -0.421751 0.890834 -0.300046 -0.341155 0.928904 0.0122731 -0.370117 0.493868 0.79508 -0.352054 0.638961 0.624146 -0.449634 -0.0154222 0.920847 -0.389618 0.292034 0.95122 -0.0994777 0.954979 0.278496 -0.102248 0.83052 0.461745 -0.311493 0.840117 0.537556 -0.0723704 -0.976356 -0.215336 -0.0189772 -0.543964 -0.83899 -0.0140694 -0.989956 -0.140848 -0.0121767 -0.999859 0.0156342 0.00617606 -0.986212 0.128202 -0.104647 -0.955125 0.293894 -0.0369005 -0.759909 0.574751 -0.303644 -0.214327 -0.974922 -0.059925 -0.144527 -0.988609 0.0419977 0.330089 -0.898031 -0.29083 0.370058 -0.923681 -0.0993526 0.671323 -0.678642 -0.297942 0.983009 -0.140237 -0.118437 0.983355 0.16716 -0.0712137 0.151341 0.976455 -0.153723 0.431774 0.889767 -0.147935 -0.413322 -0.873905 0.25584 -0.690116 -0.677582 0.254212 -0.895 -0.375911 0.240136 -0.861692 -0.41699 0.289148 -0.884924 0.400781 0.237244 -0.79176 0.579085 0.194364 -0.656487 0.718368 0.230157 -0.589097 0.804227 0.0786359 -0.442933 0.864306 0.238296 -0.286626 0.950992 0.116016 0.089154 -0.981275 0.170736 0.131986 -0.966486 0.220191 0.291924 -0.93723 0.190739 0.429732 -0.871194 0.237384 0.565496 -0.809075 0.160038 0.688726 -0.691528 0.21782 0.80038 -0.573412 0.174905 0.869372 -0.462435 0.174202 0.930791 -0.304612 0.20209 0.975656 0.00973001 0.219092 0.583627 0.792111 0.178718 0.704299 0.687893 0.175406 -0.173075 0.96256 0.208622 -0.0248907 0.986163 0.163899 -0.796697 -0.563192 0.219293 -0.54019 -0.8127 0.218436 -0.922137 -0.301459 0.242459 -0.975537 -0.00143758 0.219831 -0.767127 0.599548 0.228162 0.00369608 -0.980075 0.198592 0.308432 -0.934908 0.175547 0.563864 -0.799518 0.206953 0.841671 -0.480423 0.246543 0.979345 -0.0128398 0.20179 0.942344 0.159909 0.293966 0.589839 0.758076 0.278229 -0.298661 0.933656 0.197707 -0.147002 0.957872 0.246721 0.425214 0.871044 0.245917 0.254874 0.945558 0.202384 0.818968 0.523774 0.234419 -0.899071 0.330984 0.286568 -0.570255 0.7792 0.260109 -0.28066 -0.937387 0.206242 0.792688 -0.572983 0.208176 0.929841 -0.29277 0.222892 0.963526 -0.093547 0.25073 0.711326 0.65741 0.248651 0.0585901 0.973527 0.220936 0.934397 0.281004 0.218949 -0.701678 -0.707413 0.0849485 -0.562556 0.826079 0.0335296 -0.991515 -0.123964 0.039128 -0.436053 -0.898708 0.0467052 0.156291 -0.987087 0.0351136 0.423583 -0.902543 0.0774172 0.705418 -0.707294 0.0460551 0.989732 -0.14293 0.000879722 0.988282 0.152569 -0.00463672 0.458517 0.888196 0.0295058 -0.886945 -0.457469 0.0636423 -0.984696 0.170268 0.0371777 -0.885777 0.462519 0.0384022 -0.103269 -0.994511 0.0168483 0.898428 -0.438963 0.0117505 0.162238 0.986675 0.0123198 0.887129 0.461281 0.014935 -0.695254 0.717084 0.0491219 -0.420679 0.904586 0.068947 0.690368 0.72335 0.0125262 -0.121308 0.992519 0.0138277 -0.928573 -0.367671 0.0506945 -0.989455 -0.14091 0.0335012 -0.982084 0.187446 0.0193869 0.768763 -0.637308 0.0533178 0.583612 -0.810245 0.0538422 0.890129 -0.448918 0.0783803 0.98691 -0.160767 -0.0127771 0.857639 0.514251 0.00103206 0.459499 0.888111 0.0109394 -0.817489 -0.571896 0.0681714 -0.50937 -0.856418 0.0842007 -0.880061 0.474348 0.022038 -0.580778 0.810212 0.0790747 -0.243695 -0.967728 0.0641534 -0.0275341 -0.999521 0.0141343 0.191575 -0.980629 0.0408113 0.979436 0.201755 0.000295938 0.69235 0.721553 0.00362234 -0.197793 0.979517 0.0377439 0.144565 0.989413 0.0127674 -0.894578 -0.439698 -0.0799744 -0.977558 -0.154948 -0.142728 -0.970161 0.191504 -0.148706 -0.9037 0.415005 -0.105343 -0.488601 0.870611 -0.0574915 -0.0558894 -0.983099 -0.174333 0.392579 -0.912542 -0.114669 0.790938 -0.602086 0.109133 0.959981 -0.226492 -0.164734 0.927637 0.335478 -0.164145 -0.145225 0.969968 -0.195119 -0.652097 -0.751788 0.0979049 -0.532845 -0.844327 -0.0564734 -0.755411 0.652761 0.0570743 -0.294642 -0.952477 -0.0772962 0.187367 0.966657 -0.174552 0.436111 0.894681 -0.0967122 -0.716018 -0.696752 -0.04306 -0.701223 -0.711123 -0.050885 -0.993264 0.113046 -0.0254367 -0.963727 -0.266127 0.0201378 -0.787498 0.612565 -0.067904 -0.715703 0.697327 -0.0387853 -0.347417 -0.936036 -0.0560137 -0.0979488 -0.995127 0.0113671 0.21624 -0.976328 -0.00483888 0.796758 -0.579154 -0.172503 0.944936 0.125678 -0.302159 0.62625 0.776632 -0.0682232 -0.331367 0.843318 -0.423096 -0.0958494 0.97068 -0.22044 0.762717 0.643679 -0.0627676 -0.914413 0.404014 0.0249461 0.471868 -0.880475 0.0458799 0.682301 -0.727931 -0.067685 0.904392 -0.426101 0.0226713 0.983314 -0.178341 0.0358997 0.299488 0.953252 -0.040228 0.915699 0.400823 0.028928 -0.836398 -0.546336 0.0442257 -0.383882 0.92338 0.00214471 0.929647 0.0535636 0.364538 0.686217 0.727391 0.00282538 -0.00264671 0.96075 0.277404 0.504783 0.863096 0.0161177 -0.614195 -0.787563 -0.050096 -0.908322 0.0958793 0.407135 -0.607771 0.794095 -0.00524055 -0.250751 -0.93701 0.24318 -0.0760254 -0.98461 0.157364 0.114289 -0.92192 0.370138 0.680861 -0.73063 0.0510695 0.690662 -0.722722 -0.0256489 0.865764 -0.47321 0.162863 0.929122 0.0635473 0.364272 -0.225808 0.876146 0.425886 0.604976 0.79204 0.0817117 0.817128 0.563204 0.122892 -0.788312 -0.614807 0.0240261 -0.952484 -0.0527099 0.299992 -0.803548 0.593458 0.0460296 0.769935 -0.626933 0.118975 0.971646 -0.088997 0.219052 -0.172916 0.941042 0.290759 0.080414 0.969368 0.232077 0.635608 0.766061 0.0956749 -0.570556 -0.810637 0.131657 -0.631698 -0.773736 -0.0478614 -0.928373 -0.286867 0.236286 -0.901384 -0.376884 -0.213226 -0.998311 0.0331054 -0.0477334 -0.91215 0.303802 0.275113 -0.917464 0.368765 0.149238 -0.62779 0.77311 0.0904465 -0.401995 0.87372 0.273884 -0.239883 -0.946443 0.216105 0.26746 -0.963406 -0.0176931 0.600373 -0.798721 0.0399775 0.76894 -0.634845 0.0755183 0.895993 -0.307915 0.319977 0.943548 0.214234 -0.252628 0.928986 0.299604 0.217306 0.304104 0.927147 0.218903 0.774269 0.629416 0.0658946 -0.476629 -0.873101 0.102563 -0.833846 0.159637 -0.52841 -0.951786 0.282893 -0.118643 -0.809694 0.586082 0.0300489 -0.459363 -0.876177 -0.145941 -0.0633018 -0.876718 -0.476821 0.41271 -0.898414 0.150075 0.91309 -0.207812 -0.350829 0.87705 0.479941 0.0209749 -0.361181 0.924156 0.124438 -0.454638 0.890661 -0.00531463 -0.102233 0.943561 -0.315026 -0.783262 -0.420948 -0.457497 -0.959237 0.138671 -0.246241 -0.832883 -0.552793 0.0269317 -0.852722 0.507966 -0.121799 0.466229 -0.811091 -0.353218 0.732727 -0.678806 0.0483082 0.858284 -0.502816 -0.102593 0.894022 -0.424524 -0.143196 0.629235 0.721745 -0.288352 -0.711013 0.66232 -0.236205 0.61439 0.736437 -0.283171 -0.494045 -0.869262 0.0173944 -0.287919 -0.913906 -0.286145 0.492466 -0.869544 -0.037006 0.779503 -0.624347 0.0506656 0.485569 -0.872805 0.049341 0.886674 0.416478 -0.200888 0.471978 0.879343 0.0631838 -0.474999 0.858678 -0.192479 0.315768 0.924441 -0.213776 0.464256 0.883864 0.0570188 -0.764673 -0.629653 0.137158 -0.738261 0.670846 0.0702599 -0.512669 0.857956 0.0328899 -0.695909 -0.688191 0.205192 0.890239 -0.455361 0.0109803 0.708046 -0.669217 0.225432 0.716528 0.693557 0.0746082 0.665162 0.714891 0.215616 -0.436661 -0.899614 0.00475638 -0.537718 -0.837051 0.101016 -0.686101 -0.716692 0.124971 -0.814247 -0.576343 0.0695038 -0.881164 -0.472469 -0.0179735 -0.873394 0.042272 0.485176 -0.847153 0.500531 0.17833 -0.90131 0.432269 0.0279893 -0.726112 0.681507 0.0911575 -0.48498 0.867485 0.110741 -0.413395 0.909607 0.0414826 -0.130185 -0.849003 0.512099 -0.319621 -0.939198 0.1255 0.446164 -0.894809 0.0159601 0.893697 -0.442008 0.0770393 0.70076 0.624527 0.344821 0.85015 0.023597 0.526011 -0.460084 0.858469 0.226614 -0.443964 0.777819 0.444852 0.295714 0.804667 0.514844 0.885326 0.463096 0.0417094 -0.890386 -0.397947 0.221023 -0.881381 0.317082 0.350182 0.392716 -0.877676 0.274699 0.690404 -0.722692 0.0325347 0.835024 0.0736659 0.54526 -0.903209 -0.0618248 0.424725 -0.844169 0.520366 0.128834 -0.0615852 -0.932119 0.356877 0.899668 0.416734 0.130118 0.701542 0.709362 0.0681426 0.298067 0.941599 0.156676 -0.021955 0.928959 0.36953 -0.390795 -0.920332 -0.0164055 -0.922871 0.385106 0.00137686 -0.623491 0.764003 0.166005 0.366574 -0.930264 -0.0152528 0.895294 -0.445434 0.00611366 0.968879 -0.18927 0.15953 0.960887 0.204904 0.186307 0.397482 0.904968 0.151793 -0.240227 0.968697 0.0625831 0.999431 -0.00466711 0.0334043 0.905691 0.423027 -0.0277892 -0.915756 -0.397408 0.0588112 -0.999633 0.00384477 0.0268216 -0.69789 0.716183 0.00567874 -0.551879 0.833924 -0.000172606 -0.0289963 -0.99871 0.0416858 0.690399 -0.722678 0.0329509 0.911845 -0.407209 0.0521535 0.891145 0.415784 0.181615 -0.399039 0.907315 0.132465 0.0257656 0.999067 0.0346689 0.759708 -0.622319 0.188581 0.619797 0.75868 0.200641 -0.707751 -0.7059 0.0281732 -0.579688 -0.814833 -0.00302367 -0.7927 -0.603835 0.0837206 -0.977228 0.18485 0.104194 -0.881774 0.457937 0.112997 -0.684032 0.723907 0.0897683 0.106682 -0.9886 0.106253 -0.312503 -0.949419 0.030748 0.481899 -0.867037 0.126574 0.940338 -0.280017 0.193273 0.970155 0.0577734 0.235502 -0.118976 0.974386 0.190831 0.146035 0.978702 0.144276 -0.988811 -0.122018 0.0858144 -0.142656 -0.985205 0.0949764 -0.658626 -0.749687 0.064671 -0.920558 -0.377623 0.0998712 -0.753029 0.64339 0.137829 -0.554776 0.817228 0.156085 -0.0347621 -0.995026 0.0933543 0.0957303 -0.980217 0.173233 0.391233 -0.90112 0.186865 0.63884 -0.742733 0.200574 0.900041 -0.356773 0.250279 0.78473 0.592207 0.183002 0.611312 0.76153 0.215335 -0.331479 0.927786 0.171276 0.893023 0.334263 0.301293 -0.978934 -0.0898661 0.183335 -0.979028 0.127298 0.159055 -0.909509 0.391991 0.138336 0.531375 -0.821837 0.205484 0.698455 -0.68562 0.205149 0.785456 -0.5806 0.21439 0.954913 -0.132833 0.265512 0.964083 0.0417953 0.262291 0.953368 0.137474 0.268683 0.366852 0.901571 0.229322 -0.0969216 0.97691 0.190401 0.163793 0.971202 0.173028 -0.457215 -0.8886 0.0366722 -0.789783 -0.61057 0.0587242 -0.130899 -0.991107 0.02392 0.305546 -0.944835 0.118018 0.255799 0.964204 0.0698319 0.313286 0.947738 0.0603757 0.986136 0.152868 0.0645577 0.888938 0.45072 0.0814861 0.848313 0.520876 0.0951529 -0.993054 -0.086164 0.0801176 -0.993836 -0.0125196 0.11015 -0.970993 0.238098 0.0219613 0.540821 -0.840679 0.0277667 0.901054 -0.428416 0.0675409 0.988439 0.149861 0.0230256 -0.969627 -0.241584 0.0382275 -0.910921 0.410983 0.0362694 -0.009607 -0.999677 0.0235471 0.402577 -0.91481 0.032475 -0.26564 0.962261 0.059077 0.249462 0.967576 0.039558 -0.0265566 0.998471 0.0484773 -0.752808 -0.658127 0.0121839 -0.999341 0.0271572 -0.0240913 -0.992846 0.117003 0.0238174 -0.556679 0.829072 0.0524235 -0.658203 0.750413 0.0604143 -0.00158469 -0.999395 0.0347411 0.288519 -0.956612 0.0406228 0.712531 -0.700778 0.0347883 0.905333 -0.421908 0.0486484 0.999859 -0.0153214 0.0068512 0.638383 0.768942 0.0345829 -0.910457 -0.413143 0.0195212 -0.913934 0.401939 0.0563063 0.256483 -0.966111 0.0290946 0.958337 -0.284086 0.0297427 0.817883 0.574633 0.0293885 -0.993288 -0.114283 -0.0178476 0.628146 -0.777919 0.0165498 -0.123346 0.990809 0.0555332 -0.988877 0.148411 -0.00985631 0.799479 -0.599957 0.0297638 0.855768 -0.51623 0.0341634 0.303044 0.952556 0.0283224 0.547926 0.8358 0.0348528 -0.966627 -0.255592 0.0174444 -0.922468 -0.386048 -0.0044909 -0.588147 0.808629 0.0142559 -0.368578 -0.929233 0.026021 -0.393127 0.919168 0.0241213 -0.983324 -0.181509 0.0113265 0.298546 -0.954019 0.0267999 0.618627 -0.785269 0.025559 -0.00765823 0.999318 -0.0361262 -0.959408 0.281107 0.0226906 -0.0192154 -0.998964 0.0412535 0.43658 -0.899263 0.0268929 0.492374 -0.869914 0.0285832 0.73936 -0.67291 0.023199 0.963991 0.26425 0.0298989 0.3417 0.93976 0.00959987 0.653789 0.756675 -0.00182391 -0.448538 0.893762 -0.00201015 -0.972135 -0.233275 0.0231743 -0.984971 0.171111 0.0235154 0.269566 -0.962526 0.0296157 0.933033 0.354466 -0.061675 0.83439 0.55102 0.0130311 0.244149 -0.96942 0.0248316 -0.732745 0.679411 0.0385524 -0.121236 -0.992325 0.0243584 0.98495 -0.171726 0.0196035 -0.54887 -0.835855 0.0093798 0.229507 0.973251 -0.0104986 0.99943 0.00577462 0.0332606 -0.191468 0.981439 -0.0108107 0.528621 0.848395 0.028037 0.490346 -0.870681 0.038402 -0.892309 -0.451026 0.0190094 -0.897387 0.439834 0.0352596 -0.760813 0.648276 0.0300351 -0.00209997 -0.999591 0.0285282 0.277814 0.959716 -0.0420082 -0.670891 -0.741516 0.00774415 -0.988898 -0.148552 0.00364337 -0.983166 0.18254 0.00796125 -0.5504 0.833764 0.0435628 0.740484 -0.671202 0.0342218 0.992758 0.107516 0.0535931 0.919213 0.3924 0.0327108 -0.272176 0.960842 0.0519982 -0.415913 -0.90916 0.0210652 0.578952 -0.815059 0.0222 0.783237 -0.621341 0.0217784 0.370998 0.928634 0.00058379 0.600978 0.798806 -0.0271049 0.0383647 0.996338 0.0764127 0.85665 -0.514779 0.0339555 -0.890106 0.453573 0.0445372 0.0136155 -0.999732 0.0187246 0.8181 0.574265 -0.0305142 -0.932936 -0.359513 -0.0195462 -0.991792 -0.127853 -0.00151583 -0.830022 0.557328 0.0211723 0.915822 -0.400013 0.0354813 0.420771 -0.906971 0.0188343 0.0915121 0.994804 0.0446087 0.994259 -0.0940044 0.0511125 0.270444 0.962723 -0.00493039 0.479691 0.877428 0.00398047 -0.533361 0.84479 0.0430845 -0.037689 -0.999289 -0.000479864 0.208657 -0.97736 0.0350725 0.988692 0.146119 0.0337189 0.957845 0.287284 -0.00129594 -0.343315 0.936499 0.0714468 -0.137057 0.990547 0.00573263 -0.396086 -0.918108 0.0139247 -0.98272 -0.185043 0.00441195 -0.973204 0.228331 0.0271843 -0.884485 0.462192 0.0637601 -0.756409 0.649266 0.0793694 0.994357 -0.101927 0.0294191 0.201281 0.97951 0.00685512 0.616475 0.787202 0.0164757 -0.64524 -0.763951 -0.00664422 0.381323 -0.924097 0.0252448 0.756854 -0.653179 0.0230215 0.922278 -0.386507 -0.0040873 0.956106 -0.291819 -0.026505 0.425309 0.905039 -0.00406634 0.774175 -0.631917 0.0365268 -0.198385 0.975998 0.089839 0.967906 0.250852 -0.015208 0.987244 0.157717 0.02179 0.7587 0.651427 0.00416288 0.589777 0.805831 0.0529185 -0.618066 0.780773 0.0915871 -0.435228 0.897668 0.0690537 -0.801475 0.598028 -0.000415549 -0.0764455 -0.996875 0.0199305 0.0298314 -0.998967 0.0342937 -0.447697 -0.893984 0.0189578 -0.890664 -0.454298 0.018197 0.992051 -0.125328 -0.0113327 -0.267693 0.955063 0.127262 -0.0727739 0.996041 0.0510565 0.754662 0.650242 0.0875868 0.593549 0.803046 0.0530727 -0.997137 0.0502368 0.0565213 -0.464989 0.881695 0.0800006 0.0856744 -0.996279 0.00933368 0.960228 -0.278835 0.0145809 0.994798 0.101726 0.00537112 0.294642 0.954408 0.0478711 0.961732 0.27389 0.00750299 -0.623456 -0.78139 0.0270382 -0.921723 -0.383336 0.0589859 -0.636796 0.766861 0.0800983 -0.123581 -0.99203 0.0245644 0.937995 -0.345397 0.0294421 0.997428 0.0698014 0.0162783 0.993721 0.110238 -0.0191083 -0.167514 0.981026 0.0976044 0.738964 0.673693 -0.00831103 -0.983524 -0.175539 0.0432053 -0.916909 0.398637 0.0191497 0.57565 -0.816654 0.0412671 0.98465 0.174323 -0.00872941 0.121442 0.991333 0.050113 -0.372649 -0.927971 -0.00138573 0.878275 -0.475612 0.0492482 0.913178 -0.399512 0.0805946 -0.210283 0.977315 0.0252142 0.567388 0.823242 0.0185594 0.525751 0.847817 0.06922 0.576156 0.815417 0.0560306 0.256154 -0.966149 0.0306644 0.493239 -0.868541 0.0485051 -0.992549 0.121493 -0.00930727 -0.905456 0.42083 -0.0552369 -0.750262 0.660985 -0.0143377 -0.543314 0.838953 0.0310971 -0.108896 -0.993509 0.0328775 0.383438 -0.923218 0.0253518 -0.214487 0.976098 0.0350452 -0.973275 -0.192924 0.124564 0.759663 -0.650285 0.00645843 0.932902 -0.359332 -0.0239537 0.981248 -0.173325 0.0843246 0.99511 0.0985408 -0.00677311 0.490562 0.869207 0.0618686 -0.922295 -0.38453 0.0388472 -0.979847 -0.198251 0.0244443 -0.981355 -0.192183 -0.00287237 -0.627195 0.778787 0.0108333 0.0745833 -0.996062 0.0479308 0.636991 -0.769599 0.0442674 0.973894 0.224676 0.0324262 -0.668297 -0.743837 0.00926806 -0.781555 -0.616958 0.0923865 -0.96838 0.231183 -0.0937797 -0.755423 0.653182 -0.0518593 0.757251 -0.653005 0.0124736 0.978195 -0.200149 0.0554578 0.991237 0.0795225 0.105476 0.991874 0.10851 0.0664222 -0.295768 0.94857 -0.112853 -0.182493 0.97498 -0.126928 0.217598 0.973816 0.0658308 0.585793 0.809958 0.0285363 0.461291 0.876454 0.137978 -0.57041 0.814097 -0.108991 0.919187 -0.393698 0.00988289 0.999308 -0.0225848 0.0295512 -0.101291 0.989945 -0.0987338 -0.981715 0.188967 -0.0229672 -0.0843614 0.995674 -0.0389347 0.450484 0.861295 0.235023 -0.912537 -0.390176 0.122637 -0.896535 0.442964 -0.00291269 -0.636906 0.769546 0.04637 0.155544 -0.984616 0.0796125 0.625796 -0.77191 0.111956 0.783769 -0.614335 0.0910972 0.890756 -0.442685 0.10288 -0.41084 0.908941 0.070973 0.84077 0.523257 0.138952 0.478627 0.848467 0.225876 -0.790201 -0.601597 0.116891 -0.418008 -0.908428 0.00535504 0.76932 -0.543061 0.336499 -0.0995893 0.992029 0.0771974 0.464769 0.883744 0.0546423 0.600488 0.729274 0.327986 0.477686 0.851478 0.216336 -0.994126 -0.104572 -0.0278906 -0.770032 0.637713 -0.0193089 -0.206755 -0.947462 0.244064 -0.129371 -0.985107 0.113255 0.34023 -0.935797 0.0923399 0.977862 -0.1425 0.153233 0.870036 0.319468 0.37547 0.349505 0.920522 0.174601 0.28613 0.944734 0.160026 0.463579 0.861897 0.205495 -0.920969 -0.373018 0.112576 -0.553649 0.825442 0.110086 0.526428 0.771437 0.357432 0.58814 0.781505 0.208187 -0.433075 -0.852064 0.293994 -0.828128 -0.489957 0.272299 -0.979303 0.188284 -0.074264 0.940113 0.103812 0.324671 -0.369263 0.917674 0.146695 0.436381 0.867907 0.237296 -0.990287 -0.129013 0.051838 -0.928604 0.369667 -0.0322684 -0.690062 0.670554 0.272346 -0.546979 0.803741 0.234123 0.140202 -0.852193 0.504093 0.841373 -0.41093 0.351038 0.464671 0.839089 0.282863 -0.74574 -0.372061 0.552668 -0.888678 -0.274506 0.367285 0.334217 -0.882541 0.330788 0.7745 -0.201446 0.599641 -0.373133 0.78351 0.496874 -0.1763 0.826003 0.535385 0.595709 0.624755 0.504789 0.24618 0.964064 0.099886 -0.73684 -0.447526 0.506741 -0.887417 0.263058 0.378538 -0.00492343 -0.841282 0.540574 0.513878 -0.679927 0.523095 0.54275 0.535413 0.647114 0.472576 0.627395 0.618909 0.540534 0.524768 0.657603 0.612013 0.763191 0.207317 -0.368765 -0.647082 0.667307 -0.67114 -0.150784 0.725834 -0.682347 0.176454 0.709413 -0.499724 0.508063 0.701533 0.232475 -0.661496 0.713006 0.579948 -0.378547 0.721361 0.700045 0.0670664 0.710942 0.29822 0.700743 0.648092 0.524447 0.58854 0.615286 -0.443313 -0.233704 0.865364 -0.470503 -0.0783997 0.878908 -0.382962 0.171633 0.907679 -0.24099 0.423933 0.873044 -0.048493 -0.468595 0.882081 -0.257385 -0.336255 0.905917 0.170392 -0.417189 0.892704 0.368911 -0.427377 0.825381 0.309636 -0.280905 0.908415 0.431539 -0.141711 0.890894 0.424375 0.102264 0.899693 0.214056 0.114692 0.970065 0.396208 0.34271 0.851803 0.238432 0.300739 0.923421 0.405109 0.462861 0.788446 0.0504867 0.457575 0.887737 -0.275614 -0.0390348 0.960475 -0.14546 -0.178064 0.973208 0.0825451 -0.177852 0.980589 -0.0335137 0.0412458 0.998587 0.247289 -0.0617969 0.966969 -0.19934 0.162951 0.966287 -0.0306678 0.256953 0.965937"/>
    <TextureCoordinate point="0.871889 0.784733 0.913703 0.796971 0.887258 0.804834 0.877944 0.804835 0.860222 0.798528 0.851037 0.781617 0.848733 0.796463 0.836029 0.78125 0.831573 0.794997 0.818863 0.782348 0.811601 0.794258 0.784491 0.78676 0.781443 0.797805 0.748329 0.793645 0.737687 0.806633 0.714779 0.80104 0.707917 0.813674 0.683365 0.809328 0.684166 0.820885 0.661556 0.816498 0.663147 0.827881 0.650289 0.833711 0.645108 0.823414 0.640159 0.839389 0.633712 0.829628 0.621498 0.83831 0.63059 0.845814 0.614798 0.85451 0.617681 0.858384 0.60957 0.849486 0.610845 0.869175 0.599871 0.861381 0.588869 0.877837 0.601393 0.885578 0.573242 0.900248 0.894558 0.816396 0.866246 0.808509 0.879548 0.818673 0.852607 0.807087 0.839461 0.805418 0.815022 0.802857 0.79601 0.806488 0.760077 0.813411 0.725314 0.820611 0.687803 0.829888 0.674275 0.832895 0.661746 0.840907 0.651313 0.845828 0.642688 0.84924 0.635107 0.855963 0.628929 0.863648 0.621472 0.872955 0.617318 0.883164 0.613468 0.895959 0.866655 0.818778 0.876125 0.82957 0.868434 0.825101 0.844777 0.81344 0.832153 0.809104 0.852615 0.816201 0.752357 0.82139 0.728443 0.826491 0.696101 0.835844 0.673701 0.842689 0.651845 0.850853 0.641866 0.856547 0.636709 0.860171 0.635646 0.865784 0.632544 0.868521 0.627731 0.874039 0.619245 0.901625 0.803471 0.812993 0.784191 0.815269 0.844907 0.817788 0.832184 0.818461 0.815833 0.817577 0.838464 0.829417 0.810431 0.822328 0.880648 0.8385 0.869671 0.829322 0.79453 0.82182 0.872468 0.84358 0.85855 0.850709 0.848016 0.851337 0.764039 0.827377 0.729164 0.835014 0.713383 0.839006 0.677266 0.85007 0.665047 0.853448 0.653126 0.857294 0.642476 0.860938 0.637703 0.86398 0.634678 0.872725 0.62717 0.89723 0.869009 0.850259 0.867108 0.857717 0.859592 0.856664 0.862263 0.860826 0.848899 0.856858 0.841596 0.857126 0.857253 0.858538 0.755817 0.838847 0.727746 0.839711 0.764481 0.831154 0.843587 0.863004 0.763648 0.850524 0.756465 0.867955 0.734779 0.85358 0.710122 0.844771 0.672595 0.855144 0.665403 0.857685 0.651915 0.861348 0.822783 0.842581 0.638008 0.865896 0.636198 0.8702 0.637925 0.884588 0.631457 0.900234 0.82647 0.856224 0.837493 0.861218 0.831214 0.86134 0.821216 0.861526 0.80106 0.85981 0.810364 0.860111 0.810161 0.865217 0.788665 0.858714 0.796684 0.862018 0.804684 0.865525 0.800588 0.863689 0.77996 0.860985 0.774148 0.864249 0.874873 0.857162 0.874576 0.851411 0.868086 0.864182 0.863583 0.863222 0.860896 0.866353 0.851968 0.863151 0.841768 0.865566 0.836161 0.868801 0.829497 0.864931 0.789814 0.863482 0.784299 0.865249 0.803771 0.86731 0.802734 0.868352 0.77626 0.866199 0.773052 0.869427 0.76021 0.867818 0.767753 0.870765 0.75902 0.875647 0.753279 0.876712 0.744007 0.876056 0.747929 0.87816 0.726226 0.872136 0.724623 0.858571 0.732285 0.878637 0.728145 0.877994 0.738975 0.883233 0.699423 0.857853 0.68678 0.879812 0.71034 0.877798 0.700827 0.88364 0.725328 0.882694 0.713769 0.888397 0.677842 0.89219 0.688062 0.902263 0.700175 0.895268 0.712167 0.89429 0.697802 0.900166 0.672524 0.871116 0.654828 0.869578 0.639407 0.867291 0.667962 0.902032 0.878389 0.853503 0.868303 0.867389 0.852972 0.867713 0.847385 0.869331 0.841121 0.869476 0.83074 0.867417 0.822094 0.86855 0.81448 0.868777 0.809442 0.869462 0.79074 0.870088 0.796308 0.867715 0.804606 0.869726 0.778518 0.871093 0.774938 0.871752 0.770562 0.876535 0.766936 0.875608 0.761861 0.876844 0.755044 0.880621 0.749687 0.883318 0.745627 0.883484 0.7327 0.887302 0.737831 0.886427 0.730125 0.891283 0.722342 0.889609 0.721612 0.892979 0.716825 0.898003 0.696444 0.904782 0.737728 0.888373 0.735127 0.89059 0.726147 0.892973 0.725034 0.894549 0.860975 0.874197 0.853837 0.869524 0.833951 0.870059 0.79756 0.872744 0.786127 0.871671 0.802802 0.871197 0.764147 0.879693 0.759093 0.880761 0.856817 0.876038 0.842318 0.875671 0.838506 0.875388 0.819728 0.872313 0.809896 0.871623 0.804821 0.872101 0.783266 0.875441 0.774624 0.877545 0.76784 0.879273 0.759289 0.882985 0.738595 0.89015 0.732318 0.892963 0.729707 0.89409 0.719838 0.901617 0.848596 0.874216 0.791192 0.875579 0.800717 0.875967 0.76954 0.880927 0.766573 0.881522 0.746687 0.891866 0.738319 0.891714 0.72755 0.899788 0.859646 0.880804 0.818984 0.877718 0.80864 0.87521 0.794637 0.878616 0.787348 0.879321 0.803413 0.878055 0.764264 0.885176 0.779572 0.881464 0.736591 0.90093 0.73993 0.900261 0.734995 0.903689 0.728562 0.906023 0.722866 0.90478 0.852576 0.8817 0.768629 0.887887 0.755727 0.896804 0.830262 0.881452 0.812847 0.880139 0.789685 0.880891 0.773306 0.883097 0.786175 0.889056 0.777306 0.886119 0.751398 0.898144 0.746504 0.899589 0.740725 0.904063 0.792866 0.884428 0.791663 0.884352 0.786477 0.884059 0.774669 0.88709 0.770424 0.893834 0.737603 0.907961 0.844055 0.885777 0.811665 0.885911 0.791915 0.886456 0.790405 0.886506 0.799087 0.883404 0.807902 0.883589 0.836522 0.888481 0.828696 0.888198 0.801587 0.886173 0.794784 0.888135 0.797752 0.888203 0.789682 0.891138 0.783975 0.890188 0.775769 0.894811 0.744651 0.908005 0.75159 0.902303 0.847708 0.892684 0.808836 0.890985 0.76627 0.901873 0.752076 0.908726 0.830401 0.895599 0.824775 0.893171 0.807366 0.893589 0.800119 0.891046 0.797206 0.891722 0.7919 0.891665 0.842539 0.897167 0.802855 0.892437 0.800105 0.895362 0.785768 0.896124 0.782008 0.898411 0.768325 0.904726 0.818838 0.896681 0.802095 0.900748 0.805348 0.896201 0.794862 0.895884 0.835739 0.901619 0.798171 0.898758 0.794308 0.898789 0.817471 0.90124 0.80702 0.899686 0.799115 0.901196 0.788165 0.900292 0.772533 0.906982 0.788009 0.902657 0.80967 0.90315 0.803249 0.902639 0.796938 0.903027 0.791817 0.903257 0.789379 0.904186 0.811142 0.905173 0.799022 0.90427 0.798842 0.902342 0.794122 0.904659 0.778038 0.90825 0.802845 0.905182 0.79108 0.906228 0.78921 0.906929 0.806764 0.906528 0.798774 0.906565 0.798811 0.908335 0.797471 0.905606 0.796157 0.906189 0.820864 0.908239 0.796453 0.906479 0.795037 0.906606 0.796544 0.907671 0.793445 0.908431 0.788757 0.908722 0.787816 0.909644 0.812227 0.909566 0.818827 0.912162 0.792565 0.912484 0.795761 0.909541 0.79598 0.906483 0.781641 0.91298 0.777934 0.91047 0.817431 0.913968 0.802173 0.914042 0.794271 0.914052 0.910585 0.13795 0.922144 0.128929 0.915281 0.148248 0.795963 0.153823 0.77919 0.150867 0.78352 0.131641 0.761955 0.146567 0.765444 0.134893 0.745167 0.140854 0.750014 0.12955 0.722976 0.131019 0.737671 0.123286 0.728528 0.119638 0.709068 0.123298 0.715401 0.113704 0.703926 0.104894 0.682001 0.104908 0.678831 0.0870654 0.630451 0.0650377 0.643378 0.0576494 0.620695 0.0435301 0.609717 0.0495075 0.606445 0.0325767 0.746947 0.118544 0.727546 0.10693 0.708085 0.0960541 0.658126 0.060386 0.618571 0.0338628 0.739258 0.10191 0.716352 0.0979704 0.689522 0.082632 0.63795 0.0392497 0.61255 0.0198379 0.907107 0.123445 0.797628 0.126063 0.774731 0.12008 0.765001 0.116706 0.756621 0.11982 0.885711 0.130206 0.888577 0.152453 0.86602 0.15532 0.863922 0.132832 0.84268 0.156612 0.842086 0.134017 0.818809 0.156155 0.8198 0.133451 0.804159 0.154924 0.809328 0.132492 0.73441 0.100026 0.706835 0.0812174 0.68392 0.0675277 0.672675 0.052756 0.648108 0.0365026 0.629519 0.021345 0.638562 0.0301817 0.724966 0.0963164 0.718345 0.0877237 0.660699 0.047828 0.756531 0.0992181 0.749321 0.103338 0.786558 0.118006 0.740474 0.0973529 0.734785 0.0939671 0.725217 0.0891953 0.697286 0.0721809 0.663457 0.0408833 0.64814 0.0320331 0.745544 0.0963568 0.739094 0.0935029 0.72177 0.0866386 0.712607 0.080737 0.682189 0.0569541 0.648496 0.0263728 0.735671 0.0903738 0.733287 0.0870948 0.724308 0.0851789 0.724091 0.0819229 0.719269 0.081381 0.721186 0.0792816 0.705017 0.0671242 0.688726 0.0583051 0.688187 0.0530135 0.673746 0.0451885 0.676219 0.0421787 0.666501 0.0333164 0.660656 0.0333775 0.662096 0.0301757 0.634135 0.009523 0.735348 0.0861541 0.740879 0.0878486 0.725708 0.0792201 0.745611 0.089948 0.748653 0.0903767 0.719367 0.0752142 0.702397 0.0611113 0.678304 0.0403258 0.672283 0.0344509 0.665961 0.028746 0.640897 0.00354175 0.635365 0.00737093 0.752614 0.0924192 0.796432 0.108559 0.778723 0.105335 0.769583 0.0959085 0.763214 0.0970247 0.882573 0.107013 0.902683 0.105323 0.863966 0.110715 0.843095 0.111611 0.820237 0.11223 0.831322 0.111636 0.812065 0.111888 0.733898 0.0790748 0.722555 0.0720964 0.712174 0.0649162 0.676241 0.0346449 0.67165 0.0279626 0.648812 0.00771242 0.742425 0.0815505 0.702706 0.0510266 0.679459 0.0329544 0.759356 0.0894901 0.750009 0.0839544 0.728016 0.0720949 0.695651 0.041692 0.687092 0.0296685 0.683711 0.024021 0.746054 0.075096 0.737842 0.0683919 0.730104 0.0642747 0.712143 0.047916 0.765883 0.0851298 0.771887 0.0916491 0.755674 0.0837942 0.870818 0.0991327 0.854751 0.100926 0.898064 0.0935717 0.881357 0.0964273 0.837022 0.10175 0.814252 0.101198 0.796059 0.09906 0.781407 0.096293 0.752721 0.0805668 0.700764 0.0363177 0.760319 0.0825745 0.758099 0.0768715 0.733694 0.063535 0.742201 0.0651464 0.726596 0.0568412 0.706984 0.038029 0.69331 0.0239626 0.692326 0.0164721 0.754185 0.0726868 0.726488 0.0492586 0.712805 0.0363317 0.761107 0.076338 0.912016 0.0775646 0.89418 0.0803411 0.878745 0.0833634 0.865293 0.0875593 0.836031 0.0901207 0.819759 0.0900816 0.802715 0.0913826 0.792078 0.0894062 0.783409 0.0878532 0.774766 0.0847393 0.757908 0.0722895 0.748243 0.066899 0.725083 0.0431379 0.696273 0.0134748 0.760429 0.0722396 0.75315 0.0677205 0.730438 0.042711 0.769391 0.0793059 0.764704 0.0767427 0.763793 0.0734124 0.699666 0.0111549 0.767444 0.0749898 0.75558 0.0649359 0.732692 0.041332 0.775691 0.078021 0.869455 0.0750293 0.885941 0.0691163 0.854391 0.0790971 0.823881 0.0812136 0.800079 0.0810944 0.788199 0.0807231 0.77972 0.0820592 0.736371 0.0398066 0.76734 0.0710908 0.765667 0.0702791 0.762133 0.0685409 0.753172 0.0568161 0.882361 0.0632263 0.865999 0.0681007 0.840925 0.0729933 0.807558 0.0747358 0.785091 0.0758749 0.778609 0.0749155 0.769051 0.0725028 0.742479 0.0420801 0.764005 0.0673013 0.767971 0.0686852 0.747162 0.0432693 0.712861 0.00197239 0.857598 0.0624273 0.881919 0.0549973 0.840518 0.0642686 0.817446 0.0681001 0.79374 0.0686276 0.78384 0.070547 0.771322 0.0703123 0.866108 0.052273 0.881275 0.0481486 0.85403 0.0555494 0.844004 0.0573988 0.831083 0.0592936 0.790307 0.0655216 0.79699 0.0646084 0.781747 0.0674562 0.756727 0.0511795 0.750716 0.0418133 0.869225 0.0436971 0.879144 0.0360873 0.861477 0.0496235 0.850033 0.0517962 0.852814 0.02882 0.854177 0.0219924 0.875529 0.028588 0.837033 0.0274941 0.842191 0.052182 0.822837 0.0585975 0.824284 0.0627804 0.828849 0.0555443 0.747338 0.0259186 0.750417 0.0267284 0.757308 0.0456415 0.743509 0.0238923 0.811003 0.0602371 0.818961 0.0479183 0.734221 0.00190881 0.803056 0.060016 0.79052 0.0596185 0.777004 0.0654425 0.821945 0.0134921 0.829154 0.000498511 0.800171 0.0319726 0.79757 0.0226366 0.782598 0.0462614 0.810767 0 0.769685 0.067666 0.767459 0.0360919 0.763254 0.051596 0.737599 0.00243255 0.494497 0.602884 0.493649 0.615416 0.470551 0.609202 0.474154 0.623509 0.457989 0.614682 0.466922 0.638159 0.437201 0.625019 0.449315 0.637671 0.433829 0.640797 0.408384 0.657676 0.395709 0.650108 0.518676 0.599251 0.504127 0.635632 0.538505 0.596981 0.569967 0.594727 0.554477 0.624001 0.385586 0.672129 0.369811 0.671689 0.368443 0.687437 0.35871 0.682547 0.353999 0.699602 0.348215 0.692737 0.337383 0.703064 0.345589 0.708397 0.329815 0.709476 0.337046 0.714445 0.328658 0.720231 0.319419 0.71729 0.314374 0.729703 0.493928 0.643156 0.480802 0.632926 0.443304 0.646105 0.431731 0.650852 0.425894 0.660227 0.517788 0.632919 0.401346 0.672172 0.388899 0.677112 0.362433 0.699098 0.35603 0.706936 0.366594 0.709968 0.345239 0.715822 0.352252 0.710655 0.34218 0.720381 0.333304 0.722893 0.321493 0.729277 0.481998 0.643993 0.457551 0.647256 0.448544 0.648381 0.440896 0.657518 0.415853 0.665264 0.393196 0.680388 0.384186 0.689611 0.375177 0.697917 0.371004 0.709217 0.363924 0.715443 0.359156 0.720964 0.351998 0.718057 0.33749 0.72634 0.326531 0.731336 0.318743 0.736088 0.538971 0.630281 0.469184 0.645645 0.466252 0.651291 0.455813 0.656651 0.448716 0.658026 0.446749 0.666307 0.437288 0.661341 0.432788 0.666929 0.421653 0.670908 0.419145 0.674084 0.408209 0.679992 0.40082 0.683111 0.397032 0.687369 0.39777 0.698123 0.392687 0.694194 0.384768 0.69704 0.378738 0.699504 0.350876 0.723394 0.345909 0.726423 0.341597 0.730388 0.335031 0.734557 0.323787 0.739506 0.329545 0.737165 0.405531 0.69123 0.385527 0.705343 0.376945 0.706926 0.371352 0.715416 0.3607 0.72282 0.368962 0.721975 0.357975 0.724029 0.353267 0.725043 0.350778 0.729876 0.347728 0.730521 0.344506 0.733166 0.474181 0.657525 0.456524 0.669 0.442363 0.674114 0.435155 0.676201 0.425272 0.679738 0.417585 0.680016 0.410866 0.685354 0.403915 0.694294 0.388359 0.700502 0.376271 0.715519 0.372874 0.717919 0.368176 0.724891 0.362816 0.727912 0.35232 0.726756 0.360473 0.7289 0.35362 0.73193 0.349102 0.735799 0.345232 0.73847 0.341803 0.737822 0.331246 0.742226 0.33483 0.739516 0.49744 0.649152 0.506249 0.649317 0.516581 0.647717 0.57292 0.638754 0.555029 0.647863 0.537457 0.645739 0.491754 0.655496 0.468263 0.66496 0.460606 0.669748 0.44998 0.674177 0.411425 0.689278 0.388612 0.703658 0.382077 0.709893 0.375759 0.720716 0.383652 0.71493 0.378107 0.717642 0.354253 0.728155 0.356649 0.731898 0.362389 0.731053 0.352071 0.735069 0.350026 0.738116 0.346313 0.739066 0.339421 0.740555 0.335615 0.743636 0.336651 0.742157 0.333251 0.745766 0.343022 0.73998 0.345491 0.739636 0.365159 0.729321 0.368323 0.727473 0.486245 0.660829 0.447645 0.677456 0.443543 0.68045 0.439503 0.681475 0.419444 0.682713 0.395953 0.705653 0.431378 0.682085 0.424717 0.685205 0.408828 0.695917 0.403643 0.70079 0.389623 0.708128 0.395771 0.709667 0.391671 0.712376 0.388062 0.712553 0.392422 0.713584 0.390534 0.714875 0.379857 0.721683 0.373035 0.725663 0.354728 0.737714 0.346837 0.741409 0.338024 0.741683 0.470975 0.670338 0.440167 0.68462 0.435945 0.685235 0.419602 0.690941 0.431469 0.685924 0.425119 0.693097 0.416353 0.695703 0.414552 0.699993 0.407552 0.704018 0.402098 0.705496 0.40319 0.707949 0.395809 0.712379 0.387866 0.716004 0.384232 0.720166 0.392055 0.715394 0.365113 0.734702 0.358248 0.739116 0.343337 0.742143 0.350792 0.742058 0.339595 0.742868 0.33759 0.74295 0.337005 0.743818 0.338793 0.745398 0.336949 0.746915 0.334693 0.746058 0.334745 0.747214 0.336643 0.74838 0.373959 0.73126 0.367856 0.734606 0.483475 0.667504 0.462744 0.675504 0.449637 0.682427 0.444769 0.682892 0.436421 0.687643 0.433908 0.689691 0.401063 0.71137 0.389348 0.720207 0.390773 0.718364 0.393107 0.717313 0.380771 0.726575 0.342164 0.743794 0.344905 0.743915 0.338799 0.743345 0.341179 0.74657 0.371676 0.733166 0.503621 0.661227 0.511431 0.661977 0.516566 0.658969 0.56895 0.665432 0.531518 0.666284 0.54504 0.668488 0.472032 0.673269 0.457109 0.681224 0.4481 0.690082 0.441015 0.687553 0.437476 0.690175 0.429329 0.69427 0.423646 0.698063 0.419379 0.701422 0.409574 0.709287 0.403165 0.713113 0.394985 0.717684 0.379498 0.731565 0.35604 0.741619 0.343963 0.748086 0.339627 0.744163 0.338648 0.743621 0.3403 0.748754 0.33628 0.7497 0.331621 0.752264 0.491163 0.66981 0.486707 0.674804 0.471578 0.677609 0.453797 0.687847 0.439426 0.692523 0.406524 0.716138 0.394134 0.725453 0.391695 0.728838 0.364788 0.740672 0.3529 0.746141 0.332091 0.756698 0.367809 0.738637 0.497965 0.672433 0.477329 0.684148 0.472047 0.68326 0.460775 0.687043 0.385613 0.733721 0.429199 0.699834 0.414736 0.714339 0.397641 0.720309 0.375348 0.736116 0.360578 0.74466 0.347961 0.752962 0.343545 0.754808 0.370799 0.739362 0.454383 0.694803 0.380223 0.738176 0.437077 0.699281 0.4246 0.710045 0.364426 0.745404 0.358633 0.747373 0.355402 0.748831 0.368975 0.741022 0.507096 0.674744 0.567169 0.682661 0.460021 0.694521 0.446363 0.703153 0.431392 0.710945 0.405543 0.731203 0.400291 0.729499 0.375672 0.739916 0.360254 0.74856 0.353001 0.75159 0.461189 0.698713 0.394662 0.734793 0.390243 0.737063 0.382687 0.738873 0.41131 0.724185 0.349309 0.759716 0.374149 0.742179 0.371704 0.743031 0.367674 0.749266 0.513153 0.685648 0.50391 0.685172 0.521024 0.693134 0.496964 0.680413 0.48612 0.684515 0.458588 0.703412 0.450456 0.70725 0.434933 0.714161 0.426223 0.720806 0.385335 0.742398 0.379375 0.743988 0.365347 0.751054 0.353721 0.756892 0.363535 0.757515 0.335457 0.763199 0.327624 0.758887 0.322927 0.763674 0.371755 0.748511 0.467694 0.702425 0.442892 0.71439 0.432391 0.72071 0.413871 0.729986 0.396287 0.741764 0.358571 0.760999 0.36188 0.759939 0.352946 0.764825 0.344754 0.763231 0.349972 0.765189 0.327419 0.767752 0.378206 0.749411 0.472839 0.696209 0.496413 0.688012 0.539683 0.691867 0.461615 0.709644 0.428196 0.726652 0.403212 0.743649 0.390534 0.745853 0.383479 0.747532 0.370731 0.754148 0.355485 0.763502 0.453873 0.712917 0.376655 0.758035 0.354403 0.766311 0.356682 0.76475 0.347443 0.768243 0.343115 0.767345 0.325191 0.772541 0.489365 0.695051 0.493626 0.698736 0.473488 0.704546 0.503665 0.69127 0.46927 0.710491 0.44602 0.719761 0.398501 0.746592 0.393104 0.749292 0.391475 0.751883 0.38741 0.752517 0.355328 0.769075 0.354422 0.769283 0.361604 0.765203 0.367581 0.763339 0.34179 0.769915 0.316671 0.775188 0.308993 0.780134 0.486015 0.701854 0.449955 0.721961 0.435531 0.729303 0.409775 0.743838 0.373936 0.765105 0.344748 0.770717 0.323756 0.777465 0.50119 0.696327 0.508726 0.701242 0.524582 0.701272 0.55688 0.704507 0.533553 0.708907 0.553553 0.720549 0.494923 0.700959 0.464262 0.716167 0.406773 0.749008 0.396888 0.752553 0.363761 0.770238 0.367821 0.770562 0.353576 0.771076 0.34617 0.772779 0.310274 0.784505 0.498047 0.702562 0.473704 0.712272 0.435968 0.733088 0.412373 0.747281 0.398091 0.756382 0.378792 0.764801 0.356099 0.77187 0.355248 0.772442 0.509174 0.70739 0.535541 0.717095 0.550675 0.728273 0.483913 0.709751 0.467289 0.71802 0.442179 0.732932 0.426024 0.742155 0.35119 0.773627 0.305523 0.789123 0.495936 0.705517 0.490656 0.709992 0.479111 0.71508 0.471253 0.718711 0.45329 0.7294 0.423797 0.746729 0.41559 0.753237 0.409347 0.75371 0.356033 0.774072 0.357279 0.773174 0.364144 0.775321 0.346842 0.77674 0.307715 0.790139 0.500658 0.707497 0.515391 0.716194 0.508053 0.711535 0.532319 0.727369 0.542906 0.734666 0.477836 0.718787 0.462937 0.728504 0.52891 0.733512 0.536427 0.739807 0.424463 0.750184 0.410656 0.757203 0.378097 0.771228 0.355113 0.774705 0.34071 0.780744 0.367975 0.775723 0.373587 0.774578 0.300781 0.794369 0.498388 0.714162 0.494329 0.713525 0.507378 0.715715 0.495726 0.72472 0.518404 0.726462 0.507621 0.735017 0.469157 0.730342 0.474781 0.736651 0.500847 0.749333 0.509237 0.744407 0.492735 0.745186 0.506166 0.76066 0.47756 0.760283 0.52539 0.748308 0.518441 0.755041 0.537854 0.754712 0.519513 0.77951 0.490014 0.780453 0.462976 0.733873 0.434579 0.749364 0.418419 0.758277 0.37907 0.774805 0.3555 0.776606 0.357453 0.776861 0.353292 0.777226 0.368826 0.778654 0.36661 0.781721 0.337601 0.783525 0.306168 0.794409 0.412106 0.760504 0.440268 0.751138 0.47656 0.77461 0.421718 0.763336 0.505999 0.814172 0.440237 0.788409 0.323904 0.790778 0.433089 0.782878 0.448681 0.808882 0.433524 0.795331 0.372272 0.782182 0.357155 0.779856 0.35489 0.779105 0.342113 0.785065 0.414994 0.765408 0.426501 0.783683 0.410832 0.763995 0.391347 0.779248 0.424167 0.785441 0.4404 0.812382 0.37221 0.785244 0.366362 0.788228 0.357285 0.78668 0.352848 0.786392 0.349816 0.783595 0.33655 0.791941 0.330234 0.790767 0.368832 0.791977 0.367836 0.790449 0.381932 0.816491 0.314118 0.79581 0.323136 0.796234 0.354667 0.789223 0.357247 0.789664 0.352397 0.789595 0.36764 0.793067 0.334417 0.794735 0.379137 0.800148 0.322199 0.798851 0.354727 0.804431 0.347014 0.80298 0.353341 0.804532 0.356271 0.804424 0.334612 0.809438 0.348269 0.805862 0.355268 0.806274 0.353713 0.805749 0.346 0.807676 0.353852 0.807089 0.346367 0.809214 0.355697 0.815737 0.349343 0.811772 0.282484 0.907748 0.283139 0.896556 0.291675 0.90859 0.292341 0.896346 0.244553 0.643533 0.250749 0.636719 0.259523 0.658378 0.258264 0.678173 0.269354 0.682212 0.267205 0.70271 0.284152 0.71952 0.27369 0.724329 0.277367 0.739351 0.283858 0.778668 0.286223 0.76604 0.300458 0.783007 0.299294 0.760107 0.292136 0.738118 0.276401 0.758416 0.294062 0.87402 0.285154 0.873214 0.296106 0.8486 0.285726 0.849571 0.28115 0.831935 0.298021 0.821944 0.283498 0.823761 0.287285 0.814671 0.286523 0.803511 0.299478 0.801309 0.28998 0.792894 0.284929 0.788422 0.274015 0.905351 0.24913 0.676004 0.235839 0.64337 0.256809 0.699917 0.267435 0.732768 0.275939 0.773076 0.274121 0.893594 0.276411 0.872051 0.278665 0.796143 0.262834 0.716269 0.264895 0.744486 0.272222 0.8484 0.275005 0.805292 0.271243 0.792844 0.273395 0.783955 0.236233 0.655089 0.243944 0.681006 0.248876 0.700395 0.2522 0.710045 0.260202 0.718915 0.255362 0.719425 0.263628 0.768537 0.267897 0.772073 0.268731 0.882924 0.268576 0.875374 0.267707 0.841108 0.272167 0.822286 0.267515 0.800316 0.268717 0.780744 0.268234 0.789144 0.264748 0.786518 0.256387 0.728153 0.259733 0.800604 0.262049 0.782325 0.258342 0.741836 0.263029 0.837191 0.262526 0.819396 0.258809 0.792454 0.261637 0.786651 0.236174 0.675945 0.232878 0.659623 0.24339 0.704528 0.248393 0.723507 0.26151 0.879486 0.263607 0.85386 0.263797 0.848056 0.256869 0.773015 0.257122 0.781872 0.257151 0.784197 0.238142 0.691107 0.251829 0.735342 0.261517 0.873708 0.262155 0.844457 0.254243 0.787003 0.229317 0.66725 0.235771 0.683924 0.252532 0.758046 0.25574 0.884011 0.256997 0.877176 0.2584 0.8717 0.258118 0.854301 0.259295 0.847001 0.257479 0.81999 0.218699 0.657475 0.214132 0.646218 0.221812 0.654061 0.226644 0.667183 0.226574 0.677436 0.233265 0.684262 0.239703 0.703432 0.242371 0.712705 0.247371 0.73057 0.249306 0.740181 0.251786 0.772326 0.254196 0.7979 0.249477 0.79333 0.253536 0.783978 0.214314 0.653124 0.223055 0.668947 0.22463 0.678632 0.228239 0.687933 0.230185 0.688431 0.233955 0.699578 0.233568 0.703288 0.237958 0.71313 0.238279 0.718088 0.240127 0.722422 0.241898 0.729659 0.244013 0.74079 0.247111 0.759701 0.253926 0.874842 0.252051 0.889101 0.254095 0.867493 0.255129 0.854682 0.256039 0.841569 0.254908 0.824545 0.254109 0.814062 0.24859 0.777624 0.248461 0.788052 0.222305 0.678116 0.224282 0.682651 0.234695 0.713528 0.23693 0.723622 0.239591 0.731657 0.242857 0.750228 0.244911 0.764747 0.24537 0.771693 0.246313 0.781255 0.246187 0.78941 0.217026 0.679456 0.214988 0.676351 0.224673 0.702814 0.227231 0.714176 0.249886 0.871689 0.247452 0.889084 0.251227 0.840013 0.248785 0.816303 0.244205 0.793652 0.220345 0.691984 0.234431 0.752978 0.236556 0.766059 0.238143 0.777743 0.244835 0.875647 0.246346 0.861165 0.245263 0.825451 0.241369 0.80077 0.236257 0.794657 0.236837 0.790262 0.231751 0.735991 0.243645 0.886121 0.246767 0.840589 0.240961 0.810417 0.22095 0.71933 0.233826 0.778962 0.240615 0.878511 0.238882 0.869409 0.238399 0.826969 0.233251 0.792256 0.209825 0.681392 0.212852 0.687495 0.213208 0.693997 0.216834 0.699752 0.224183 0.733285 0.229741 0.757776 0.238514 0.85022 0.23902 0.84095 0.236927 0.820064 0.233435 0.802867 0.229638 0.794306 0.206363 0.674534 0.212382 0.702094 0.234944 0.872377 0.232205 0.809276 0.228832 0.788538 0.201171 0.675694 0.223166 0.746872 0.220978 0.757242 0.227498 0.776835 0.226479 0.876421 0.231523 0.85526 0.232653 0.838293 0.231772 0.824795 0.226507 0.799794 0.225326 0.796514 0.225521 0.794695 0.206131 0.693182 0.215211 0.722615 0.217413 0.737787 0.222958 0.773538 0.223347 0.784696 0.222424 0.795539 0.197533 0.672737 0.2102 0.709183 0.214183 0.727831 0.229202 0.854218 0.228355 0.836236 0.226334 0.817396 0.22376 0.799995 0.205636 0.702213 0.210376 0.72703 0.215248 0.752105 0.22015 0.781243 0.220288 0.795272 0.2212 0.795193 0.218544 0.782245 0.225897 0.852599 0.223586 0.821475 0.219901 0.795336 0.218886 0.795443 0.202893 0.699046 0.203092 0.70551 0.21376 0.765693 0.224445 0.854667 0.219816 0.80845 0.21941 0.800146 0.2174 0.796114 0.217996 0.795465 0.212026 0.766827 0.201233 0.706172 0.223977 0.865983 0.220487 0.842971 0.202208 0.722679 0.194949 0.679904 0.211393 0.773347 0.221703 0.861677 0.216989 0.804865 0.216122 0.79628 0.194903 0.694543 0.198916 0.71747 0.205857 0.756412 0.209522 0.774846 0.217266 0.838146 0.219444 0.859802 0.215212 0.804084 0.214535 0.795892 0.194314 0.701928 0.197234 0.719181 0.204743 0.762215 0.207447 0.775391 0.2171 0.857569 0.214543 0.839196 0.213106 0.811151 0.213117 0.794613 0.185613 0.673203 0.188888 0.694465 0.187134 0.696453 0.191116 0.693397 0.198712 0.739645 0.196935 0.742714 0.201212 0.761724 0.203609 0.777289 0.215897 0.854134 0.21197 0.839573 0.210734 0.822613 0.211117 0.7961 0.19037 0.71606 0.186178 0.705243 0.191488 0.738942 0.194093 0.739172 0.197245 0.75571 0.201001 0.784308 0.20344 0.784103 0.206878 0.832613 0.206304 0.875766 0.205956 0.839299 0.205819 0.813651 0.206931 0.798731 0.204456 0.798865 0.20526 0.794956 0.186208 0.718417 0.182776 0.694244 0.188663 0.734187 0.195161 0.76679 0.203701 0.836195 0.203683 0.814247 0.203332 0.801494 0.19967 0.786909 0.20157 0.795353 0.173188 0.72369 0.184235 0.762417 0.196697 0.805337 0.166902 0.69527 0.192103 0.799891 0.181613 0.791422 0.193659 0.838897 0.185674 0.79927 0.185551 0.81611 0.172126 0.745817 0.17754 0.774247 0.186766 0.802869 0.186358 0.800792 0.167265 0.713319 0.185818 0.842633 0.170223 0.749621 0.163674 0.704014 0.178653 0.791726 0.18397 0.852923 0.183545 0.816299 0.185118 0.801051 0.184512 0.799676 0.137407 0.702947 0.139531 0.711077 0.136988 0.710762 0.138029 0.721141 0.140607 0.724432 0.141532 0.712254 0.138571 0.726485 0.158343 0.733566 0.144403 0.741485 0.164872 0.732729 0.161237 0.701667 0.166832 0.732752 0.185069 0.843519 0.19353 0.855941 0.194 0.863042 0.184999 0.834226 0.140964 0.734973 0.143199 0.747301 0.146431 0.749436 0.14543 0.754142 0.148529 0.757228 0.153883 0.76353 0.168953 0.762788 0.171401 0.763702 0.151051 0.764154 0.165113 0.769336 0.155403 0.770848 0.16091 0.77363 0.160744 0.778557 0.162686 0.776891 0.172089 0.784654 0.17566 0.786493 0.170415 0.787667 0.21694 0.844394 0.181955 0.823169 0.181546 0.818323 0.180182 0.825289 0.179013 0.817559 0.181119 0.812154 0.178523 0.813204 0.175438 0.793482 0.171966 0.79266 0.183101 0.800972 0.185973 0.852653 0.179347 0.835619 0.138976 0.736579 0.147252 0.761491 0.150546 0.769181 0.158513 0.779545 0.167166 0.790325 0.169159 0.79394 0.17592 0.817828 0.175652 0.814444 0.151669 0.799575 0.159317 0.8218 0.159088 0.819202 0.125164 0.729543 0.130294 0.764683 0.131113 0.77374 0.12365 0.716446 0.128851 0.756972 0.140334 0.79228 0.151356 0.802756 0.125184 0.740904 0.133764 0.782151 0.163749 0.854422 0.170236 0.865011 0.161846 0.84339 0.126239 0.747832 0.123438 0.729033 0.126668 0.760417 0.149875 0.801469 0.156463 0.839586 0.156797 0.829974 0.156353 0.822488 0.156221 0.81992 0.159935 0.858421 0.169429 0.8715 0.120407 0.737745 0.120824 0.72565 0.122108 0.745325 0.122685 0.761071 0.123483 0.771385 0.130524 0.791703 0.149218 0.841302 0.137928 0.796105 0.138001 0.803935 0.146373 0.802882 0.146312 0.811105 0.149473 0.804862 0.152221 0.832228 0.152978 0.822201 0.152345 0.815928 0.147022 0.818981 0.118119 0.727019 0.117885 0.719684 0.118127 0.734873 0.164274 0.870492 0.167117 0.873525 0.159251 0.864908 0.150945 0.853735 0.120262 0.748625 0.120553 0.761987 0.122602 0.787326 0.127566 0.794749 0.139625 0.835435 0.13864 0.821595 0.131861 0.815057 0.128706 0.804647 0.146592 0.829191 0.135196 0.828682 0.117021 0.743771 0.15532 0.869301 0.116809 0.757074 0.114272 0.772251 0.121213 0.802904 0.137162 0.849622 0.128042 0.818244 0.141547 0.861784 0.11263 0.764375 0.105918 0.797487 0.119383 0.810311 0.128228 0.83403 0.112274 0.725655 0.113053 0.734803 0.112785 0.744936 0.156365 0.87774 0.112094 0.755664 0.113682 0.784161 0.109317 0.825912 0.111882 0.837611 0.100106 0.783091 0.106257 0.791245 0.127184 0.859998 0.0970068 0.805504 0.0992614 0.811939 0.0994591 0.815409 0.115991 0.852713 0.113129 0.846864 0.111138 0.731937 0.110461 0.739702 0.110006 0.746609 0.134761 0.871869 0.108541 0.751284 0.106309 0.766583 0.1001 0.775793 0.107031 0.724776 0.106152 0.727408 0.1067 0.735881 0.106697 0.742396 0.137292 0.880284 0.103075 0.762294 0.0812048 0.788581 0.0955286 0.830674 0.0948799 0.843969 0.106534 0.73846 0.151634 0.886663 0.142282 0.886938 0.104175 0.751756 0.0992086 0.768069 0.0910747 0.775485 0.122413 0.879092 0.0860514 0.810636 0.109533 0.871445 0.105629 0.860058 0.0918579 0.857854 0.101227 0.733012 0.101219 0.738088 0.10316 0.744126 0.0989015 0.757554 0.0982128 0.760623 0.094241 0.768703 0.0683852 0.804951 0.0779036 0.827513 0.0711819 0.858902 0.142296 0.894099 0.134793 0.889389 0.0615898 0.795754 0.0727274 0.818621 0.055894 0.850911 0.0977405 0.74414 0.0996182 0.751165 0.0939663 0.761774 0.0836257 0.7797 0.12507 0.892943 0.0915856 0.754961 0.0893713 0.763609 0.0848677 0.770691 0.0781977 0.766371 0.0550101 0.814375 0.0859808 0.875893 0.0508876 0.829662 0.0614799 0.769104 0.110453 0.89279 0.0530347 0.798243 0.0843895 0.757985 0.060659 0.883828 0.0334831 0.795739 0.0459273 0.874074 0.098204 0.906843 0.0192639 0.838661 0 0.867196 0.205723 0.271219 0.201876 0.277723 0.198237 0.273449 0.19534 0.27861 0.190412 0.283562 0.195468 0.289343 0.186092 0.287818 0.190659 0.300111 0.18392 0.315251 0.179894 0.305999 0.180488 0.290459 0.17615 0.315583 0.193973 0.274372 0.199297 0.268508 0.191628 0.278563 0.171001 0.310155 0.173844 0.299519 0.193467 0.270388 0.191029 0.272961 0.188901 0.274049 0.18746 0.278539 0.184463 0.28322 0.180238 0.285418 0.186034 0.27555 0.185421 0.270856 0.18404 0.27689 0.183516 0.279452 0.18133 0.281626 0.176616 0.286079 0.163355 0.317363 0.197276 0.264132 0.186962 0.268809 0.183986 0.270699 0.182769 0.274164 0.17853 0.276194 0.180391 0.27968 0.178571 0.280469 0.168003 0.298726 0.158233 0.317823 0.184688 0.268983 0.190377 0.262972 0.179785 0.273486 0.177277 0.277044 0.171752 0.284651 0.162333 0.301316 0.203251 0.257173 0.182181 0.26616 0.179631 0.267491 0.178373 0.27078 0.167619 0.291889 0.193312 0.26054 0.177338 0.275 0.176475 0.277876 0.170514 0.284658 0.16254 0.298012 0.15067 0.319805 0.155264 0.306343 0.191283 0.256887 0.208048 0.252402 0.193195 0.257926 0.192636 0.259632 0.180576 0.26259 0.181522 0.264481 0.178456 0.263715 0.177353 0.262736 0.177254 0.263009 0.176206 0.265849 0.176415 0.270064 0.174646 0.268314 0.173438 0.272414 0.175793 0.276503 0.169882 0.2758 0.164467 0.289999 0.163906 0.283148 0.15585 0.296263 0.172455 0.279069 0.194893 0.253651 0.171264 0.269232 0.168027 0.27253 0.158584 0.286616 0.149447 0.301419 0.148579 0.308588 0.201887 0.249064 0.212987 0.246869 0.185549 0.256418 0.177006 0.261256 0.175228 0.261247 0.168536 0.268128 0.165888 0.271304 0.14787 0.2998 0.132159 0.326086 0.21208 0.241052 0.205913 0.242396 0.181302 0.25312 0.171263 0.260291 0.160142 0.263014 0.148651 0.284425 0.142913 0.294922 0.128707 0.31751 0.216156 0.239589 0.175566 0.259521 0.199819 0.244002 0.176965 0.250906 0.174719 0.257096 0.16296 0.261497 0.139409 0.284056 0.205376 0.23583 0.184886 0.246799 0.146314 0.272748 0.211018 0.234539 0.221603 0.234432 0.195954 0.237067 0.176309 0.247929 0.172017 0.252601 0.170463 0.254443 0.156462 0.253647 0.217123 0.230281 0.183672 0.242215 0.166399 0.253613 0.152105 0.26107 0.123866 0.307687 0.211378 0.227103 0.218125 0.225806 0.193718 0.229504 0.185417 0.23291 0.16972 0.246163 0.163708 0.247187 0.149558 0.255295 0.1357 0.277822 0.118549 0.303493 0.213237 0.222418 0.167148 0.24209 0.153202 0.248505 0.150929 0.244022 0.21889 0.221866 0.197099 0.224455 0.164561 0.235738 0.160448 0.239421 0.150653 0.247091 0.137356 0.268975 0.118572 0.297736 0.223787 0.216884 0.269656 0.215947 0.215073 0.217425 0.172929 0.229747 0.149012 0.244501 0.14396 0.253185 0.0953029 0.327433 0.270864 0.210901 0.219348 0.210384 0.202875 0.217427 0.148791 0.240535 0.147537 0.241691 0.146644 0.242402 0.142648 0.252295 0.123795 0.280907 0.0961091 0.322265 0.228017 0.210618 0.179021 0.221232 0.160726 0.229799 0.155971 0.232349 0.139114 0.253138 0.120059 0.279868 0.111119 0.293085 0.0899594 0.327758 0.278348 0.206449 0.207234 0.211797 0.157739 0.225035 0.138678 0.248455 0.128116 0.263946 0.0877709 0.326947 0.217926 0.206446 0.210546 0.205641 0.184346 0.215483 0.150885 0.227486 0.145506 0.238125 0.144653 0.240102 0.116316 0.277677 0.103164 0.299061 0.301131 0.200915 0.243745 0.199914 0.302377 0.194883 0.218068 0.201711 0.210765 0.200715 0.182282 0.212602 0.155323 0.220402 0.150733 0.221601 0.142617 0.236967 0.111234 0.279257 0.0899065 0.312866 0.265524 0.193982 0.22075 0.192573 0.217858 0.196455 0.210903 0.194232 0.193784 0.204957 0.154039 0.216042 0.146522 0.22388 0.146738 0.218819 0.141387 0.235035 0.120273 0.261916 0.100486 0.291409 0.082701 0.319341 0.205965 0.123061 0.222666 0.146764 0.206342 0.138689 0.207763 0.169487 0.177133 0.0626586 0.206664 0.150345 0.213263 0.163223 0.212193 0.168272 0.24869 0.137817 0.27092 0.174601 0.223541 0.187351 0.216024 0.187995 0.23651 0.0666168 0.2165 0.05808 0.23039 0.0259937 0.21788 0.0155466 0.197614 0.198973 0.149407 0.211907 0.14249 0.216075 0.139102 0.228093 0.136796 0.234527 0.13836 0.237301 0.122404 0.253003 0.130543 0.236965 0.172519 0.0205268 0.0993978 0.285653 0.186029 0.0670068 0.176311 0.0466101 0.0870665 0.308817 0.29348 0.146772 0.237057 0.089405 0.269249 0.102787 0.162803 0.0268362 0.177295 0.0748824 0.117136 0.0731392 0.154477 0.0149568 0.166038 0.0483897 0.175435 0.0851081 0.117509 0 0.0964295 0.0446856 0.110356 0.0909561 0.121855 0.0958561 0.085543 0.00908571 0.0909411 0.0379813 0.0831161 0.0127408 0.100394 0.0679017 0.118342 0.131079 0.191427 0.135717 0.18951 0.147341 0.197371 0.144964 0.202427 0.166995 0.146008 0.149639 0.185413 0.192909 0.208247 0.189679 0.154681 0.204924 0.124443 0.144994 0.12946 0.175759 0.131917 0.207593 0.143505 0.201781 0.138388 0.208375 0.135377 0.209813 0.13138 0.229496 0.127693 0.235235 0.0994544 0.280951 0.0901944 0.289085 0.0793737 0.311086 0.0700872 0.318949 0.0883778 0.0410625 0.101322 0.0825014 0.112541 0.121821 0.11809 0.146142 0.122784 0.172874 0.128953 0.214726 0.126867 0.228295 0.125208 0.232235 0.124143 0.235377 0.0763252 0.305177 0.0835334 0.0653638 0.0956477 0.109882 0.109502 0.140312 0.104951 0.222955 0.111938 0.241487 0.0591269 0.293573 0.0788479 0.0126856 0.100314 0.163932 0.107238 0.216613 0.0582556 0.0303928 0.103564 0.19209 0.104418 0.225478 0.0953441 0.24187 0.0492468 0.00285904 0.0684582 0.0607385 0.0763281 0.0841163 0.0897213 0.132213 0.0968732 0.161694 0.104194 0.216666 0.0722334 0.270524 0.0891292 0.244649 0.0428282 0.312131 0.0457215 0.00330036 0.0531172 0.0253797 0.0583953 0.04105 0.0772031 0.097635 0.0944546 0.164409 0.0996906 0.206272 0.0972415 0.202839 0.103136 0.22397 0.0680774 0.265412 0.0500146 0.255348 0.0673852 0.247337 0.0900886 0.236852 0.0744807 0.261672 0.0708166 0.266866 0.0473503 0.3003 0.0494173 0.0228316 0.0389474 0.0159638 0.0469247 0.0241443 0.0489057 0.0277844 0.0519492 0.0312182 0.0566364 0.0446018 0.0451074 0.0384208 0.044148 0.0482956 0.040951 0.0600684 0.0388227 0.0535068 0.0378693 0.0625061 0.0401853 0.069104 0.0356929 0.0728277 0.0652655 0.0709817 0.0631511 0.094904 0.0766825 0.105513 0.0460071 0.116667 0.0385214 0.0848057 0.0346627 0.0865299 0.0398405 0.0984904 0.0364941 0.104042 0.0409012 0.109987 0.0460397 0.12225 0.0739706 0.122925 0.0941222 0.175029 0.077435 0.154606 0.0551818 0.143698 0.0596229 0.151008 0.0663265 0.162799 0.05845 0.155845 0.0828313 0.1856 0.0781985 0.178305 0.0621276 0.16149 0.072311 0.170164 0.0683998 0.171239 0.0726883 0.173962 0.0732514 0.177605 0.0798953 0.186365 0.0913272 0.198072 0.0910188 0.204216 0.0929005 0.208561 0.0854807 0.195295 0.0969973 0.209622 0.100566 0.22296 0.0930651 0.219457 0.0920618 0.210282 0.0904711 0.231358 0.086534 0.231133 0.0850511 0.239026 0.0834661 0.234172 0.0773764 0.24218 0.07052 0.244061 0.0726555 0.240949 0.0735928 0.257723 0.0433151 0.123774 0.0397386 0.116387 0.0515045 0.144041 0.0568497 0.248264 0.0642214 0.244871 0.0594703 0.249169 0.0479498 0.253438 0.045703 0.257178 0.0382482 0.259111 0.0345997 0.258298 0.0466953 0.278939 0.0468906 0.295962 0.0329913 0.262775 0.0259555 0.264276 0.0264681 0.259355 0.0141704 0.268266 0.0140237 0.272609 3.60943e-05 0.322655 0.0453008 0.0263265 0.0458773 0.028665 0.0411479 0.0393801 0.0339929 0.0611452 0.0322155 0.0773159 0.0316736 0.0916939 0.0893504 0.207681 0.0458878 0.137163 0.0482632 0.250492 0.0372966 0.2547 0.0166928 0.115961 0.0251846 0.243125 0.0256765 0.0216464 0.0131123 0.0593856 0.0227929 0.130924 0.0546172 0.181045 0.0461325 0.169468 0.0597279 0.188024 0.0747271 0.208197 0.0752135 0.209246 0.0652914 0.227194 0.0368964 0.156698 0.0708129 0.203444 0.0660236 0.196631 0.0723341 0.223218 0.0712135 0.224407 0.0296813 0.144013 0.0474903 0.236949 0.018105 0.258785 0.075469 0.210593 0.0580391 0.23139 0.0357485 0.240638 0.0130841 0.243688 0.0104122 0.0955945 0.0122664 0.113747 0.0452341 0.172386 0.0642116 0.197977 0.0552487 0.185574 0.0737076 0.209869 0.0685553 0.204263 0.0714637 0.218194 0.0704865 0.222448 0.0633535 0.225324 0.0590874 0.228429 0.0192398 0.131741 0.0289831 0.149704 0.0358851 0.159827 0.0466824 0.235244 0.0288088 0.240664 0.0143167 0.241931 4.1917e-05 0.242381 0.0603564 0.198733 0.0429817 0.175056 0.0514395 0.185931 0.0637325 0.208091 0.0687929 0.213298 0.0613152 0.202147 0.0592477 0.202156 0.06629 0.215367 0.0623891 0.221293 0.0170876 0.140301 0.00777266 0.120437 0.0584862 0.223881 0.0549271 0.226887 0.0564516 0.223178 0.0252773 0.153132 0.0343023 0.164376 0.0461766 0.232816 0.0421733 0.233446 0.0299838 0.237885 0.0148686 0.239117 0.00353168 0.239224 0.0410273 0.176411 0.0480152 0.186388 0.0523791 0.190169 0.0561281 0.197577 0.0589421 0.207613 0.0598171 0.218941 0.058535 0.213714 0.0534818 0.225241 0.0298658 0.164172 0.0202276 0.236039 0.0100755 0.235926 0.0454634 0.227919 0.0392876 0.232527 0.0315279 0.235175 0.0455322 0.193088 0.0500622 0.19583 0.0550154 0.201361 0.055822 0.218656 0.00725525 0.139718 0.0150703 0.157424 0.0332693 0.173688 0.0493587 0.222214 0.0504778 0.202159 0.0533339 0.205398 0.0553815 0.208774 0.0570909 0.213092 0.0544949 0.2157 0.0502166 0.217055 0.0330597 0.181545 0.0195879 0.229615 0.0303374 0.230121 0.0420522 0.228043 0.0232195 0.169903 0.0495829 0.199588 0.038967 0.18961 0.0118371 0.229965 0.00438237 0.229254 0.051057 0.21484 0.0372172 0.227987 0.0504379 0.208852 0.0507115 0.210286 0.0518254 0.212696 0.0497732 0.21555 0.048234 0.217762 0.00367364 0.149689 0.0471735 0.22113 0.0419716 0.225309 0.0445652 0.195914 0.045505 0.200726 0.0486044 0.206819 0 0.160159 0.0138961 0.166043 0.0204363 0.17146 0.0299785 0.228207 0.0153679 0.224571 0.0107227 0.223334 0.0440749 0.221256 0.0409687 0.194263 0.0427846 0.198267 0.0484071 0.211114 0.0486289 0.212265 0.0478324 0.213696 0.0163321 0.176898 0.0212238 0.17842 0.0260666 0.182865 0.0379468 0.193395 0.0244356 0.226078 0.0284016 0.225575 0.0222481 0.224985 0.0412803 0.223112 0.0344231 0.225826 0.0417592 0.197348 0.0478418 0.210131 0.0462032 0.205132 0.0466959 0.215685 0.00716304 0.170847 0.0318028 0.189913 0.00583127 0.223692 0.0423935 0.19979 0.038884 0.200138 0.045337 0.208815 0.04709 0.21411 0.00999333 0.181456 0.0193844 0.185712 0.0246361 0.218859 0.0170519 0.217844 0.0099985 0.219864 0.00324995 0.2222 0.0417017 0.221615 0.0434058 0.218561 0.0389651 0.22187 0.0362528 0.222773 0.0318949 0.223656 0.0344393 0.19615 0.0421251 0.201645 0.046673 0.209404 0.0469741 0.211407 0.0438337 0.208574 0.0464552 0.21458 0.0455099 0.216238 0.011835 0.190445 0.0262737 0.221959 0.0418895 0.219689 0.041974 0.204966 0.0462178 0.212928 0.0435696 0.216393 0.0235321 0.1955 0.0157096 0.192016 0.0287721 0.219881 0.0399094 0.220589 0.0383718 0.220125 0.0372435 0.219014 0.0388915 0.202508 0.045576 0.210366 0.0454948 0.211467 0.0445708 0.214244 0.0340601 0.217809 0.035826 0.20206 0.0455669 0.212171 0.0453775 0.213388 0.0309092 0.205413 0.0308932 0.21909 0.0279817 0.215885 0.0215415 0.216636 0.0364757 0.204948 0.0382296 0.208144 0.0442754 0.211514 0.0187144 0.198737 0.0314198 0.217149 0.0408173 0.217064 0.038127 0.217271 0.0434193 0.210899 0.0444835 0.213686 0.0442406 0.214736 0.0267472 0.205381 0.023687 0.212532 0.042598 0.210226 0.0415094 0.210107 0.0444745 0.213186 0.0429856 0.214988 0.0346988 0.20847 0.0302413 0.215153 0.0423289 0.214771 0.043247 0.211836 0.0439942 0.212432 0.044434 0.21275 0.0327743 0.215608 0.038807 0.21526 0.0406837 0.210506 0.0438308 0.213982 0.0265843 0.208126 0.0426346 0.211661 0.0437239 0.212833 0.0437876 0.213172 0.0435664 0.213463 0.0282585 0.21038 0.0319461 0.212712 0.0361569 0.212907 0.0338222 0.210994 0.0417269 0.21159 0.0435721 0.212371 0.0433323 0.213688 0.0429333 0.214264 0.02915 0.209246 0.04043 0.212069 0.0433074 0.212207 0.0349669 0.212658 0.0421653 0.212356 0.0434391 0.212625 0.0432624 0.212714 0.0432332 0.213205 0.0428047 0.21377 0.0423361 0.213912 0.0401088 0.213798 0.0388979 0.212785 0.0325548 0.209861 0.0373107 0.213284 0.040508 0.212677 0.0427369 0.212526 0.0415448 0.212555 0.0430904 0.213307 0.0406771 0.213392 0.0421843 0.213672 0.0425903 0.21355 0.03629 0.211357 0.038085 0.211501 0.0404597 0.21353 0.0428858 0.212677 0.0415554 0.213329 0.0419555 0.213428 0.0424411 0.213344 0.0423732 0.213354 0.0428812 0.213299 0.0420812 0.213385 0.0412204 0.212961 0.0339383 0.209366 0.040783 0.214359 0.0423982 0.212644 0.0430687 0.212794 0.0430214 0.212959 0.0422368 0.21283 0.0423387 0.213132 0.0401551 0.211735 0.0363916 0.209511 0.0422373 0.214412 0.0422496 0.213398 0.0428386 0.212983 0.0429764 0.213096 0.0427334 0.213235 0.039063 0.209135 0.042759 0.212736 0.0425356 0.212835 0.0428865 0.212802 0.0425067 0.213113 0.0424963 0.212183 0.0352583 0.206853 0.0428018 0.212923 0.0427098 0.213072 0.0445385 0.211115 0.701505 0.542665 0.708108 0.52231 0.71602 0.530286 0.719472 0.520623 0.708711 0.433954 0.726111 0.436366 0.71087 0.445535 0.714451 0.467717 0.713549 0.455212 0.728735 0.473259 0.727533 0.454391 0.720615 0.416793 0.70418 0.420478 0.712532 0.50797 0.724079 0.50519 0.71203 0.497881 0.728403 0.480728 0.716797 0.481768 0.72723 0.488141 0.708223 0.487989 0.69994 0.443278 0.698772 0.432983 0.706821 0.459689 0.700504 0.451323 0.704508 0.472838 0.690205 0.421682 0.705991 0.480053 0.691725 0.440459 0.697402 0.459223 0.699311 0.469273 0.702177 0.492752 0.693303 0.534543 0.699318 0.517817 0.701069 0.502044 0.689311 0.529106 0.681495 0.442416 0.686071 0.451031 0.680531 0.425186 0.685663 0.408136 0.689282 0.458265 0.700093 0.478953 0.70223 0.483159 0.676007 0.397657 0.678134 0.454828 0.680465 0.457799 0.688344 0.465381 0.698293 0.477217 0.675168 0.461447 0.692433 0.470216 0.698577 0.480358 0.682642 0.53193 0.691043 0.502747 0.695612 0.489797 0.67964 0.528658 0.67223 0.456059 0.672371 0.445505 0.685662 0.468612 0.697233 0.477709 0.687509 0.500191 0.696566 0.478522 0.670812 0.421001 0.666726 0.396149 0.649754 0.51481 0.648309 0.508357 0.650905 0.508266 0.644645 0.511821 0.650001 0.504686 0.657911 0.51311 0.655368 0.504187 0.653245 0.502189 0.671821 0.540794 0.675728 0.521164 0.661661 0.492723 0.659864 0.486627 0.673975 0.464465 0.670655 0.460954 0.68812 0.474528 0.64454 0.509612 0.647521 0.503687 0.649975 0.500733 0.666866 0.461558 0.665918 0.452873 0.665899 0.440469 0.66543 0.427234 0.662037 0.404081 0.640924 0.521753 0.642536 0.508848 0.653154 0.489578 0.662865 0.465481 0.637572 0.520967 0.642406 0.501886 0.643463 0.498757 0.646107 0.49274 0.652508 0.482894 0.658135 0.465967 0.661372 0.458207 0.663024 0.447394 0.662838 0.439884 0.661305 0.432994 0.659526 0.411755 0.638098 0.50754 0.642562 0.49638 0.65729 0.446618 0.634542 0.519905 0.637841 0.498753 0.637718 0.496543 0.643321 0.48509 0.652404 0.470224 0.65474 0.458299 0.655748 0.423059 0.654017 0.413817 0.634492 0.507812 0.645816 0.475082 0.648085 0.461776 0.652969 0.440205 0.651216 0.43133 0.630719 0.5203 0.633015 0.524439 0.629913 0.522111 0.632642 0.498381 0.634272 0.494174 0.648621 0.449809 0.650773 0.419315 0.649123 0.413086 0.624452 0.523664 0.622091 0.52062 0.625397 0.5228 0.627105 0.524767 0.628724 0.508003 0.635728 0.48962 0.639355 0.483801 0.641097 0.470826 0.645768 0.453172 0.644274 0.441051 0.643729 0.435924 0.645236 0.428158 0.647118 0.416376 0.644802 0.407965 0.624737 0.519409 0.628965 0.505811 0.629845 0.495866 0.632381 0.494424 0.63754 0.482208 0.641241 0.463904 0.643494 0.422399 0.638908 0.41755 0.622082 0.522316 0.622492 0.52523 0.625204 0.514045 0.62442 0.505922 0.627716 0.491592 0.626708 0.495185 0.62754 0.488373 0.631583 0.484665 0.635068 0.467364 0.635285 0.459117 0.638779 0.446961 0.63805 0.432437 0.637381 0.424144 0.620568 0.524681 0.62252 0.517844 0.624363 0.49861 0.624467 0.493608 0.639356 0.43922 0.632815 0.408902 0.621336 0.527171 0.619492 0.522838 0.62036 0.521031 0.620076 0.519985 0.621848 0.515648 0.622672 0.494063 0.624071 0.490152 0.635043 0.442775 0.617397 0.524466 0.619307 0.517234 0.621328 0.492607 0.625774 0.485448 0.628706 0.470967 0.630976 0.449875 0.633546 0.418645 0.621648 0.535989 0.618843 0.52695 0.616606 0.52304 0.618494 0.519721 0.618655 0.518506 0.619117 0.515193 0.621335 0.502341 0.620658 0.493018 0.621275 0.491071 0.62295 0.485961 0.619887 0.538041 0.617141 0.528044 0.616494 0.52077 0.616722 0.516757 0.619789 0.503304 0.625717 0.465111 0.627881 0.443028 0.62962 0.421442 0.630381 0.386571 0.617356 0.534177 0.619586 0.493103 0.619512 0.493037 0.626432 0.426577 0.620204 0.547488 0.628649 0.388823 0.615237 0.526604 0.613126 0.518414 0.615153 0.514029 0.619671 0.488811 0.623409 0.458767 0.626545 0.40109 0.616669 0.538769 0.613524 0.524652 0.614026 0.520946 0.613835 0.51673 0.617483 0.493392 0.617835 0.494123 0.619682 0.476918 0.62245 0.444963 0.624302 0.407755 0.624838 0.396167 0.616923 0.548708 0.613796 0.535256 0.61216 0.514977 0.61645 0.492851 0.616833 0.47587 0.619835 0.446685 0.620844 0.42408 0.622786 0.393797 0.611159 0.52683 0.610485 0.523874 0.610927 0.520501 0.611129 0.519112 0.610802 0.517557 0.615406 0.492946 0.617907 0.445667 0.620683 0.391033 0.615055 0.54854 0.611453 0.533849 0.609706 0.516105 0.612641 0.493866 0.61424 0.492057 0.613664 0.479969 0.613656 0.459629 0.615478 0.462984 0.618709 0.409141 0.616865 0.399591 0.62004 0.387144 0.618818 0.370907 0.611616 0.538985 0.608405 0.525863 0.610084 0.543133 0.605848 0.525249 0.60772 0.524057 0.60782 0.521544 0.609236 0.518987 0.607752 0.517624 0.605022 0.519719 0.610323 0.505956 0.609709 0.492876 0.609428 0.488689 0.609006 0.462895 0.609899 0.440567 0.612071 0.405753 0.615224 0.362771 0.612093 0.555722 0.60603 0.534171 0.603339 0.520229 0.605003 0.521781 0.605526 0.506868 0.606925 0.494102 0.607244 0.492066 0.607121 0.490237 0.60662 0.468693 0.607462 0.443143 0.60974 0.403013 0.61508 0.36775 0.613169 0.364192 0.602528 0.515852 0.604869 0.458198 0.6062 0.429063 0.605481 0.395767 0.603018 0.366078 0.614756 0.563114 0.603808 0.566329 0.598263 0.522833 0.598264 0.516365 0.602231 0.434238 0.600111 0.417619 0.598707 0.549915 0.599411 0.521456 0.599712 0.517958 0.600912 0.496167 0.592852 0.492058 0.590206 0.482227 0.589799 0.463377 0.619602 0.577732 0.59866 0.519002 0.594225 0.535176 0.596817 0.519853 0.593743 0.522911 0.594882 0.521412 0.595526 0.51947 0.592548 0.517033 0.592354 0.49832 0.592627 0.489483 0.5918 0.409249 0.590841 0.521844 0.592104 0.520841 0.592997 0.490803 0.590027 0.43518 0.610955 0.58811 0.593245 0.389241 0.594815 0.369122 0.591417 0.490854 0.591631 0.490121 0.587995 0.48306 0.587562 0.444875 0.590105 0.404006 0.604608 0.573069 0.59831 0.553416 0.59307 0.536558 0.588745 0.520229 0.591971 0.379266 0.570489 0.460373 0.564592 0.447612 0.568905 0.453652 0.559125 0.425967 0.561503 0.428681 0.578591 0.45035 0.574354 0.413685 0.587115 0.502639 0.590363 0.490721 0.585361 0.500166 0.582975 0.483248 0.584973 0.481774 0.582766 0.478079 0.585094 0.474072 0.579552 0.469075 0.576823 0.46956 0.584989 0.447952 0.585701 0.406214 0.587609 0.406768 0.604393 0.576789 0.596882 0.55358 0.59808 0.561664 0.59138 0.567067 0.589923 0.550363 0.582968 0.565487 0.588858 0.575206 0.584027 0.571582 0.58086 0.564061 0.57685 0.547801 0.578504 0.557101 0.578277 0.558518 0.590847 0.535367 0.575685 0.532324 0.586782 0.520956 0.558773 0.412388 0.578776 0.518007 0.562701 0.394946 0.559989 0.398257 0.585038 0.5055 0.561829 0.38794 0.567142 0.378576 0.578061 0.515454 0.582094 0.393959 0.566965 0.372038 0.571348 0.368442 0.576003 0.551442 0.574276 0.541298 0.574622 0.527261 0.58758 0.382181 0.589159 0.387409 0.592714 0.344435 0.581812 0.353295 0.581205 0.568229 0.577852 0.561178 0.574999 0.553434 0.577464 0.51272 0.58133 0.504825 0.581679 0.501059 0.573485 0.546751 0.572993 0.527308 0.572521 0.539272 0.574814 0.518983 0.567557 0.459851 0.572004 0.466651 0.563887 0.451156 0.560495 0.442576 0.559431 0.436129 0.557375 0.427652 0.556367 0.417527 0.580326 0.483839 0.579715 0.48069 0.578825 0.477974 0.556381 0.406562 0.558498 0.392853 0.561514 0.379781 0.564068 0.372918 0.568681 0.360633 0.57491 0.575796 0.559488 0.536196 0.540151 0.403071 0.546329 0.456165 0.554945 0.4739 0.567356 0.501996 0.56846 0.500447 0.56677 0.498633 0.560471 0.544716 0.545702 0.38047 0.559706 0.47982 0.563658 0.484475 0.549973 0.367334 0.571495 0.569167 0.568006 0.56502 0.560808 0.520254 0.55087 0.465572 0.543882 0.44604 0.564767 0.485633 0.541231 0.413911 0.566296 0.557919 0.563464 0.51018 0.542167 0.439301 0.543288 0.392886 0.551353 0.358196 0.562634 0.551762 0.558353 0.530343 0.542184 0.426766 0.566627 0.486918 0.573077 0.575053 0.570558 0.570285 0.565552 0.561285 0.562277 0.506026 0.566186 0.500375 0.558004 0.520123 0.560095 0.513399 0.540169 0.430468 0.53903 0.416233 0.541351 0.387473 0.5457 0.370886 0.544927 0.461654 0.533994 0.420862 0.536223 0.440083 0.56432 0.495902 0.559938 0.502254 0.559865 0.492904 0.563421 0.486387 0.557406 0.482072 0.554503 0.478333 0.55004 0.474408 0.549299 0.476945 0.570032 0.573533 0.565734 0.565849 0.564707 0.499911 0.559085 0.507379 0.535769 0.411658 0.560344 0.55773 0.536301 0.390852 0.557702 0.550767 0.556066 0.544316 0.55546 0.53725 0.541146 0.373041 0.553997 0.527036 0.545846 0.359378 0.555946 0.514697 0.552622 0.520455 0.554543 0.510386 0.566544 0.571321 0.562332 0.563375 0.552768 0.533799 0.55103 0.514481 0.551624 0.509468 0.554092 0.50465 0.551557 0.501259 0.549634 0.495492 0.553239 0.486305 0.546807 0.478711 0.551177 0.482487 0.542952 0.465996 0.538101 0.45383 0.533039 0.433622 0.532064 0.405 0.536946 0.376755 0.539396 0.36536 0.542913 0.357712 0.561645 0.567083 0.55615 0.556473 0.55298 0.54485 0.547748 0.525804 0.544553 0.530087 0.547458 0.486834 0.542735 0.476258 0.530436 0.419206 0.533296 0.447552 0.531445 0.389281 0.545321 0.518839 0.542065 0.512689 0.544759 0.505429 0.544271 0.500136 0.543635 0.495751 0.541593 0.488458 0.542482 0.482224 0.534399 0.466408 0.535848 0.475035 0.525307 0.432743 0.522712 0.416204 0.524181 0.403969 0.524674 0.388071 0.531742 0.363039 0.561189 0.573805 0.555977 0.569362 0.536942 0.349101 0.553178 0.56248 0.547446 0.547889 0.544118 0.533931 0.532838 0.482594 0.549481 0.553887 0.542338 0.523837 0.53538 0.507867 0.53382 0.497603 0.529717 0.459805 0.526505 0.474997 0.524565 0.441931 0.530717 0.489739 0.526911 0.376023 0.529131 0.511453 0.533914 0.503941 0.532999 0.492957 0.518249 0.428774 0.527515 0.358079 0.521249 0.372037 0.517312 0.435506 0.515822 0.423746 0.524138 0.454236 0.527793 0.494354 0.556849 0.575807 0.543862 0.554538 0.543997 0.544434 0.539084 0.534881 0.535115 0.529634 0.534997 0.52212 0.52334 0.465608 0.521896 0.470178 0.515834 0.413777 0.516953 0.401221 0.517749 0.389296 0.518714 0.38171 0.521238 0.378183 0.530223 0.345854 0.524539 0.489035 0.523637 0.509161 0.52436 0.506696 0.549111 0.568989 0.547076 0.561437 0.540198 0.548018 0.524214 0.50424 0.518145 0.450184 0.523164 0.349854 0.5235 0.483894 0.552485 0.576196 0.535157 0.538293 0.529311 0.518508 0.520247 0.477304 0.51009 0.43333 0.524215 0.493249 0.506181 0.412009 0.507046 0.405519 0.508762 0.393655 0.514125 0.374749 0.519627 0.363612 0.5407 0.565374 0.538082 0.55857 0.531953 0.545637 0.531421 0.526441 0.513463 0.47042 0.515692 0.461975 0.51083 0.38244 0.506809 0.376702 0.523508 0.340156 0.502756 0.419415 0.518907 0.496986 0.518201 0.494203 0.539192 0.579774 0.530425 0.531414 0.5213 0.514446 0.509881 0.369493 0.517606 0.352591 0.518097 0.343881 0.528668 0.537629 0.525672 0.532403 0.525171 0.522973 0.504533 0.443651 0.496227 0.433596 0.503472 0.426486 0.511224 0.455488 0.514195 0.49004 0.503437 0.371118 0.509699 0.36196 0.526399 0.334315 0.524125 0.328125 0.517134 0.505939 0.519559 0.503998 0.530715 0.554218 0.517293 0.518857 0.507452 0.465125 0.507062 0.487586 0.518716 0.499674 0.512507 0.342346 0.496425 0.442391 0.503226 0.458309 0.516642 0.511333 0.516507 0.507666 0.53119 0.5632 0.522689 0.545732 0.523265 0.540217 0.493639 0.396683 0.532076 0.574643 0.52771 0.557537 0.51871 0.53015 0.50629 0.471144 0.508555 0.478546 0.515228 0.497662 0.489867 0.412893 0.496899 0.386275 0.498304 0.377295 0.503778 0.363469 0.502676 0.349609 0.492246 0.421971 0.501774 0.46654 0.513732 0.503635 0.512571 0.501798 0.494454 0.381579 0.493812 0.451478 0.498771 0.365525 0.497224 0.358579 0.512908 0.513752 0.525615 0.571463 0.519624 0.571587 0.521147 0.554334 0.50978 0.524994 0.495424 0.473217 0.508076 0.492288 0.486456 0.374885 0.474891 0.431637 0.482671 0.441191 0.511019 0.509436 0.491206 0.469448 0.511534 0.498974 0.50948 0.496094 0.517443 0.548551 0.481522 0.406756 0.488094 0.386698 0.511044 0.505457 0.52558 0.582471 0.509019 0.540402 0.50995 0.519318 0.501358 0.487946 0.479574 0.425901 0.484756 0.390948 0.509933 0.51222 0.510872 0.507679 0.513215 0.555841 0.503071 0.492283 0.496014 0.491182 0.483278 0.456831 0.517404 0.576366 0.50785 0.516324 0.510055 0.503542 0.509881 0.501504 0.508771 0.499543 0.503779 0.496839 0.506037 0.49786 0.479175 0.390022 0.479246 0.372806 0.470993 0.442079 0.469598 0.40216 0.481363 0.469821 0.507796 0.50413 0.498961 0.497511 0.511681 0.569066 0.504049 0.520661 0.502538 0.51239 0.502543 0.515377 0.488705 0.482633 0.497153 0.493728 0.507759 0.506585 0.50965 0.576092 0.50386 0.548922 0.50192 0.536552 0.474896 0.4592 0.503206 0.519681 0.507693 0.50344 0.508512 0.501683 0.507484 0.507663 0.50558 0.509059 0.514203 0.583558 0.503549 0.560913 0.498338 0.541777 0.499357 0.526614 0.497202 0.522087 0.496455 0.513945 0.49651 0.51066 0.491417 0.491155 0.49245 0.501852 0.477958 0.475328 0.46881 0.431435 0.505876 0.501785 0.503952 0.500437 0.505597 0.50057 0.471722 0.384695 0.473666 0.368673 0.4978 0.558707 0.485048 0.528062 0.464868 0.430016 0.504133 0.508017 0.469493 0.457936 0.492315 0.509551 0.501662 0.50684 0.496223 0.504958 0.502778 0.501894 0.465814 0.40035 0.469704 0.375672 0.506241 0.506828 0.508239 0.580786 0.491072 0.546323 0.483859 0.522875 0.501046 0.503853 0.480818 0.503059 0.48449 0.494836 0.47186 0.477224 0.461159 0.430092 0.461571 0.411001 0.464256 0.454069 0.506616 0.505431 0.46475 0.381692 0.504573 0.5069 0.491634 0.567764 0.476502 0.498407 0.464589 0.48045 0.455536 0.454416 0.453222 0.429664 0.455996 0.403446 0.506523 0.503778 0.505131 0.502421 0.505786 0.505281 0.475033 0.558267 0.503651 0.505335 0.503774 0.503331 0.50551 0.504144 0.46356 0.532123 0.454869 0.499582 0.442226 0.463886 0.438798 0.435468 0.441008 0.404062 0.461413 0.523819 0.459944 0.509072 0.438986 0.39068 0.489319 0.594428 0.463196 0.573835 0.471951 0.592917 0.461734 0.552562 0.447775 0.521626 0.441224 0.5095 0.431048 0.466951 0.427632 0.440323 0.431488 0.414851 0.449352 0.528257 0.420581 0.493015 0.444709 0.515468 0.438332 0.565847 0.442771 0.535295 0.421626 0.501275 0.408647 0.462737 0.407577 0.4219 0.448959 0.587836 0.442514 0.542847 0.430414 0.525887 0.411832 0.519902 0.410389 0.445728 0.429015 0.565567 0.43767 0.580959 0.408694 0.484496 0.413461 0.496406 0.398391 0.439079 0.426071 0.578876 0.402571 0.550334 0.399938 0.538995 0.395962 0.531206 0.370542 0.514997 0.387003 0.456567 0.340131 0.592068 0.361443 0.496226 0.388311 0.547164 0.374503 0.483596 0.358525 0.509999 0.376919 0.524002 0.371698 0.458985 0.378034 0.530904 0.332776 0.551022 0.327782 0.509861 0.325019 0.538593 0.326961 0.544931 0.350316 0.562084 0.338769 0.557049 0.309427 0.571059 0.296626 0.530436 0.294922 0.567166 0.287102 0.428192 0.29041 0.411669 0.289112 0.433662 0.293491 0.409852 0.29425 0.376742 0.284534 0.427718 0.284089 0.433409 0.282102 0.4254 0.286163 0.422068 0.283029 0.416591 0.280309 0.418931 0.286035 0.400881 0.277995 0.415612 0.274861 0.404419 0.281605 0.444562 0.2907 0.383387 0.267236 0.383728 0.291175 0.350342 0.273431 0.354466 0.268278 0.396217 0.267989 0.388504 0.262372 0.381976 0.261165 0.367517 0.25876 0.371005 0.253007 0.357045 0.278553 0.4238 0.279192 0.426864 0.277677 0.421391 0.273766 0.413028 0.279 0.445833 0.268873 0.403139 0.264279 0.393785 0.260609 0.384495 0.255943 0.371287 0.262233 0.428397 0.265966 0.445199 0.252079 0.410425 0.258215 0.450415 0.262311 0.447629 0.271043 0.461313 0.268233 0.470799 0.257597 0.418664 0.239269 0.381131 0.254766 0.457865 0.263878 0.47458 0.246809 0.399315 0.262785 0.429916 0.251991 0.468961 0.266619 0.477376 0.25292 0.478891 0.267557 0.486309 0.263091 0.443215 0.232751 0.363623 0.262871 0.426256 0.279299 0.448552 0.254038 0.486581 0.256668 0.422427 0.261342 0.445417 0.251267 0.415973 0.249976 0.470025 0.251437 0.48419 0.253972 0.498643 0.245312 0.403435 0.241152 0.393189 0.234858 0.378515 0.229152 0.361557 0.260524 0.435137 0.25956 0.428391 0.254269 0.43683 0.252811 0.423934 0.253491 0.444423 0.250211 0.449182 0.251019 0.453096 0.245837 0.421583 0.249374 0.459299 0.24826 0.454423 0.247222 0.463424 0.247211 0.472179 0.247047 0.48076 0.242873 0.409569 0.237187 0.400475 0.234809 0.38901 0.227963 0.370778 0.250297 0.495134 0.250558 0.502847 0.225528 0.350733 0.222374 0.356275 0.246521 0.434281 0.246949 0.428738 0.242724 0.422828 0.245504 0.459046 0.242602 0.477663 0.239194 0.409256 0.229774 0.390789 0.224929 0.374886 0.245781 0.494924 0.220964 0.36407 0.216509 0.350218 0.243839 0.442042 0.243331 0.448383 0.240093 0.431597 0.238681 0.418959 0.241428 0.469268 0.232821 0.409417 0.232114 0.418144 0.228298 0.401478 0.24734 0.51554 0.237312 0.453767 0.234691 0.426874 0.210956 0.364217 0.237452 0.436464 0.230697 0.450067 0.235915 0.460045 0.216352 0.381804 0.238977 0.491019 0.236748 0.474426 0.241021 0.502129 0.241182 0.513334 0.205106 0.351935 0.230563 0.440543 0.232766 0.444722 0.229806 0.43399 0.229202 0.424557 0.226703 0.413667 0.223418 0.408023 0.219765 0.39558 0.242598 0.521214 0.229933 0.465798 0.231302 0.472862 0.232499 0.481686 0.233304 0.487094 0.236951 0.494286 0.239503 0.509859 0.212977 0.377939 0.208567 0.365115 0.224639 0.446689 0.227322 0.454949 0.222839 0.435879 0.225511 0.431384 0.219569 0.41984 0.215748 0.39591 0.213467 0.389278 0.208704 0.382393 0.233467 0.497461 0.234235 0.504025 0.233314 0.506455 0.207479 0.37578 0.204281 0.371448 0.236297 0.517116 0.198283 0.361009 0.221906 0.449263 0.222737 0.45254 0.226511 0.440413 0.228006 0.460229 0.228502 0.470236 0.21903 0.413248 0.237047 0.52715 0.219159 0.409889 0.196629 0.352514 0.21991 0.434183 0.227219 0.476759 0.213139 0.405295 0.205444 0.387965 0.229771 0.493596 0.227532 0.510151 0.201483 0.374779 0.218907 0.443586 0.217464 0.430949 0.215851 0.42356 0.222576 0.462731 0.226564 0.469671 0.212811 0.415438 0.212405 0.409659 0.206917 0.397742 0.227846 0.498431 0.190148 0.371453 0.189839 0.350667 0.229468 0.520571 0.218803 0.440632 0.21534 0.459334 0.21592 0.467523 0.223012 0.471575 0.237825 0.536934 0.22724 0.544854 0.197392 0.394419 0.22279 0.481307 0.224763 0.489076 0.225752 0.492321 0.223621 0.49934 0.22406 0.505226 0.196631 0.385119 0.22074 0.476558 0.208756 0.412929 0.207207 0.409802 0.221807 0.493505 0.221626 0.517948 0.177569 0.368612 0.234414 0.545129 0.216191 0.43912 0.216187 0.447284 0.219448 0.502219 0.221064 0.529764 0.229661 0.55212 0.213695 0.450554 0.216683 0.45474 0.21687 0.473291 0.20635 0.423129 0.215901 0.478413 0.196998 0.409856 0.221553 0.539406 0.216312 0.487929 0.212356 0.488443 0.216622 0.496982 0.219752 0.511133 0.187363 0.38662 0.179835 0.377908 0.215093 0.44311 0.213034 0.441692 0.210732 0.473968 0.202162 0.420631 0.190788 0.393222 0.211259 0.483657 0.21152 0.445937 0.208087 0.438439 0.21119 0.459249 0.203867 0.430364 0.206899 0.434602 0.21665 0.519558 0.212181 0.505576 0.221197 0.548278 0.214972 0.509523 0.214252 0.5126 0.222787 0.555516 0.230967 0.555555 0.170993 0.350525 0.211194 0.443689 0.207895 0.440636 0.209531 0.447696 0.209193 0.450149 0.211528 0.455994 0.189418 0.401233 0.211449 0.536084 0.218015 0.547042 0.222442 0.561443 0.227865 0.562611 0.206726 0.465473 0.199226 0.430489 0.193546 0.419406 0.176664 0.390762 0.209382 0.492759 0.207094 0.503566 0.207949 0.508413 0.170947 0.383251 0.169549 0.371592 0.154461 0.34942 0.158345 0.357874 0.206617 0.519951 0.208878 0.550013 0.212167 0.545168 0.222336 0.567748 0.225065 0.575417 0.209298 0.453006 0.187213 0.413248 0.203978 0.501931 0.21236 0.557088 0.208697 0.445186 0.207745 0.442717 0.202189 0.434552 0.208156 0.458631 0.204428 0.475713 0.176794 0.397758 0.203165 0.514198 0.218152 0.578959 0.2027 0.441269 0.208429 0.44812 0.202622 0.454606 0.201741 0.437215 0.196845 0.435049 0.168512 0.390934 0.202173 0.540742 0.20403 0.443587 0.204315 0.459632 0.202607 0.465644 0.201049 0.4731 0.19856 0.480959 0.219101 0.587388 0.211178 0.581591 0.199327 0.517547 0.20023 0.531289 0.215191 0.590275 0.208072 0.563888 0.203933 0.555935 0.19071 0.425766 0.181989 0.416245 0.174639 0.404192 0.198219 0.497294 0.200174 0.509635 0.164669 0.382648 0.206308 0.445489 0.206873 0.445939 0.205744 0.4485 0.205687 0.451226 0.198979 0.439486 0.20003 0.464909 0.200552 0.460092 0.19865 0.472942 0.214249 0.59669 0.185672 0.424198 0.196499 0.44522 0.19432 0.443619 0.193532 0.436386 0.197446 0.452356 0.192257 0.475156 0.195316 0.483567 0.204752 0.576005 0.207194 0.588667 0.174416 0.411416 0.195093 0.504326 0.196762 0.51158 0.162224 0.392085 0.15238 0.370119 0.142811 0.347594 0.198346 0.537131 0.202068 0.5589 0.204456 0.444807 0.205437 0.446734 0.204283 0.449871 0.201212 0.443463 0.2016 0.44483 0.196177 0.450087 0.1892 0.439762 0.187028 0.443436 0.19502 0.458609 0.192096 0.490521 0.210752 0.605069 0.174607 0.42079 0.165848 0.399478 0.192775 0.505834 0.195102 0.51943 0.199777 0.549679 0.20145 0.449216 0.188995 0.45388 0.164278 0.402808 0.185437 0.488164 0.191279 0.515172 0.155742 0.385959 0.146397 0.364674 0.138325 0.343378 0.195097 0.535615 0.195353 0.551516 0.197247 0.563513 0.204832 0.446249 0.20366 0.445221 0.204682 0.447689 0.203165 0.448448 0.20054 0.447919 0.188487 0.459454 0.185556 0.475448 0.203642 0.601551 0.196853 0.580355 0.204393 0.605412 0.182357 0.439495 0.167611 0.422858 0.155827 0.402015 0.186812 0.504715 0.188068 0.520605 0.145823 0.379474 0.134535 0.352614 0.189643 0.535988 0.203324 0.446844 0.173038 0.448527 0.175721 0.457961 0.176617 0.463462 0.194438 0.602682 0.194685 0.606028 0.179068 0.497775 0.179552 0.511942 0.179857 0.521189 0.151844 0.403121 0.126633 0.328125 0.181752 0.53328 0.189523 0.570654 0.201179 0.611337 0.201392 0.628112 0.194914 0.615362 0.193607 0.627932 0.175487 0.482883 0.170139 0.445744 0.157136 0.424311 0.139443 0.386719 0.122732 0.344385 0.186339 0.557426 0.192393 0.590911 0.193738 0.610793 0.201759 0.615959 0.131418 0.364892 0.193503 0.613423 0.17024 0.491985 0.172516 0.508912 0.125449 0.377332 0.17933 0.551489 0.183204 0.576334 0.159249 0.448585 0.157881 0.439232 0.169214 0.478637 0.150311 0.425927 0.140254 0.409201 0.132008 0.391449 0.118117 0.359501 0.111661 0.342193 0.176075 0.532304 0.185905 0.592246 0.182826 0.600984 0.188818 0.63581 0.18611 0.618319 0.189922 0.613765 0.165514 0.464918 0.163687 0.460648 0.184428 0.604652 0.184652 0.608095 0.162346 0.456121 0.176283 0.563263 0.179358 0.577936 0.181418 0.593783 0.178817 0.633056 0.185457 0.61287 0.185583 0.615063 0.171377 0.547345 0.159004 0.453224 0.154694 0.481381 0.155898 0.494588 0.167521 0.513616 0.168977 0.530947 0.155983 0.46536 0.154123 0.451429 0.15769 0.468874 0.143127 0.440147 0.126958 0.407823 0.170368 0.584213 0.103666 0.35407 0.150404 0.460129 0.136436 0.427626 0.130989 0.419497 0.159222 0.51678 0.119414 0.393749 0.115411 0.379851 0.0980637 0.337545 0.1624 0.531759 0.164711 0.540839 0.167051 0.560788 0.168259 0.574344 0.173361 0.594455 0.176228 0.628799 0.179151 0.621951 0.149407 0.481858 0.106436 0.364615 0.175217 0.609952 0.139437 0.444677 0.137339 0.44116 0.153131 0.487297 0.154507 0.503445 0.116278 0.390279 0.111 0.383098 0.0979156 0.349042 0.0918803 0.333421 0.102101 0.358823 0.164017 0.561233 0.16307 0.55189 0.161932 0.542644 0.171023 0.604193 0.168935 0.590328 0.175385 0.634348 0.130062 0.464427 0.147142 0.506643 0.123533 0.416008 0.118301 0.416581 0.156478 0.540057 0.155514 0.53314 0.155715 0.54697 0.152908 0.554519 0.160519 0.571633 0.123173 0.463857 0.117689 0.44261 0.14484 0.50035 0.152261 0.52717 0.120614 0.425411 0.154975 0.55784 0.143126 0.523775 0.110772 0.413804 0.10686 0.398208 0.158699 0.577381 0.105112 0.386261 0.087985 0.355838 0.0774539 0.345009 0.0862392 0.332222 0.099448 0.369847 0.158958 0.628768 0.0949967 0.357068 0.118935 0.461898 0.135152 0.513319 0.0977446 0.375176 0.0896832 0.36464 0.151418 0.540883 0.15206 0.568409 0.161384 0.608598 0.151163 0.597121 0.156117 0.61198 0.160521 0.614263 0.126496 0.46962 0.127959 0.475736 0.127404 0.490746 0.136418 0.492966 0.106427 0.407426 0.0985774 0.393304 0.0669648 0.345027 0.145021 0.531467 0.154594 0.588989 0.147356 0.60867 0.145936 0.605498 0.150043 0.549902 0.111293 0.455416 0.13883 0.503237 0.0926608 0.380984 0.14574 0.558868 0.144945 0.562926 0.146183 0.594698 0.157405 0.61733 0.11519 0.432215 0.110563 0.425695 0.0784657 0.354304 0.0822477 0.373377 0.0778918 0.368503 0.150337 0.573567 0.15473 0.581681 0.0966625 0.404378 0.083648 0.378822 0.141724 0.543378 0.146056 0.585185 0.13187 0.500161 0.0898779 0.39392 0.127292 0.618566 0.112371 0.476314 0.117125 0.489616 0.0853196 0.462521 0.104146 0.449568 0.134811 0.534242 0.102493 0.431141 0.0972738 0.419863 0.0812066 0.389944 0.132415 0.546406 0.14295 0.572721 0.107635 0.438097 0.117565 0.493688 0.130302 0.523232 0.0909647 0.411296 0.0826078 0.402794 0.0710061 0.379979 0.132318 0.541213 0.132511 0.554412 0.137034 0.621195 0.119219 0.502738 0.114936 0.515989 0.0761555 0.403687 0.0792829 0.436889 0.0662314 0.357107 0.064075 0.34997 0.0670186 0.366401 0.137752 0.612592 0.137887 0.615659 0.102768 0.441149 0.0558006 0.349773 0.0470429 0.346786 0.13577 0.561275 0.132532 0.566581 0.135968 0.580072 0.14146 0.630481 0.105832 0.48238 0.115977 0.525324 0.122521 0.527625 0.0881625 0.418044 0.0737402 0.387361 0.053777 0.364897 0.130522 0.564942 0.117084 0.577123 0.127959 0.608823 0.129583 0.595381 0.13444 0.586711 0.0926697 0.478911 0.101968 0.471962 0.0986441 0.447759 0.0891833 0.441783 0.0730785 0.400803 0.0630327 0.380656 0.128759 0.559707 0.0868923 0.458141 0.0787687 0.414287 0.0697156 0.398224 0.0468626 0.356106 0.0674817 0.386593 0.0649621 0.383911 0.121299 0.533083 0.126836 0.552238 0.0838142 0.492106 0.0880519 0.452069 0.0739511 0.426264 0.0800837 0.422031 0.064543 0.391004 0.0500838 0.377804 0.113887 0.535076 0.121859 0.55929 0.126712 0.612317 0.127477 0.591859 0.10915 0.501218 0.0732236 0.412309 0.123115 0.567177 0.125067 0.585748 0.123523 0.599878 0.0835525 0.475982 0.110734 0.528184 0.0663502 0.407761 0.0744942 0.418943 0.0563945 0.388504 0.11583 0.544402 0.115391 0.558257 0.0804457 0.490725 0.0960419 0.503236 0.10657 0.507955 0.0605473 0.397091 0.0421524 0.368459 0.0316593 0.340593 0.0281135 0.357396 0.109969 0.538965 0.116751 0.594743 0.0789579 0.487377 0.0754365 0.481993 0.0923324 0.498862 0.0996491 0.51539 0.102512 0.527737 0.0676074 0.417396 0.113909 0.563033 0.078069 0.454491 0.106667 0.530622 0.0653423 0.426409 0.0635885 0.411896 0.0592055 0.401161 0.0528629 0.399319 0.119449 0.616476 0.108532 0.555586 0.1067 0.558648 0.109777 0.573305 0.120376 0.613433 0.110622 0.604908 0.0698646 0.441739 0.0637267 0.42932 0.0616953 0.421157 0.0599201 0.416458 0.0541571 0.404148 0.0432133 0.388858 0.104849 0.539261 0.0773826 0.484601 0.0778951 0.462781 0.101952 0.537744 0.0351505 0.372938 0.11142 0.583949 0.112657 0.611686 0.112714 0.620049 0.0746337 0.46889 0.0731495 0.45402 0.0910691 0.502472 0.096037 0.518352 0.0993818 0.529821 0.0577901 0.420181 0.0551369 0.41444 0.0481563 0.401357 0.103088 0.54628 0.11073 0.615256 0.110659 0.59565 0.0716494 0.477595 0.0824521 0.498044 0.0828395 0.51315 0.058349 0.432831 0.0470763 0.415945 0.0341136 0.404466 0.03174 0.377618 0.0237341 0.36087 0.0285656 0.394495 0.0983406 0.581869 0.111802 0.618176 0.090116 0.519447 0.0889091 0.534821 0.0949291 0.567553 0.0917416 0.547542 0.0941492 0.554386 0.108012 0.612261 0.0688186 0.491593 0.0739676 0.487734 0.0739372 0.493997 0.0679421 0.488303 0.0719341 0.485374 0.0780213 0.493021 0.0485777 0.430619 0.0148421 0.372049 0.108028 0.617837 0.104952 0.615818 0.109141 0.621222 0.103669 0.622047 0.113819 0.621871 0.0644427 0.488927 0.102279 0.613499 0.10327 0.624524 0.111095 0.627254 0.0674258 0.481365 0.0752373 0.49799 0.0778944 0.501655 0.0658113 0.475161 0.0700096 0.472055 0.0652202 0.467716 0.0633989 0.461709 0.0567156 0.447105 0.0783775 0.505831 0.101366 0.609113 0.101445 0.601373 0.0844719 0.525529 0.0407924 0.417287 0.0649215 0.491207 0.0644319 0.48791 0.0643002 0.492566 0.066591 0.493635 0.0993975 0.623856 0.100893 0.626203 0.101074 0.631817 0.0666794 0.486411 0.0598937 0.470796 0.0981217 0.590901 0.0627466 0.489362 0.0623812 0.491633 0.0628854 0.486891 0.0910464 0.6162 0.0972419 0.630905 0.0640349 0.481425 0.0625013 0.476066 0.0591998 0.467662 0.0535017 0.456497 0.0495977 0.446533 0.0736876 0.507962 0.0771574 0.513295 0.0812717 0.527822 0.0849056 0.541838 0.0315526 0.414309 0.0230179 0.397805 0.0149014 0.38451 0.0100994 0.376318 0.0891772 0.554626 0.0884529 0.562248 0.0914055 0.577709 0.0927228 0.590666 0.094386 0.600083 0.0672256 0.500112 0.0674506 0.505609 0.0952469 0.636571 0.0589858 0.482111 0.0387596 0.428762 0.0854395 0.549511 0.0642797 0.498082 0.0913193 0.611915 0.0918812 0.632338 0.0563189 0.476109 0.0522624 0.46726 0.0666296 0.507903 0.0680903 0.51097 0.0725735 0.516648 0.0742881 0.527262 0.0796623 0.536072 0.0475642 0.451668 0.0295425 0.420022 0.0207278 0.402664 0.0844899 0.563377 0.0856697 0.579846 0.0859332 0.588713 0.0887085 0.6054 0.0603683 0.493374 0.0590832 0.492413 0.0593169 0.491056 0.0605036 0.495824 0.0653113 0.500332 0.089086 0.623871 0.0575543 0.488991 0.0535035 0.474339 0.0325136 0.433235 0.0309193 0.427553 0.0803358 0.551385 0.0156649 0.396399 0.00699434 0.383563 0.00794293 0.372741 0.0880565 0.594676 0.0586604 0.495311 0.0846291 0.614314 0.0889838 0.628381 0.0812081 0.626204 0.0537197 0.482422 0.0529752 0.47107 0.0476339 0.465696 0.0694582 0.519328 0.0731755 0.538736 0.0405149 0.454141 0.0334873 0.44142 0.018104 0.41552 0.010466 0.401613 0.0774881 0.559757 0.0870378 0.601997 0.0593186 0.499957 0.0620003 0.502886 0.0499083 0.477252 0.0490961 0.473504 0.00429551 0.389441 0.0785718 0.569974 0.0835861 0.596435 0.0809135 0.586333 0.0575579 0.494753 0.0799803 0.61537 0.0797434 0.629496 0.0527018 0.486408 0.0625309 0.508936 0.0423454 0.46439 0.0648802 0.512495 0.0668226 0.523345 0.0652473 0.531109 0.06729 0.537254 0.0321916 0.451563 0.014489 0.421914 0.025664 0.442045 0.0092685 0.411241 0 0.392637 0.0705415 0.546456 0.0689461 0.563881 0.0749355 0.575763 0.0785432 0.590692 0.0819933 0.600014 0.082959 0.606742 0.0562396 0.491635 0.0557542 0.493159 0.0507622 0.488938 0.0561728 0.50081 0.0599868 0.505937 0.0451207 0.472567 0.0624508 0.515954 0.0670016 0.572529 0.0771708 0.601551 0.0730142 0.583302 0.045178 0.483529 0.057852 0.510606 0.0634566 0.54368 0.034452 0.459109 0.0198867 0.440566 0.00986229 0.427037 0.0653751 0.549399 0.0691979 0.589227 0.0750766 0.617259 0.0528606 0.492929 0.0522916 0.499554 0.0737198 0.625046 0.0500836 0.491181 0.0651754 0.582639 0.0399235 0.478119 0.0558621 0.515813 0.0600982 0.521094 0.0271229 0.459433 0.0233897 0.449729 0.0527163 0.501544 0.0555273 0.509281 0.0341754 0.474459 0.0301018 0.465872 0.057133 0.529498 0.0597663 0.535937 0.015765 0.446808 0.0719736 0.610956 0.0485122 0.493076 0.0709271 0.621775 0.0672744 0.598257 0.0545421 0.521556 0.0201754 0.455587 0.0470519 0.494468 0.0488597 0.501817 0.0430796 0.487556 0.0494187 0.507257 0.0366025 0.48424 0.0575413 0.54176 0.057278 0.549586 0.0561129 0.569504 0.0628422 0.577066 0.0672604 0.611687 0.0651414 0.617877 0.0663208 0.625179 0.0452948 0.493059 0.0485086 0.511876 0.0219223 0.475975 0.0481268 0.544428 0.0608487 0.608646 0.0462015 0.497925 0.0422364 0.496329 0.0413841 0.495217 0.0421108 0.491248 0.0482177 0.52819 0.05016 0.552483 0.0512561 0.565857 0.0521491 0.57328 0.0527595 0.577401 0.057209 0.589944 0.0455542 0.50382 0.0449226 0.502485 0.0456774 0.507226 0.0592331 0.61922 0.0604407 0.628948 0.0373083 0.491994 0.0323033 0.486766 0.0451868 0.517558 0.0465762 0.550757 0.0564779 0.604091 0.0457912 0.554541 0.0456505 0.529056 0.0437336 0.50281 0.0408481 0.497191 0.0438273 0.503729 0.043554 0.508473 0.0427111 0.522641 0.0404328 0.496186 0.035234 0.492794 0.0292026 0.488246 0.0210226 0.479393 0.0436053 0.538943 0.0426527 0.502899 0.0420195 0.504024 0.0403837 0.520182 0.0396158 0.497531 0.0324013 0.493935 0.020129 0.483684 0.0402376 0.530733 0.0330418 0.503042 0.0358727 0.51544 0.0207747 0.492417 0.590197 0.0723877 0.599648 0.087523 0.59088 0.0844677 0.580672 0.0562112 0.56483 0.0572274 0.567344 0.0747521 0.587397 0.104113 0.587556 0.11981 0.605912 0.125276 0.575889 0.1309 0.591123 0.144643 0.572208 0.144456 0.577797 0.107513 0.572628 0.163419 0.563534 0.149391 0.561845 0.166274 0.517346 0.209675 0.511968 0.220512 0.513717 0.211228 0.558201 0.174331 0.574128 0.0453709 0.569311 0.0924136 0.56047 0.123407 0.523878 0.190896 0.527829 0.188213 0.534693 0.197942 0.566287 0.0884748 0.5085 0.218462 0.507925 0.211853 0.509652 0.209474 0.548478 0.160335 0.548957 0.168292 0.547541 0.17779 0.51428 0.206154 0.517385 0.203823 0.528363 0.197767 0.521047 0.195205 0.521702 0.19985 0.519608 0.196401 0.519792 0.200399 0.559488 0.0452938 0.564477 0.105073 0.560945 0.136541 0.541173 0.186406 0.538942 0.17667 0.526911 0.18459 0.51227 0.199331 0.513555 0.198601 0.515415 0.201921 0.515607 0.200233 0.518636 0.197648 0.550146 0.143536 0.499951 0.221514 0.500236 0.2113 0.515284 0.198657 0.552336 0.0558205 0.554607 0.104311 0.546273 0.123153 0.537108 0.166482 0.52574 0.1978 0.514526 0.197308 0.516399 0.196032 0.515967 0.198084 0.515048 0.195253 0.550211 0.0757938 0.551085 0.0969714 0.49421 0.227121 0.489937 0.223235 0.534249 0.163989 0.512538 0.197362 0.546599 0.110012 0.503786 0.202222 0.509068 0.200657 0.522023 0.186684 0.518609 0.19285 0.517384 0.194459 0.510349 0.198672 0.510482 0.197188 0.513196 0.196317 0.54127 0.0460798 0.542637 0.0641309 0.477653 0.23135 0.52909 0.14035 0.53613 0.151145 0.521736 0.182342 0.519478 0.190378 0.513965 0.195555 0.516241 0.194492 0.538932 0.0756385 0.533299 0.0854838 0.53769 0.104864 0.537932 0.115144 0.53397 0.127594 0.484748 0.219957 0.495216 0.20972 0.526089 0.158315 0.523668 0.169004 0.506848 0.198658 0.518787 0.185494 0.517045 0.193204 0.509107 0.195027 0.511555 0.194003 0.512658 0.19465 0.532331 0.0672854 0.536174 0.0269293 0.540666 0.0372395 0.527607 0.0366782 0.530384 0.114258 0.49644 0.205458 0.504736 0.198268 0.519471 0.181736 0.517357 0.187203 0.506192 0.196377 0.515075 0.193524 0.527396 0.0423405 0.530998 0.023808 0.475682 0.227306 0.485261 0.214539 0.494588 0.20408 0.522197 0.158453 0.517523 0.177847 0.516679 0.181406 0.506918 0.191271 0.513284 0.183842 0.516035 0.191232 0.515482 0.193447 0.527761 0.0756025 0.525047 0.0139269 0.527349 0.0989723 0.476283 0.22306 0.471563 0.231317 0.483206 0.211085 0.488604 0.204156 0.502015 0.193305 0.524875 0.119225 0.52082 0.140655 0.51608 0.163098 0.512975 0.177775 0.508781 0.182526 0.511225 0.185928 0.515081 0.189306 0.515218 0.191947 0.513298 0.193658 0.523323 0.0334485 0.52347 0.0542377 0.474792 0.221371 0.467008 0.234473 0.507216 0.173404 0.508608 0.188226 0.505461 0.18718 0.511096 0.192331 0.514806 0.192527 0.517627 0.0473649 0.516478 0.0273792 0.519074 0.0704398 0.518167 0.0941514 0.516733 0.116681 0.456636 0.247539 0.462512 0.23262 0.471755 0.219613 0.48227 0.202781 0.496327 0.191242 0.514526 0.134787 0.509696 0.15935 0.505862 0.177127 0.498334 0.188409 0.512402 0.19013 0.51445 0.190305 0.514914 0.191479 0.513014 0.192865 0.514032 0.192718 0.509881 0.0204993 0.511142 0.0345372 0.512801 0.0555496 0.513085 0.0751622 0.514171 0.0035666 0.504822 0.100761 0.468012 0.213023 0.473725 0.206835 0.497392 0.145248 0.512398 0.191964 0.502102 0.114856 0.50016 0.129324 0.458225 0.221981 0.485887 0.182945 0.494538 0.169107 0.513754 0.191531 0.500965 0.00315657 0.500127 0.0249114 0.50221 0.0451412 0.503204 0.0757403 0.448651 0.237021 0.471434 0.192048 0.492419 0.174216 0.489592 0.180384 0.493078 0.0154308 0.493905 0.0314569 0.493524 0.0517341 0.496596 0.0677791 0.494246 0.0825866 0.493373 0.105083 0.491221 0.126934 0.447437 0.229657 0.456197 0.216678 0.463052 0.20497 0.48483 0.154722 0.479809 0.170773 0.487819 0.141018 0.475214 0.180102 0.481737 0.16341 0.482013 0.167245 0.478083 0.175399 0.438839 0.249533 0.435505 0.23998 0.441726 0.217108 0.455683 0.195835 0.4816 0.0756862 0.425192 0.247849 0.460303 0.183968 0.474054 0.145667 0.477875 0.0108905 0.478377 0.0473529 0.478495 0.065222 0.48167 0.090229 0.478393 0.10044 0.477096 0.133026 0.477641 0.119042 0.438794 0.22644 0.477659 0.160152 0.468982 0.167659 0.47834 0.0313221 0.480049 0.107588 0.44897 0.201858 0.465631 0.173634 0.466604 0.14566 0.472582 0.0128757 0.471884 0.0365993 0.475903 0.0725784 0.477174 0.0849461 0.430975 0.23391 0.434788 0.227778 0.435386 0.223089 0.45255 0.191308 0.449974 0.153135 0.416912 0.253091 0.411135 0.247721 0.466097 0.0295339 0.457193 0.0222639 0.463909 0.0908287 0.470791 0.113459 0.470134 0.130461 0.427226 0.227195 0.441231 0.205998 0.466483 0.138107 0.464232 0.0401369 0.466444 0.0569361 0.412801 0.239929 0.423685 0.235562 0.4283 0.212968 0.433389 0.20426 0.439926 0.198279 0.446598 0.176659 0.448959 0.0137859 0.473374 0.0046416 0.467198 0.0763316 0.427709 0.219341 0.437778 0.178148 0.4402 0.162687 0.408409 0.256825 0.446613 0.0524212 0.463584 0.0652217 0.459203 0.0856404 0.455439 0.108993 0.463401 0.118291 0.460508 0.126216 0.456495 0.132781 0.420595 0.221814 0.456973 0.157274 0.44971 0.00714242 0.458739 0.0593702 0.456439 0.076422 0.439262 0.189054 0.438335 0.165421 0.440934 0.160037 0.403064 0.253455 0.452205 0.0438937 0.451923 0.0642811 0.459317 0.0987661 0.453444 0.116842 0.418065 0.230819 0.432318 0.196363 0.447125 0.135964 0.441823 0.156314 0.396862 0.25358 0.397213 0.261134 0.45125 0.0254313 0.453835 0.0706953 0.454012 0.0820002 0.453411 0.0923711 0.443168 0.104795 0.452863 0.125205 0.409615 0.229398 0.412345 0.225817 0.419558 0.215158 0.419544 0.190235 0.432746 0.189128 0.434511 0.135911 0.428499 0.138787 0.434792 0.148528 0.439454 0.152982 0.390621 0.260414 0.398098 0.244471 0.400303 0.235358 0.439677 0.0329942 0.430386 0.0512511 0.444014 0.0923866 0.441201 0.117876 0.388546 0.253481 0.441001 0.0223462 0.444075 0.0562548 0.445748 0.0740187 0.440483 0.107791 0.446694 0.125313 0.443366 0.13179 0.417975 0.206584 0.420316 0.201669 0.427172 0.184017 0.390814 0.250892 0.403448 0.230096 0.43574 0.024713 0.43973 0.0862267 0.438956 0.127119 0.406948 0.223479 0.411197 0.212292 0.424657 0.176382 0.424274 0.170741 0.389528 0.233154 0.42719 0.0136596 0.439454 0.0612625 0.440611 0.0739072 0.405765 0.216285 0.414356 0.154812 0.428795 0.156391 0.430862 0.15399 0.380282 0.254261 0.386224 0.237078 0.399261 0.232347 0.430382 0.0295345 0.435071 0.101982 0.435689 0.12341 0.412988 0.205304 0.410495 0.199934 0.411316 0.197903 0.413335 0.147574 0.395875 0.232889 0.3983 0.226768 0.424278 0.0219474 0.420618 0.0438748 0.429989 0.0573147 0.429947 0.0627902 0.432522 0.0724324 0.434823 0.080789 0.434729 0.0951858 0.426765 0.11162 0.431457 0.130438 0.40219 0.224496 0.406882 0.193333 0.407625 0.188429 0.385238 0.246855 0.426679 0.122588 0.394925 0.223929 0.400586 0.217672 0.4093 0.172964 0.417913 0.158732 0.376443 0.245239 0.38781 0.230607 0.392643 0.228768 0.417796 0.0176565 0.42173 0.0316842 0.413228 0.0249653 0.431315 0.0855584 0.405254 0.202816 0.426183 0.135336 0.381251 0.243067 0.418368 0.0045118 0.422023 0.0550313 0.425654 0.0613894 0.422106 0.0856101 0.421849 0.101496 0.406479 0.196467 0.411607 0.181345 0.413767 0.144488 0.408809 0.150075 0.410349 0.0127831 0.42461 0.0747685 0.425765 0.0895725 0.424804 0.094104 0.421256 0.129083 0.397926 0.211026 0.404355 0.200597 0.369616 0.250157 0.368064 0.243554 0.389908 0.225086 0.413017 0.0365547 0.415981 0.117357 0.392582 0.215609 0.396411 0.204536 0.400751 0.198381 0.373646 0.241352 0.379831 0.234157 0.38795 0.221144 0.409258 0.0226249 0.414709 0.0540987 0.418553 0.0623869 0.420454 0.0693785 0.419366 0.081723 0.41787 0.0895394 0.411183 0.117268 0.401112 0.178882 0.358751 0.259109 0.357524 0.254598 0.364762 0.256555 0.363178 0.254515 0.3645 0.253034 0.369819 0.260527 0.370368 0.258563 0.371457 0.257383 0.365629 0.251743 0.383751 0.225622 0.382335 0.219858 0.399096 0.0231115 0.41144 0.0692294 0.415742 0.0695685 0.41163 0.0920826 0.391932 0.201878 0.392384 0.198586 0.401569 0.165597 0.398668 0.159493 0.391697 0.014689 0.404098 0.0356847 0.404629 0.0279661 0.411731 0.0990208 0.364541 0.244846 0.389319 0.2118 0.396116 0.18561 0.409342 0.131043 0.398804 0.154205 0.401008 0.14065 0.357835 0.253061 0.372938 0.236774 0.407189 0.0508592 0.410742 0.0799699 0.412569 0.0839341 0.406648 0.00528797 0.390268 0.0120251 0.383292 0.215455 0.358714 0.250054 0.380038 0.221709 0.409666 0.091112 0.386884 0.208286 0.387276 0.203661 0.398663 0.151163 0.399232 0.147976 0.399782 0.144732 0.359363 0.246759 0.36708 0.227705 0.396288 0.0423574 0.402321 0.0596102 0.403151 0.0776497 0.382774 0.211993 0.394977 0.174286 0.357083 0.258369 0.361248 0.242953 0.377334 0.217937 0.390318 0.0232959 0.399022 0.101985 0.378728 0.200938 0.389036 0.187223 0.39921 0.136271 0.356467 0.252611 0.356013 0.255921 0.354123 0.251443 0.35451 0.250074 0.357214 0.248845 0.354769 0.246792 0.357277 0.24444 0.387827 0.0155202 0.383843 0.0129359 0.386035 0.00767995 0.384661 0.0214155 0.397397 0.13023 0.3954 0.154707 0.393851 0.149781 0.391503 0.151647 0.39698 0.141717 0.395425 0.145331 0.390267 0.146685 0.385745 0.0242278 0.38699 0.0280593 0.393267 0.0585361 0.395259 0.0760322 0.396455 0.0861023 0.378769 0.00827624 0.352194 0.249945 0.379418 0.0115141 0.354022 0.25508 0.354371 0.253668 0.353918 0.25674 0.353453 0.258517 0.397243 0.114825 0.352114 0.248958 0.353485 0.247146 0.372889 0.214501 0.382745 0.190146 0.386415 0.179938 0.362114 0.236352 0.391335 0.162415 0.391422 0.155271 0.389294 0.149157 0.395694 0.136075 0.394475 0.138738 0.39188 0.142758 0.388553 0.144053 0.375037 0.00683568 0.379292 0 0.351811 0.251036 0.357526 0.240037 0.351721 0.247703 0.35274 0.246148 0.351381 0.247032 0.3882 0.0406741 0.376134 0.00933474 0.382135 0.0250053 0.38892 0.171289 0.393857 0.130452 0.39005 0.157671 0.385513 0.164096 0.387436 0.149726 0.393735 0.135475 0.390168 0.14 0.386358 0.147662 0.386847 0.146973 0.386752 0.144278 0.373269 0.00231909 0.351987 0.258516 0.352002 0.257525 0.350695 0.25295 0.350872 0.249437 0.35168 0.241947 0.359813 0.232556 0.363136 0.225206 0.358048 0.235926 0.367959 0.213548 0.382012 0.0325727 0.384142 0.0392737 0.38869 0.0591858 0.390773 0.0815593 0.372198 0.0194927 0.392696 0.102306 0.392263 0.125525 0.372051 0.204913 0.376012 0.195302 0.380088 0.184942 0.382759 0.175066 0.384845 0.168564 0.383982 0.160997 0.383112 0.153811 0.387798 0.142948 0.367153 0.00435904 0.35118 0.255347 0.350666 0.250068 0.350366 0.248136 0.350135 0.247348 0.383414 0.0468789 0.374155 0.0293963 0.392279 0.117381 0.389556 0.130084 0.388115 0.134593 0.384992 0.146374 0.365795 0.012102 0.34987 0.249214 0.362019 0.220121 0.38456 0.0634965 0.38676 0.0816421 0.386045 0.0901 0.389158 0.102054 0.368083 0.0163554 0.372353 0.196427 0.377244 0.182314 0.385986 0.136871 0.386075 0.139375 0.381984 0.141596 0.381916 0.143203 0.383472 0.14426 0.384188 0.147402 0.380695 0.148304 0.383213 0.146289 0.365872 0.00804993 0.349999 0.253741 0.348337 0.252194 0.37562 0.0342891 0.377686 0.0393851 0.37998 0.0513947 0.348877 0.247713 0.347306 0.246298 0.383718 0.074954 0.349042 0.245508 0.354454 0.234157 0.35692 0.230725 0.352613 0.236828 0.387052 0.112791 0.387827 0.121361 0.362445 0.208761 0.368818 0.200812 0.369557 0.194222 0.376306 0.170994 0.380446 0.169518 0.380733 0.162991 0.380833 0.157646 0.384166 0.132915 0.348553 0.255401 0.355508 0.227538 0.374692 0.0441423 0.378603 0.0669249 0.380009 0.0818554 0.368676 0.0258207 0.382086 0.0973833 0.382069 0.105169 0.385749 0.126408 0.370673 0.181921 0.38164 0.128416 0.383083 0.138386 0.359412 0.00614368 0.360965 0.00803034 0.363354 0.00225408 0.361181 0.0100549 0.346888 0.250645 0.34762 0.249046 0.348733 0.241508 0.351249 0.233454 0.356042 0.221227 0.370076 0.0344391 0.373171 0.0379639 0.374856 0.0555511 0.378759 0.0759276 0.379895 0.087924 0.383551 0.119911 0.359119 0.204469 0.37264 0.171244 0.37669 0.162438 0.378599 0.159911 0.379188 0.151654 0.382512 0.135156 0.381053 0.138782 0.379255 0.146668 0.381806 0.145925 0.381973 0.143952 0.354871 0.00686042 0.359433 0.0141039 0.347388 0.247653 0.346993 0.244702 0.347905 0.23819 0.356007 0.213236 0.352988 0.225239 0.370695 0.0450076 0.363866 0.0213953 0.36252 0.0158974 0.367666 0.030767 0.380525 0.114886 0.377989 0.125572 0.363237 0.184863 0.380359 0.13178 0.345573 0.24882 0.349231 0.230496 0.352355 0.217735 0.366238 0.0380671 0.371696 0.0634922 0.373383 0.0721489 0.373693 0.0904885 0.36319 0.192201 0.37294 0.160579 0.376752 0.155744 0.375415 0.150785 0.378428 0.141864 0.378863 0.143236 0.379523 0.145746 0.345751 0.24641 0.346349 0.245772 0.34449 0.237096 0.350839 0.208233 0.353801 0.206396 0.347044 0.219309 0.36597 0.0483384 0.367058 0.0559976 0.367861 0.0789339 0.361435 0.0295619 0.37139 0.0989617 0.370505 0.105605 0.370814 0.115275 0.355921 0.202482 0.364917 0.180803 0.366768 0.176299 0.377804 0.13966 0.376615 0.147243 0.354295 0.00987556 0.353867 0.015269 0.358994 0.0345611 0.363163 0.0622032 0.366427 0.0708976 0.367179 0.0924525 0.356835 0.01635 0.359085 0.0221692 0.36977 0.120831 0.358918 0.190573 0.3596 0.177251 0.362855 0.170228 0.344179 0.25016 0.344034 0.248313 0.366621 0.162273 0.344742 0.245047 0.345347 0.224204 0.343739 0.231217 0.349396 0.213024 0.349609 0.00910907 0.342329 0.244626 0.343222 0.243293 0.359118 0.0527233 0.354342 0.0223541 0.354032 0.199829 0.357596 0.182101 0.374871 0.132783 0.373957 0.148404 0.374816 0.146331 0.375478 0.141322 0.357214 0.0417752 0.360199 0.0658985 0.352984 0.0191513 0.372564 0.12615 0.349191 0.202328 0.341437 0.249896 0.371009 0.156274 0.341377 0.243029 0.341106 0.237279 0.373915 0.139607 0.347901 0.0124295 0.340456 0.249564 0.338613 0.231951 0.342962 0.228198 0.344515 0.218524 0.346519 0.212151 0.351212 0.020765 0.352953 0.0349158 0.365312 0.1019 0.367684 0.113988 0.341473 0.20463 0.34742 0.186165 0.367989 0.151935 0.370682 0.133791 0.371914 0.143465 0.371842 0.147146 0.345085 0.0110226 0.348667 0.0176115 0.338931 0.24683 0.338237 0.243546 0.338319 0.241981 0.338515 0.239928 0.337182 0.21469 0.349092 0.0465467 0.34961 0.0714632 0.352911 0.0757562 0.350188 0.0257418 0.354999 0.0949769 0.364081 0.128524 0.340502 0.197561 0.371233 0.139573 0.344007 0.0133587 0.348158 0.0601492 0.348748 0.0215498 0.358874 0.115297 0.349244 0.178978 0.354515 0.164243 0.361789 0.154442 0.370119 0.146624 0.341073 0.0118661 0.334422 0.245101 0.333352 0.243347 0.334747 0.233039 0.334459 0.238607 0.335776 0.223402 0.345124 0.0211531 0.345168 0.0224286 0.347287 0.0255938 0.348387 0.0339726 0.355994 0.106825 0.366324 0.149281 0.367649 0.135885 0.368989 0.141247 0.368081 0.145347 0.346465 0.0467141 0.346224 0.0734417 0.350871 0.0936766 0.351309 0.101673 0.346139 0.0311465 0.338686 0.203672 0.340529 0.191569 0.346383 0.177464 0.367529 0.146165 0.368457 0.139893 0.337507 0.00629123 0.337948 0.0126736 0.339851 0.0139745 0.343507 0.0216139 0.332288 0.236534 0.332635 0.245402 0.334514 0.214034 0.333446 0.224085 0.336439 0.20082 0.344512 0.0586703 0.344004 0.022587 0.344255 0.0291292 0.343713 0.0456143 0.3558 0.115945 0.344007 0.17647 0.352281 0.162649 0.36024 0.153353 0.36521 0.147922 0.361902 0.129412 0.367184 0.137753 0.368077 0.14016 0.367488 0.14244 0.338622 0.0150691 0.34135 0.0658864 0.341009 0.0535953 0.341504 0.085816 0.342437 0.0223932 0.342507 0.0246082 0.341498 0.0298216 0.34836 0.104099 0.353034 0.117202 0.333566 0.203991 0.334756 0.192157 0.338398 0.17893 0.344298 0.169701 0.348632 0.16278 0.358831 0.152227 0.330602 0.244154 0.330486 0.23338 0.331589 0.218233 0.366888 0.145522 0.360784 0.13114 0.365428 0.13808 0.367369 0.140174 0.336344 0.0156592 0.325062 0.236789 0.327935 0.231584 0.328869 0.243408 0.328748 0.220279 0.324537 0.216257 0.329972 0.210809 0.327977 0.206918 0.328765 0.040934 0.33613 0.0268462 0.337319 0.0405888 0.31397 0.0407408 0.324166 0.0456001 0.321837 0.0492081 0.330713 0.0493129 0.333937 0.0564884 0.331794 0.0593 0.337343 0.0699379 0.336785 0.0199068 0.339224 0.0236854 0.339239 0.036936 0.348984 0.118972 0.343954 0.112446 0.345473 0.12303 0.355443 0.128309 0.342459 0.154976 0.340571 0.167823 0.3428 0.148764 0.349157 0.155839 0.352661 0.144139 0.356718 0.149829 0.366159 0.145034 0.364132 0.144233 0.364401 0.14086 0.366221 0.140608 0.327832 0.192253 0.322215 0.0558138 0.330193 0.0678499 0.337386 0.0986706 0.340647 0.133486 0.334945 0.146753 0.341773 0.141676 0.34768 0.135879 0.332807 0.167406 0.334261 0.158662 0.357528 0.141965 0.324313 0.2018 0.333554 0.0840015 0.337111 0.116258 0.336101 0.133593 0.330281 0.178098 0.318711 0.065359 0.322586 0.0752937 0.328578 0.107272 0.327982 0.122508 0.326931 0.133816 0.322022 0.177681 0.322081 0.167715 0.324979 0.0845077 0.326596 0.0949596 0.324829 0.153589 0.318784 0.194523 0.323978 0.105687 0.325484 0.117159 0.324716 0.128675 0.323681 0.138879 0.319169 0.157633 0.315221 0.182433 0.319021 0.0779342 0.320487 0.0852219 0.320787 0.095945 0.321336 0.112052 0.320433 0.126457 0.318063 0.146301 0.318845 0.135969 0.314845 0.171817 0.316789 0.0815718 0.313769 0.161147 0.315675 0.090205 0.312263 0.0780571 0.317173 0.101836 0.31673 0.118366 0.31514 0.131146 0.313132 0.14612 0.310791 0.0922344 0.310538 0.081086 0.313129 0.0943412 0.302734 0.154086 0.303383 0.140138 0.310752 0.122904 0.304692 0.113004 0.304791 0.102468 0.31406 0.110982 0.949561 0.732849 0.930012 0.719718 0.93388 0.706326 0.92332 0.743651 0.956696 0.70874 0.907751 0.740964 0.938194 0.691832 0.91785 0.716146 0.882153 0.75736 0.862608 0.757151 0.87184 0.743312 0.927408 0.688333 0.90424 0.722995 0.896932 0.733555 0.952456 0.671472 0.94895 0.657097 0.856675 0.737384 0.878841 0.728592 0.917767 0.6849 0.924915 0.668716 0.833944 0.757841 0.845207 0.753227 0.842932 0.76714 0.872741 0.714096 0.905168 0.699988 0.93254 0.654097 0.830824 0.752344 0.811621 0.774499 0.801751 0.767917 0.890927 0.699719 0.915594 0.661509 0.90734 0.686721 0.841959 0.739673 0.919822 0.655072 0.85712 0.722249 0.91499 0.653874 0.889901 0.678608 0.788501 0.774219 0.778184 0.755673 0.824846 0.722994 0.905771 0.656098 0.75428 0.770195 0.792237 0.747283 0.812407 0.732819 0.871904 0.697181 0.9055 0.650041 0.912332 0.642017 0.85063 0.700195 0.877839 0.675555 0.899204 0.648915 0.89795 0.652306 0.911545 0.631371 0.65115 0.698347 0.639348 0.691868 0.64017 0.688302 0.628917 0.681653 0.805182 0.730827 0.903379 0.625843 0.614479 0.674852 0.619395 0.67316 0.629414 0.678653 0.608758 0.667102 0.678924 0.730314 0.670994 0.726804 0.67453 0.721982 0.748768 0.767351 0.777899 0.747987 0.828349 0.710315 0.861185 0.681868 0.883309 0.661496 0.89466 0.650713 0.896624 0.648182 0.899826 0.625105 0.668775 0.720345 0.667498 0.716579 0.65682 0.708398 0.654955 0.695847 0.653147 0.701531 0.643231 0.687006 0.636689 0.679178 0.6231 0.670889 0.741909 0.764899 0.765451 0.748564 0.728323 0.764559 0.743495 0.756748 0.723172 0.750228 0.735108 0.74803 0.749205 0.749523 0.686573 0.739936 0.693989 0.750972 0.689895 0.755286 0.705133 0.747315 0.686853 0.73117 0.714721 0.745154 0.668615 0.707423 0.665762 0.697534 0.654766 0.690227 0.684659 0.725123 0.645988 0.684683 0.646374 0.67096 0.650067 0.67778 0.774242 0.738682 0.649406 0.668563 0.793927 0.725335 0.64089 0.653237 0.815956 0.710331 0.846624 0.685658 0.82277 0.700171 0.86868 0.66733 0.829636 0.686026 0.838284 0.668696 0.832914 0.668413 0.854622 0.660915 0.877463 0.658244 0.838591 0.643769 0.833237 0.645299 0.893121 0.647409 0.895021 0.624 0.61237 0.66358 0.623532 0.665654 0.698681 0.762546 0.710624 0.765351 0.709839 0.781174 0.741321 0.741033 0.700572 0.735363 0.719447 0.74175 0.757297 0.740833 0.854397 0.630399 0.827169 0.666484 0.826488 0.638001 0.824907 0.618838 0.874418 0.629904 0.891819 0.62623 0.836459 0.612804 0.862589 0.620432 0.81947 0.619477 0.810068 0.604341 0.683008 0.713077 0.635638 0.671344 0.629284 0.665956 0.659878 0.675728 0.615302 0.65754 0.622598 0.65167 0.710972 0.729561 0.696165 0.722756 0.785994 0.717688 0.809025 0.692667 0.814603 0.676092 0.815729 0.653986 0.811467 0.625794 0.674378 0.702638 0.663764 0.684932 0.725217 0.733127 0.748347 0.73379 0.769518 0.728068 0.797798 0.70628 0.798878 0.604229 0.672079 0.697182 0.658316 0.662905 0.652684 0.655423 0.657833 0.649834 0.693233 0.712681 0.70498 0.719463 0.744203 0.725992 0.75764 0.719237 0.774226 0.710954 0.805795 0.638881 0.683769 0.703745 0.674306 0.684278 0.717862 0.71933 0.801049 0.686549 0.806766 0.663418 0.79803 0.63101 0.789711 0.615645 0.666054 0.674501 0.66757 0.664382 0.693814 0.708163 0.728775 0.721361 0.703442 0.714106 0.785626 0.698881 0.744205 0.721095 0.795786 0.684096 0.802616 0.663127 0.801232 0.645495 0.685832 0.700629 0.679961 0.694063 0.669964 0.674558 0.666589 0.655665 0.666892 0.643343 0.783095 0.60437 0.694875 0.700961 0.757943 0.715006 0.771886 0.70803 0.793106 0.675509 0.796816 0.663384 0.781463 0.607927 0.688954 0.695867 0.765695 0.600234 0.703863 0.708047 0.741413 0.71583 0.729102 0.716063 0.716659 0.713736 0.775839 0.700058 0.765669 0.707429 0.786356 0.687592 0.756041 0.712015 0.794081 0.652987 0.79286 0.642975 0.792262 0.632237 0.785288 0.622346 0.776274 0.610391 0.681991 0.686429 0.67476 0.675443 0.672484 0.662386 0.671988 0.654734 0.672422 0.643581 0.673175 0.631995 0.703943 0.704123 0.724088 0.712864 0.71696 0.710262 0.735113 0.712987 0.763901 0.705054 0.771873 0.697331 0.780502 0.688356 0.748855 0.711087 0.79046 0.6705 0.787669 0.635651 0.678072 0.674981 0.676538 0.629628 0.727398 0.71012 0.722133 0.702428 0.743695 0.708609 0.675658 0.658969 0.756397 0.704468 0.675541 0.648205 0.678373 0.634393 0.785209 0.67279 0.789055 0.653136 0.775918 0.619018 0.69239 0.693657 0.686992 0.680638 0.764457 0.60551 0.753213 0.595906 0.729434 0.703059 0.708654 0.697294 0.753217 0.698804 0.768876 0.688211 0.776793 0.675665 0.781077 0.66138 0.781151 0.646057 0.772277 0.625562 0.695078 0.688687 0.682064 0.668626 0.678921 0.658634 0.679224 0.650035 0.681297 0.633319 0.687662 0.62603 0.762076 0.615601 0.750982 0.609545 0.74142 0.594727 0.729718 0.695922 0.718258 0.694051 0.706828 0.689071 0.742533 0.694563 0.765584 0.677622 0.754379 0.68662 0.772396 0.660818 0.772168 0.645752 0.765809 0.631441 0.768701 0.629349 0.697553 0.686115 0.699036 0.681883 0.69268 0.674884 0.683824 0.667158 0.690194 0.668972 0.687687 0.659906 0.685409 0.648283 0.689154 0.648455 0.691944 0.640404 0.690979 0.633794 0.696307 0.634094 0.697716 0.623894 0.698799 0.628121 0.703428 0.623214 0.755474 0.618887 0.739976 0.613136 0.735205 0.605585 0.70469 0.617618 0.712389 0.615642 0.722946 0.606314 0.722666 0.612619 0.707865 0.607129 0.731648 0.691268 0.716484 0.688597 0.722501 0.689513 0.708391 0.684851 0.742673 0.689954 0.758889 0.677985 0.764156 0.668482 0.768423 0.655438 0.766343 0.646181 0.763275 0.63399 0.701248 0.677496 0.694427 0.668223 0.691807 0.65803 0.692257 0.650138 0.701826 0.630269 0.707328 0.625159 0.753152 0.62228 0.743328 0.61973 0.731801 0.617155 0.721683 0.617459 0.712524 0.621443 0.73761 0.686283 0.745002 0.683683 0.750324 0.680328 0.764356 0.657501 0.761193 0.64044 0.698714 0.668993 0.696227 0.643284 0.75804 0.634446 0.752494 0.628083 0.717002 0.684898 0.71055 0.680902 0.724071 0.686651 0.730658 0.686488 0.756808 0.67222 0.761851 0.661652 0.762139 0.647769 0.703258 0.6753 0.696589 0.662497 0.695763 0.656102 0.695245 0.650077 0.700694 0.637231 0.705823 0.63138 0.726356 0.621554 0.720002 0.622895 0.74588 0.626228 0.73803 0.622676 0.713487 0.625717 0.723195 0.681404 0.717043 0.682681 0.757703 0.657078 0.756711 0.640054 0.753316 0.634058 0.711043 0.676614 0.697102 0.649266 0.699757 0.642275 0.709496 0.633254 0.717453 0.678964 0.736844 0.680525 0.730481 0.681363 0.745827 0.676485 0.752217 0.670313 0.755958 0.662658 0.757411 0.649197 0.75344 0.640881 0.705671 0.671422 0.702384 0.666352 0.699811 0.65883 0.699733 0.650102 0.701244 0.645152 0.704068 0.639563 0.749288 0.635365 0.742316 0.629204 0.731899 0.626938 0.716593 0.629867 0.724297 0.626764 0.724189 0.679449 0.731668 0.679597 0.738265 0.677821 0.743957 0.674266 0.749343 0.670482 0.752574 0.665848 0.75449 0.661425 0.755888 0.654522 0.754393 0.646231 0.712183 0.675004 0.706815 0.67042 0.703073 0.664245 0.701574 0.65656 0.70158 0.650888 0.703265 0.646097 0.705216 0.640737 0.710657 0.634781 0.743019 0.63217 0.728476 0.628486 0.736929 0.629794 0.722665 0.6296 0.720202 0.67679 0.725698 0.677809 0.733426 0.67744 0.737268 0.675756 0.749083 0.668368 0.75215 0.662558 0.753272 0.656173 0.753259 0.648718 0.749845 0.640223 0.712795 0.673381 0.707228 0.668272 0.703639 0.661431 0.707183 0.642902 0.711888 0.635755 0.74476 0.635746 0.736006 0.631334 0.727336 0.630602 0.718807 0.632399 0.726257 0.675887 0.713366 0.671841 0.728092 0.672941 0.721088 0.672078 0.736194 0.671367 0.744043 0.670608 0.741767 0.668262 0.750082 0.662728 0.74798 0.659222 0.748305 0.649809 0.749363 0.642681 0.715111 0.669244 0.710268 0.665033 0.706038 0.663429 0.704413 0.656913 0.70441 0.651975 0.705744 0.64725 0.712531 0.638128 0.745841 0.643856 0.737046 0.633824 0.730807 0.632601 0.71949 0.63407 0.723732 0.67066 0.727976 0.670784 0.735945 0.669338 0.742126 0.664794 0.745682 0.659215 0.746409 0.65426 0.745886 0.649087 0.713564 0.665827 0.707697 0.659805 0.719775 0.669317 0.709452 0.660439 0.70853 0.656212 0.707689 0.653115 0.709611 0.648001 0.710664 0.644236 0.713898 0.640671 0.714329 0.642183 0.74346 0.644085 0.727785 0.636625 0.720932 0.637901 0.73767 0.637327 0.736552 0.638929 0.731193 0.637012 0.720532 0.667831 0.724701 0.668739 0.730779 0.668451 0.734866 0.667399 0.738124 0.66569 0.742076 0.66214 0.744281 0.657714 0.745066 0.653568 0.74378 0.647927 0.714973 0.664866 0.71088 0.66015 0.709751 0.655747 0.709581 0.652546 0.710978 0.649028 0.713465 0.644993 0.715464 0.643149 0.719548 0.641097 0.728242 0.638681 0.735283 0.640544 0.722297 0.640105 0.741147 0.644607 0.738883 0.664151 0.741905 0.659999 0.74319 0.655183 0.743148 0.649336 0.713489 0.648052 0.716444 0.644702 0.731372 0.641334 0.727494 0.639858 0.7274 0.665215 0.729045 0.664286 0.723627 0.66526 0.720236 0.664755 0.731477 0.664599 0.734071 0.664381 0.737777 0.661889 0.740676 0.658062 0.741267 0.65152 0.740658 0.649717 0.73949 0.648002 0.716977 0.661936 0.715366 0.661175 0.712877 0.65982 0.71305 0.656665 0.712882 0.653533 0.712843 0.651578 0.714012 0.650453 0.716358 0.647663 0.728523 0.643404 0.726175 0.642927 0.736683 0.645735 0.732609 0.644429 0.719798 0.645716 0.721454 0.644285 0.723685 0.644222 0.733675 0.662752 0.724851 0.664027 0.735302 0.661976 0.73699 0.660635 0.738448 0.659409 0.739398 0.658005 0.74107 0.654783 0.720723 0.663325 0.719159 0.662709 0.714448 0.659463 0.71354 0.658208 0.712608 0.655213 0.715049 0.649066 0.717961 0.646593 0.734561 0.644808 0.730665 0.643731 0.723225 0.6628 0.727048 0.66284 0.729802 0.663439 0.731172 0.662557 0.739836 0.656117 0.740452 0.654694 0.74032 0.653017 0.740198 0.651455 0.739286 0.650183 0.738763 0.648787 0.717451 0.66137 0.716426 0.659728 0.714922 0.659172 0.714499 0.657776 0.713577 0.656523 0.713398 0.655129 0.713382 0.65361 0.713801 0.652092 0.714478 0.650753 0.716749 0.648116 0.728244 0.644191 0.726026 0.644245 0.737622 0.647594 0.736121 0.646465 0.728775 0.661252 0.724839 0.661509 0.732463 0.660558 0.735537 0.658664 0.738736 0.654134 0.718524 0.659712 0.716092 0.657977 0.714953 0.656194 0.715099 0.652361 0.717871 0.650158 0.718972 0.648421 0.728205 0.646587 0.737311 0.64995 0.735552 0.648341 0.730235 0.645984 0.732194 0.647085 0.723701 0.646888 0.73797 0.656743 0.738669 0.651899 0.721454 0.660741 0.714963 0.653939 0.715858 0.651904 0.716352 0.650435 0.726129 0.646311 0.734724 0.648107 0.72106 0.648387 0.7264 0.657736 0.737152 0.652103 0.73326 0.657002 0.723322 0.658528 0.717926 0.657295 0.717094 0.655942 0.715916 0.655006 0.71784 0.652342 0.720492 0.651142 0.729859 0.649447 0.729924 0.658084 0.735409 0.656038 0.736772 0.654539 0.720155 0.657849 0.716669 0.653618 0.732666 0.649864 0.723377 0.65014 0.736706 0.653073 0.735966 0.652109 0.726807 0.649684 0.735048 0.650642 0.730402 0.656409 0.732664 0.655732 0.734907 0.655069 0.716629 0.654769 0.716778 0.655258 0.717103 0.65409 0.718255 0.653226 0.724107 0.65165 0.729728 0.650929 0.728303 0.655927 0.723847 0.656836 0.736099 0.654015 0.736177 0.652796 0.721255 0.656686 0.71986 0.656514 0.718206 0.656302 0.721384 0.652399 0.726876 0.651257 0.734841 0.651675 0.732584 0.651335 0.730481 0.654622 0.732499 0.654706 0.734308 0.654276 0.735173 0.653645 0.735593 0.652747 0.719832 0.655569 0.717747 0.655279 0.716876 0.654904 0.718652 0.654239 0.721926 0.65348 0.734228 0.652311 0.725706 0.655439 0.723056 0.654683 0.736134 0.653199 0.721126 0.655482 0.732442 0.652285 0.730595 0.652704 0.727754 0.652577 0.72457 0.652558 0.733728 0.653257 0.731573 0.653005 0.73563 0.653002 0.736104 0.653053 0.721271 0.653751 0.719746 0.654173 0.718334 0.654358 0.717443 0.655135 0.72086 0.654764 0.729393 0.653921 0.734863 0.652946 0.733909 0.653237 0.724893 0.654709 0.734793 0.652754 0.717307 0.654332 0.716791 0.654802 0.717955 0.655651 0.718909 0.655381 0.731996 0.653839 0.722747 0.655519 0.729316 0.651977 0.735088 0.653406 0.720756 0.655487 0.727035 0.656802 0.733454 0.653921 0.730969 0.654584 0.722869 0.652373 0.734402 0.652007 0.735698 0.65342 0.721679 0.652591 0.719483 0.652104 0.717771 0.653256 0.716417 0.654526 0.716544 0.65544 0.717415 0.65592 0.7209 0.656655 0.735199 0.653742 0.730352 0.655165 0.724005 0.656357 0.727026 0.648928 0.732407 0.651647 0.735875 0.652395 0.716979 0.655968 0.718967 0.656966 0.73484 0.654523 0.733402 0.655169 0.729238 0.656834 0.723446 0.650898 0.72558 0.648394 0.73006 0.650566 0.732052 0.649943 0.7335 0.651217 0.735453 0.652079 0.735995 0.651656 0.736368 0.653404 0.736015 0.653624 0.721029 0.65096 0.71736 0.652555 0.714646 0.654901 0.715921 0.656011 0.716981 0.656623 0.720505 0.658119 0.723468 0.658134 0.731133 0.656537 0.725921 0.657936 0.723749 0.648158 0.733655 0.650455 0.734237 0.650964 0.737177 0.652336 0.719498 0.650245 0.718502 0.651375 0.715514 0.654085 0.71897 0.657951 0.722262 0.66002 0.736349 0.65435 0.7362 0.655272 0.734246 0.655566 0.73345 0.649148 0.733796 0.649075 0.731454 0.647954 0.735081 0.650343 0.717239 0.651675 0.713817 0.655781 0.717802 0.658289 0.718881 0.659876 0.721063 0.659623 0.735662 0.65596 0.73346 0.656951 0.71976 0.64874 0.71752 0.649997 0.716956 0.650145 0.716019 0.650811 0.715227 0.65162 0.719548 0.660028 0.73074 0.660463 0.735169 0.656713 0.73479 0.656964 0.732661 0.65824 0.733279 0.6485 0.734503 0.649141 0.737471 0.653314 0.718119 0.648214 0.714254 0.658562 0.717079 0.660234 0.727916 0.661708 0.734166 0.658173 0.721304 0.645264 0.72433 0.644081 0.725816 0.645483 0.727324 0.643516 0.729924 0.643397 0.734052 0.64853 0.736092 0.649065 0.737717 0.649989 0.738325 0.65264 0.739151 0.653785 0.738694 0.655127 0.7169 0.649249 0.717262 0.645998 0.712725 0.652507 0.715738 0.660417 0.72032 0.661627 0.719099 0.660538 0.737296 0.656784 0.735722 0.657297 0.735344 0.65756 0.725 0.663248 0.732887 0.646326 0.735807 0.647997 0.714784 0.649138 0.712167 0.655816 0.718599 0.662455 0.734597 0.646686 0.738957 0.651797 0.715757 0.647285 0.72117 0.663181 0.729249 0.664848 0.734882 0.660003 0.736641 0.658807 0.718935 0.641603 0.739874 0.647815 0.739607 0.652949 0.709323 0.649947 0.711737 0.660878 0.716499 0.662778 0.718993 0.663666 0.735125 0.665916 0.737999 0.657717 0.716152 0.666802 0.723671 0.666184 0.732386 0.638883 0.736512 0.644338 0.741402 0.652325 0.741456 0.654572 0.713007 0.644532 0.708557 0.656241 0.710357 0.662633 0.723837 0.67043 0.743082 0.657182 0.73807 0.660614 0.704965 0.658654 0.732158 0.668277 0.726081 0.637203 0.722732 0.636192 0.728312 0.635929 0.740271 0.64393 0.742631 0.647388 0.743883 0.652301 0.708417 0.64385 0.71648 0.638439 0.705525 0.650703 0.709594 0.665921 0.715779 0.670267 0.741589 0.66101 0.738993 0.663452 0.736861 0.64064 0.71289 0.637114 0.723345 0.627827 0.734617 0.632829 0.748412 0.650118 0.747066 0.654854 0.707205 0.636333 0.705851 0.64149 0.702043 0.646917 0.700523 0.654693 0.705265 0.666397 0.729039 0.673565 0.733397 0.671178 0.745446 0.659168 0.723654 0.67423 0.738645 0.63796 0.741469 0.641458 0.74499 0.644742 0.700758 0.650771 0.700009 0.657294 0.701596 0.660547 0.708416 0.672664 0.71388 0.674663 0.719369 0.675098 0.737538 0.668033 0.743699 0.662425 0.741634 0.666444 0.717708 0.625508 0.730353 0.629752 0.707776 0.627953 0.70137 0.642413 0.742937 0.671398 0.741211 0.673288 0.721756 0.677884 0.72544 0.67819 0.727124 0.676911 0.740992 0.634711 0.742928 0.636625 0.752841 0.635777 0.677953 0.64798 0.696872 0.663796 0.714966 0.688628 0.739178 0.631624 0.749465 0.64247 0.685782 0.628107 0.681967 0.64376 0.753203 0.664582 0.747466 0.671148 0.749539 0.667004 0.737304 0.614995 0.745902 0.633392 0.748534 0.635458 0.755845 0.659538 0.755172 0.655312 0.684696 0.621906 0.6891 0.639341 0.6809 0.657977 0.683784 0.672211 0.709588 0.693144 0.737475 0.6785 0.738842 0.623878 0.762105 0.632351 0.668033 0.624221 0.671668 0.680896 0.735682 0.685672 0.745293 0.629285 0.677861 0.653716 0.755587 0.668334 0.751058 0.631188 0.67366 0.663846 0.67377 0.668458 0.74915 0.678548 0.743065 0.681738 0.745956 0.622572 0.743422 0.617483 0.762192 0.661069 0.71219 0.594987 0.759438 0.664007 0.750306 0.624208 0.662748 0.629611 0.664469 0.655882 0.759896 0.673152 0.757327 0.631846 0.670387 0.611955 0.669736 0.643126 0.663 0.650096 0.667746 0.660511 0.71626 0.705617 0.751352 0.685696 0.746688 0.694539 0.764297 0.665149 0.754261 0.613842 0.757641 0.626235 0.622509 0.623361 0.746663 0.707454 0.743697 0.698223 0.573242 0.598199 0.630245 0.252736 0.63527 0.262111 0.607586 0.285012 0.621964 0.278973 0.652817 0.194606 0.639463 0.19385 0.625321 0.16775 0.64019 0.175014 0.749313 0.194299 0.869581 0.171597 0.761547 0.205313 0.797305 0.209064 0.611803 0.179612 0.638723 0.197844 0.606445 0.183414 0.625238 0.20317 0.637127 0.272058 0.65497 0.283104 0.663112 0.286277 0.651267 0.30882 0.663282 0.300253 0.751016 0.216851 0.812621 0.219927 0.644497 0.271968 0.650195 0.278809 0.639217 0.279641 0.64453 0.288908 0.67874 0.311459 0.674867 0.289883 0.68378 0.290006 0.694474 0.284195 0.694578 0.178772 0.713657 0.157227 0.701364 0.175742 0.713452 0.167522 0.632101 0.22537 0.622838 0.212005 0.637808 0.217523 0.625935 0.240533 0.636595 0.248929 0.622426 0.249217 0.642923 0.255842 0.649903 0.183998 0.642279 0.171077 0.665328 0.19733 0.652226 0.178404 0.671929 0.282862 0.644315 0.208158 0.640285 0.228929 0.618817 0.2319 0.638548 0.238537 0.652069 0.258028 0.719349 0.170836 0.728544 0.171863 0.71405 0.184814 0.739317 0.171396 0.731327 0.23217 0.768758 0.236001 0.846162 0.241084 0.741379 0.248483 0.656857 0.265341 0.842234 0.249464 0.709841 0.257461 0.647904 0.201551 0.689475 0.205964 0.715506 0.192348 0.744766 0.177983 0.678835 0.275115 0.688416 0.277639 0.666017 0.271733 0.710515 0.205691 0.762658 0.175922 0.65051 0.241426 0.664225 0.199717 0.704704 0.280987 0.701989 0.262238 0.652364 0.221462 0.645536 0.231097 0.64704 0.247493 0.715275 0.210951 0.685153 0.206887 0.66973 0.265003 0.717461 0.222315 0.675792 0.265403 0.684218 0.266381 0.658684 0.249124 0.66093 0.201422 0.673439 0.204438 0.676697 0.200874 0.704139 0.237898 0.711884 0.245583 0.664937 0.254185 0.666772 0.260102 0.659245 0.209014 0.656423 0.227238 0.652401 0.233867 0.653936 0.240984 0.6584 0.24438 0.704064 0.227176 0.676513 0.254519 0.689934 0.25509 0.657705 0.216779 0.676752 0.210198 0.687465 0.213484 0.697817 0.219602 0.698554 0.223992 0.679606 0.255219 0.688194 0.218127 0.670694 0.250955 0.699027 0.245576 0.69987 0.239352 0.695754 0.250545 0.683441 0.250217 0.661895 0.245081 0.662746 0.250344 0.661859 0.239616 0.666076 0.210214 0.67239 0.216422 0.663906 0.216047 0.658888 0.223058 0.695019 0.228813 0.66824 0.245535 0.674866 0.246708 0.691817 0.245416 0.687521 0.246047 0.659004 0.232187 0.665792 0.244431 0.673578 0.211558 0.693602 0.225866 0.696661 0.233426 0.677456 0.247692 0.690405 0.240213 0.663196 0.220084 0.661793 0.225043 0.665386 0.241144 0.667972 0.214391 0.692113 0.223412 0.686373 0.231521 0.689088 0.233827 0.671192 0.245288 0.686091 0.240827 0.660824 0.22912 0.660748 0.235915 0.681 0.217889 0.685734 0.235012 0.675536 0.243897 0.669287 0.223658 0.685285 0.22379 0.687682 0.226648 0.670629 0.242555 0.682877 0.2425 0.680549 0.238161 0.680039 0.244307 0.674914 0.216378 0.677231 0.220446 0.662087 0.232383 0.664786 0.233806 0.664269 0.238176 0.667782 0.24016 0.670971 0.221172 0.675713 0.221309 0.673913 0.242664 0.662638 0.227908 0.681256 0.221917 0.683444 0.225657 0.685615 0.229545 0.686063 0.233221 0.6782 0.241204 0.664674 0.226375 0.664493 0.230749 0.666333 0.229232 0.666988 0.238774 0.673347 0.221089 0.678902 0.222029 0.682922 0.235409 0.667853 0.224882 0.667981 0.226632 0.664141 0.232613 0.66657 0.23625 0.680635 0.224524 0.68341 0.229504 0.681901 0.232737 0.681755 0.231504 0.670851 0.239219 0.671981 0.240544 0.67478 0.240203 0.679956 0.23632 0.677167 0.238659 0.668727 0.23824 0.681671 0.227071 0.681398 0.230021 0.673568 0.240215 0.666163 0.232689 0.672866 0.239025 0.675201 0.237901 0.666906 0.227754 0.667075 0.233928 0.669091 0.236187 0.672872 0.2252 0.676533 0.226055 0.677576 0.226305 0.679174 0.226991 0.670491 0.236896 0.679174 0.235007 0.678733 0.237009 0.669001 0.226904 0.669321 0.225127 0.676048 0.228721 0.672504 0.237077 0.674018 0.236891 0.677075 0.237652 0.677265 0.23617 0.66688 0.231269 0.668072 0.234421 0.671259 0.227141 0.671692 0.226183 0.67466 0.225202 0.678392 0.230395 0.676794 0.232904 0.677001 0.235119 0.678521 0.235627 0.676248 0.236246 0.667698 0.229217 0.669851 0.235451 0.677135 0.234347 0.675175 0.236509 0.670309 0.227526 0.668387 0.22825 0.667569 0.232506 0.677091 0.231638 0.671149 0.23597 0.673384 0.235654 0.667943 0.231128 0.668346 0.233025 0.669042 0.233584 0.669814 0.234403 0.672232 0.227244 0.676396 0.22924 0.675454 0.234986 0.669292 0.229202 0.668226 0.230896 0.6738 0.227031 0.676384 0.230304 0.671026 0.234832 0.672009 0.235105 0.675895 0.234396 0.674996 0.235244 0.669852 0.228206 0.668637 0.232797 0.671875 0.227297 0.674667 0.22784 0.67513 0.234712 0.675155 0.233754 0.676066 0.233177 0.674236 0.235048 0.670428 0.227906 0.668609 0.23115 0.668874 0.232663 0.669411 0.233474 0.673165 0.227745 0.675387 0.229196 0.676316 0.23159 0.673061 0.235175 0.674341 0.234511 0.670094 0.229844 0.669504 0.231438 0.669783 0.232578 0.670842 0.233694 0.671418 0.228748 0.670824 0.229159 0.672689 0.229011 0.674027 0.228911 0.673491 0.229711 0.674358 0.230511 0.674729 0.231727 0.672361 0.232081 0.675036 0.232828 0.672655 0.233203 0.673569 0.234248 0.672152 0.234116 0.669994 0.231513 0.670776 0.230442 0.671762 0.230489 0.669509 0.232288 0.672862 0.231082 0.670292 0.232623 0.671234 0.233173"/>
   </IndexedFaceSet>
  </Shape>
 </Scene>
</X3D>
